cliente_id,idade,regiao,canalCompra,formaPagamento,modeloVeiculo,historicoMarca,perfil
SYN00000,48.0,PR,ONLINE,VISTA,MAVERICK,PRIMEIRA_COMPRA,ECONOMICO
SYN00001,29.0,MG,CONCESSIONARIA,VISTA,RANGER,RECOMPRA,ECONOMICO
SYN00002,55.0,SP,CONCESSIONARIA,VISTA,TERRITORY,RECOMPRA,ECONOMICO
SYN00003,57.0,RS,CONCESSIONARIA,CONSORCIO,MUSTANG,RECOMPRA,ESQUECIDO
SYN00004,18.0,MG,CONCESSIONARIA,VISTA,MAVERICK,RECOMPRA,FIEL
SYN00005,26.0,PR,REVENDEDOR,VISTA,MAVERICK,PRIMEIRA_COMPRA,FIEL
SYN00006,46.0,  pe  ,REVENDEDOR,FINANCIAMENTO,  ranger  ,PRIMEIRA_COMPRA,ESQUECIDO
SYN00007,40.0,PR,CONCESSIONARIA,FINANCIAMENTO,MUSTANG,PRIMEIRA_COMPRA,ESQUECIDO
SYN00008,44.0,PR,REVENDEDOR,VISTA,RANGER,PRIMEIRA_COMPRA,ESQUECIDO
SYN00009,32.0,SP,ONLINE,FINANCIAMENTO,MAVERICK,PRIMEIRA_COMPRA,ABANDONO
SYN00010,56.0,BA,ONLINE,VISTA,MAVERICK,RECOMPRA,ECONOMICO
SYN00011,55.0,RS,REVENDEDOR,CONSORCIO,BRONCO,  recompra  ,FIEL
SYN00012,45.0,SP,ONLINE,FINANCIAMENTO,MUSTANG,PRIMEIRA_COMPRA,ESQUECIDO
SYN00013,60.0,RJ,CONCESSIONARIA,  financiamento  ,MUSTANG,RECOMPRA,ECONOMICO
SYN00014,51.0,PE,CONCESSIONARIA,VISTA,RANGER,PRIMEIRA_COMPRA,ABANDONO
SYN00015,32.0,GO,CONCESSIONARIA,FINANCIAMENTO,MUSTANG,PRIMEIRA_COMPRA,ECONOMICO
SYN00016,49.0,PR,REVENDEDOR,VISTA,TERRITORY,PRIMEIRA_COMPRA,ESQUECIDO
SYN00017,31.0,GO,ONLINE,VISTA,MAVERICK,  primeira_compra  ,ECONOMICO
SYN00018,56.0,RJ,CONCESSIONARIA,FINANCIAMENTO,MUSTANG,PRIMEIRA_COMPRA,ECONOMICO
SYN00019,43.0,MG,CONCESSIONARIA,VISTA,BRONCO,PRIMEIRA_COMPRA,ABANDONO
SYN00020,41.0,GO,,VISTA,MUSTANG,PRIMEIRA_COMPRA,ABANDONO
SYN00021,34.0,RJ,CONCESSIONARIA,FINANCIAMENTO,MUSTANG,PRIMEIRA_COMPRA,ECONOMICO
SYN00022,61.0,BA,ONLINE,FINANCIAMENTO,BRONCO,RECOMPRA,ESQUECIDO
SYN00023,42.0,RJ,ONLINE,FINANCIAMENTO,RANGER,PRIMEIRA_COMPRA,ECONOMICO
SYN00024,38.0,MG,CONCESSIONARIA,CONSORCIO,BRONCO,RECOMPRA,FIEL
SYN00025,39.0,RS,CONCESSIONARIA,FINANCIAMENTO,MUSTANG,PRIMEIRA_COMPRA,FIEL
SYN00026,51.0,MG,CONCESSIONARIA,FINANCIAMENTO,TERRITORY,PRIMEIRA_COMPRA,ESQUECIDO
SYN00027,49.0,PE,CONCESSIONARIA,FINANCIAMENTO,MUSTANG,PRIMEIRA_COMPRA,ECONOMICO
SYN00028,50.0,GO,ONLINE,FINANCIAMENTO,RANGER,RECOMPRA,FIEL
SYN00029,50.0,,REVENDEDOR,FINANCIAMENTO,MAVERICK,PRIMEIRA_COMPRA,ABANDONO
SYN00030,74.0,PR,CONCESSIONARIA,VISTA,MAVERICK,PRIMEIRA_COMPRA,FIEL
SYN00031,38.0,,ONLINE,FINANCIAMENTO,RANGER,RECOMPRA,ABANDONO
SYN00032,37.0,RJ,CONCESSIONARIA,VISTA,BRONCO,RECOMPRA,FIEL
SYN00033,33.0,SP,CONCESSIONARIA,FINANCIAMENTO,RANGER,RECOMPRA,ECONOMICO
SYN00034,53.0,PE,ONLINE,FINANCIAMENTO,TERRITORY,RECOMPRA,FIEL
SYN00035,60.0,RJ,ONLINE,FINANCIAMENTO,MUSTANG,PRIMEIRA_COMPRA,ABANDONO
SYN00036,42.0,MG,ONLINE,VISTA,RANGER,RECOMPRA,FIEL
SYN00037,32.0,PE,CONCESSIONARIA,CONSORCIO,MUSTANG,PRIMEIRA_COMPRA,FIEL
SYN00038,32.0,BA,ONLINE,FINANCIAMENTO,MAVERICK,RECOMPRA,ECONOMICO
SYN00039,53.0,PR,CONCESSIONARIA,CONSORCIO,MAVERICK,PRIMEIRA_COMPRA,ECONOMICO
SYN00040,54.0,SP,REVENDEDOR,FINANCIAMENTO,TERRITORY,PRIMEIRA_COMPRA,ECONOMICO
SYN00041,52.0,PR,ONLINE,VISTA,MUSTANG,PRIMEIRA_COMPRA,ECONOMICO
SYN00042,35.0,PR,REVENDEDOR,VISTA,TERRITORY,RECOMPRA,FIEL
SYN00043,47.0,MG,,FINANCIAMENTO,BRONCO,PRIMEIRA_COMPRA,ECONOMICO
SYN00044,46.0,BA,CONCESSIONARIA,FINANCIAMENTO,RANGER,RECOMPRA,FIEL
SYN00045,47.0,GO,ONLINE,FINANCIAMENTO,  mustang  ,PRIMEIRA_COMPRA,ECONOMICO
SYN00046,56.0,MG,CONCESSIONARIA,VISTA,MAVERICK,PRIMEIRA_COMPRA,ESQUECIDO
SYN00047,47.0,MG,ONLINE,FINANCIAMENTO,,PRIMEIRA_COMPRA,ABANDONO
SYN00048,54.0,MG,ONLINE,CONSORCIO,MAVERICK,PRIMEIRA_COMPRA,ABANDONO
SYN00049,45.0,PE,REVENDEDOR,FINANCIAMENTO,,RECOMPRA,FIEL
SYN00050,48.0,SP,CONCESSIONARIA,CONSORCIO,BRONCO,RECOMPRA,FIEL
SYN00051,53.0,GO,REVENDEDOR,FINANCIAMENTO,BRONCO,RECOMPRA,ABANDONO
SYN00052,24.0,PE,CONCESSIONARIA,VISTA,MUSTANG,PRIMEIRA_COMPRA,ECONOMICO
SYN00053,40.0,RS,CONCESSIONARIA,FINANCIAMENTO,TERRITORY,PRIMEIRA_COMPRA,FIEL
SYN00054,37.0,PR,ONLINE,FINANCIAMENTO,RANGER,RECOMPRA,ESQUECIDO
SYN00055,35.0,GO,CONCESSIONARIA,FINANCIAMENTO,BRONCO,  recompra  ,ABANDONO
SYN00056,40.0,PE,REVENDEDOR,VISTA,MUSTANG,RECOMPRA,FIEL
SYN00057,65.0,MG,REVENDEDOR,FINANCIAMENTO,MAVERICK,PRIMEIRA_COMPRA,ABANDONO
SYN00058,250.0,SP,REVENDEDOR,VISTA,RANGER,RECOMPRA,FIEL
SYN00059,58.0,BA,REVENDEDOR,CONSORCIO,RANGER,PRIMEIRA_COMPRA,ESQUECIDO
SYN00060,20.0,RJ,ONLINE,FINANCIAMENTO,MAVERICK,RECOMPRA,FIEL
SYN00061,39.0,SP,  concessionaria  ,FINANCIAMENTO,MAVERICK,RECOMPRA,FIEL
SYN00062,46.0,GO,REVENDEDOR,FINANCIAMENTO,BRONCO,RECOMPRA,FIEL
SYN00063,52.0,RS,CONCESSIONARIA,FINANCIAMENTO,RANGER,PRIMEIRA_COMPRA,ECONOMICO
SYN00064,54.0,BA,REVENDEDOR,FINANCIAMENTO,TERRITORY,RECOMPRA,ECONOMICO
SYN00065,55.0,RJ,CONCESSIONARIA,VISTA,MUSTANG,PRIMEIRA_COMPRA,FIEL
SYN00066,39.0,SP,ONLINE,FINANCIAMENTO,RANGER,PRIMEIRA_COMPRA,ECONOMICO
SYN00067,38.0,SP,CONCESSIONARIA,FINANCIAMENTO,TERRITORY,RECOMPRA,ECONOMICO
SYN00068,56.0,MG,CONCESSIONARIA,VISTA,BRONCO,PRIMEIRA_COMPRA,FIEL
SYN00069,41.0,SP,CONCESSIONARIA,FINANCIAMENTO,MAVERICK,PRIMEIRA_COMPRA,FIEL
SYN00070,26.0,RS,CONCESSIONARIA,VISTA,MUSTANG,RECOMPRA,FIEL
SYN00071,28.0,MG,CONCESSIONARIA,CONSORCIO,BRONCO,RECOMPRA,FIEL
SYN00072,31.0,PR,CONCESSIONARIA,FINANCIAMENTO,BRONCO,PRIMEIRA_COMPRA,ECONOMICO
SYN00073,51.0,PR,CONCESSIONARIA,VISTA,TERRITORY,PRIMEIRA_COMPRA,ECONOMICO
SYN00074,46.0,MG,ONLINE,CONSORCIO,RANGER,RECOMPRA,ABANDONO
SYN00075,54.0,RS,CONCESSIONARIA,VISTA,TERRITORY,PRIMEIRA_COMPRA,FIEL
SYN00076,38.0,SP,REVENDEDOR,VISTA,TERRITORY,PRIMEIRA_COMPRA,ECONOMICO
SYN00077,46.0,MG,,VISTA,RANGER,PRIMEIRA_COMPRA,FIEL
SYN00078,53.0,GO,ONLINE,VISTA,MAVERICK,RECOMPRA,FIEL
SYN00079,40.0,GO,CONCESSIONARIA,,TERRITORY,PRIMEIRA_COMPRA,FIEL
SYN00080,50.0,  rs  ,ONLINE,,BRONCO,PRIMEIRA_COMPRA,ECONOMICO
SYN00081,35.0,GO,ONLINE,VISTA,TERRITORY,,ESQUECIDO
SYN00082,39.0,PR,ONLINE,VISTA,BRONCO,RECOMPRA,ABANDONO
SYN00083,39.0,RJ,CONCESSIONARIA,FINANCIAMENTO,RANGER,,ECONOMICO
SYN00084,27.0,PE,ONLINE,CONSORCIO,MAVERICK,RECOMPRA,FIEL
SYN00085,51.0,RS,CONCESSIONARIA,FINANCIAMENTO,MAVERICK,RECOMPRA,FIEL
SYN00086,37.0,PR,CONCESSIONARIA,FINANCIAMENTO,TERRITORY,PRIMEIRA_COMPRA,ECONOMICO
SYN00087,44.0,BA,CONCESSIONARIA,FINANCIAMENTO,TERRITORY,PRIMEIRA_COMPRA,ECONOMICO
SYN00088,51.0,MG,ONLINE,  financiamento  ,MAVERICK,PRIMEIRA_COMPRA,ESQUECIDO
SYN00089,50.0,BA,CONCESSIONARIA,VISTA,TERRITORY,RECOMPRA,FIEL
SYN00090,,PR,ONLINE,FINANCIAMENTO,RANGER,RECOMPRA,ECONOMICO
SYN00091,43.0,MG,CONCESSIONARIA,  vista  ,TERRITORY,PRIMEIRA_COMPRA,ABANDONO
SYN00092,38.0,MG,CONCESSIONARIA,VISTA,MUSTANG,RECOMPRA,FIEL
SYN00093,43.0,BA,CONCESSIONARIA,FINANCIAMENTO,BRONCO,RECOMPRA,FIEL
SYN00094,20.0,RJ,CONCESSIONARIA,FINANCIAMENTO,TERRITORY,PRIMEIRA_COMPRA,FIEL
SYN00095,24.0,SP,ONLINE,VISTA,BRONCO,RECOMPRA,ABANDONO
SYN00096,25.0,GO,REVENDEDOR,VISTA,TERRITORY,RECOMPRA,ABANDONO
SYN00097,30.0,MG,ONLINE,FINANCIAMENTO,MAVERICK,RECOMPRA,FIEL
SYN00098,50.0,BA,CONCESSIONARIA,FINANCIAMENTO,BRONCO,RECOMPRA,FIEL
SYN00099,31.0,BA,CONCESSIONARIA,FINANCIAMENTO,BRONCO,PRIMEIRA_COMPRA,ESQUECIDO
SYN00100,39.0,PE,REVENDEDOR,FINANCIAMENTO,BRONCO,RECOMPRA,ABANDONO
SYN00101,62.0,BA,CONCESSIONARIA,FINANCIAMENTO,  bronco  ,PRIMEIRA_COMPRA,ABANDONO
SYN00102,39.0,BA,CONCESSIONARIA,CONSORCIO,BRONCO,RECOMPRA,FIEL
SYN00103,54.0,PE,REVENDEDOR,FINANCIAMENTO,TERRITORY,RECOMPRA,ECONOMICO
SYN00104,31.0,GO,CONCESSIONARIA,FINANCIAMENTO,MUSTANG,RECOMPRA,ECONOMICO
SYN00105,41.0,SP,CONCESSIONARIA,CONSORCIO,TERRITORY,RECOMPRA,FIEL
SYN00106,31.0,BA,CONCESSIONARIA,VISTA,MUSTANG,RECOMPRA,ABANDONO
SYN00107,39.0,RJ,ONLINE,FINANCIAMENTO,MAVERICK,PRIMEIRA_COMPRA,ECONOMICO
SYN00108,56.0,GO,CONCESSIONARIA,VISTA,BRONCO,PRIMEIRA_COMPRA,FIEL
SYN00109,20.0,SP,ONLINE,CONSORCIO,TERRITORY,PRIMEIRA_COMPRA,ECONOMICO
SYN00110,0.0,RJ,CONCESSIONARIA,FINANCIAMENTO,BRONCO,RECOMPRA,FIEL
SYN00111,47.0,RJ,CONCESSIONARIA,FINANCIAMENTO,MUSTANG,PRIMEIRA_COMPRA,ESQUECIDO
SYN00112,36.0,PR,CONCESSIONARIA,CONSORCIO,RANGER,PRIMEIRA_COMPRA,ESQUECIDO
SYN00113,24.0,SP,REVENDEDOR,VISTA,BRONCO,PRIMEIRA_COMPRA,ABANDONO
SYN00114,45.0,SP,CONCESSIONARIA,CONSORCIO,MAVERICK,PRIMEIRA_COMPRA,ECONOMICO
SYN00115,37.0,PR,ONLINE,FINANCIAMENTO,MAVERICK,PRIMEIRA_COMPRA,ECONOMICO
SYN00116,47.0,GO,CONCESSIONARIA,CONSORCIO,RANGER,RECOMPRA,FIEL
SYN00117,44.0,PR,CONCESSIONARIA,FINANCIAMENTO,BRONCO,RECOMPRA,ABANDONO
SYN00118,66.0,RS,CONCESSIONARIA,VISTA,RANGER,PRIMEIRA_COMPRA,ECONOMICO
SYN00119,41.0,,ONLINE,CONSORCIO,MUSTANG,RECOMPRA,ECONOMICO
SYN00120,30.0,PR,CONCESSIONARIA,FINANCIAMENTO,TERRITORY,PRIMEIRA_COMPRA,ECONOMICO
SYN00121,47.0,RS,REVENDEDOR,FINANCIAMENTO,BRONCO,PRIMEIRA_COMPRA,ABANDONO
SYN00122,47.0,PR,REVENDEDOR,VISTA,MUSTANG,PRIMEIRA_COMPRA,ABANDONO
SYN00123,63.0,SP,ONLINE,CONSORCIO,BRONCO,RECOMPRA,FIEL
SYN00124,56.0,RJ,ONLINE,FINANCIAMENTO,RANGER,PRIMEIRA_COMPRA,ECONOMICO
SYN00125,49.0,BA,ONLINE,CONSORCIO,MUSTANG,PRIMEIRA_COMPRA,ECONOMICO
SYN00126,64.0,MG,ONLINE,FINANCIAMENTO,MAVERICK,PRIMEIRA_COMPRA,ECONOMICO
SYN00127,27.0,SP,CONCESSIONARIA,FINANCIAMENTO,MAVERICK,PRIMEIRA_COMPRA,FIEL
SYN00128,35.0,SP,REVENDEDOR,FINANCIAMENTO,RANGER,PRIMEIRA_COMPRA,ECONOMICO
SYN00129,31.0,PE,REVENDEDOR,CONSORCIO,BRONCO,PRIMEIRA_COMPRA,ECONOMICO
SYN00130,39.0,MG,CONCESSIONARIA,FINANCIAMENTO,BRONCO,RECOMPRA,ESQUECIDO
SYN00131,25.0,SP,REVENDEDOR,VISTA,TERRITORY,PRIMEIRA_COMPRA,ECONOMICO
SYN00132,53.0,BA,REVENDEDOR,,BRONCO,PRIMEIRA_COMPRA,ABANDONO
SYN00133,41.0,PR,CONCESSIONARIA,CONSORCIO,TERRITORY,PRIMEIRA_COMPRA,ABANDONO
SYN00134,23.0,RS,REVENDEDOR,VISTA,BRONCO,PRIMEIRA_COMPRA,FIEL
SYN00135,30.0,GO,CONCESSIONARIA,FINANCIAMENTO,MUSTANG,RECOMPRA,FIEL
SYN00136,48.0,MG,CONCESSIONARIA,FINANCIAMENTO,MAVERICK,PRIMEIRA_COMPRA,FIEL
SYN00137,56.0,PR,CONCESSIONARIA,FINANCIAMENTO,TERRITORY,  primeira_compra  ,ECONOMICO
SYN00138,72.0,BA,ONLINE,FINANCIAMENTO,TERRITORY,RECOMPRA,FIEL
SYN00139,,PR,CONCESSIONARIA,CONSORCIO,RANGER,RECOMPRA,FIEL
SYN00140,50.0,RJ,REVENDEDOR,VISTA,TERRITORY,PRIMEIRA_COMPRA,FIEL
SYN00141,30.0,BA,CONCESSIONARIA,FINANCIAMENTO,RANGER,PRIMEIRA_COMPRA,ECONOMICO
SYN00142,18.0,BA,CONCESSIONARIA,VISTA,RANGER,RECOMPRA,ECONOMICO
SYN00143,48.0,SP,ONLINE,FINANCIAMENTO,MUSTANG,RECOMPRA,FIEL
SYN00144,33.0,RJ,CONCESSIONARIA,FINANCIAMENTO,MUSTANG,RECOMPRA,ECONOMICO
SYN00145,38.0,BA,ONLINE,FINANCIAMENTO,BRONCO,PRIMEIRA_COMPRA,ECONOMICO
SYN00146,35.0,SP,CONCESSIONARIA,FINANCIAMENTO,MAVERICK,RECOMPRA,ECONOMICO
SYN00147,42.0,GO,REVENDEDOR,VISTA,BRONCO,PRIMEIRA_COMPRA,ESQUECIDO
SYN00148,59.0,SP,ONLINE,,MAVERICK,PRIMEIRA_COMPRA,ECONOMICO
SYN00149,46.0,GO,CONCESSIONARIA,VISTA,MUSTANG,RECOMPRA,ECONOMICO
SYN00150,42.0,BA,CONCESSIONARIA,FINANCIAMENTO,RANGER,RECOMPRA,FIEL
SYN00151,30.0,RS,CONCESSIONARIA,VISTA,TERRITORY,PRIMEIRA_COMPRA,ECONOMICO
SYN00152,21.0,MG,REVENDEDOR,FINANCIAMENTO,RANGER,PRIMEIRA_COMPRA,ABANDONO
SYN00153,37.0,MG,ONLINE,FINANCIAMENTO,MAVERICK,RECOMPRA,FIEL
SYN00154,43.0,BA,CONCESSIONARIA,FINANCIAMENTO,MUSTANG,PRIMEIRA_COMPRA,ECONOMICO
SYN00155,69.0,PE,CONCESSIONARIA,FINANCIAMENTO,MAVERICK,PRIMEIRA_COMPRA,ECONOMICO
SYN00156,46.0,RJ,REVENDEDOR,FINANCIAMENTO,MAVERICK,PRIMEIRA_COMPRA,ECONOMICO
SYN00157,58.0,PR,CONCESSIONARIA,FINANCIAMENTO,BRONCO,PRIMEIRA_COMPRA,ECONOMICO
SYN00158,37.0,GO,ONLINE,VISTA,RANGER,RECOMPRA,ESQUECIDO
SYN00159,27.0,MG,ONLINE,FINANCIAMENTO,MAVERICK,PRIMEIRA_COMPRA,ESQUECIDO
SYN00160,30.0,BA,CONCESSIONARIA,VISTA,MUSTANG,PRIMEIRA_COMPRA,ECONOMICO
SYN00161,34.0,RJ,ONLINE,VISTA,MUSTANG,RECOMPRA,FIEL
SYN00162,74.0,PE,CONCESSIONARIA,VISTA,  territory  ,PRIMEIRA_COMPRA,FIEL
SYN00163,33.0,RJ,CONCESSIONARIA,VISTA,TERRITORY,PRIMEIRA_COMPRA,ABANDONO
SYN00164,56.0,MG,REVENDEDOR,FINANCIAMENTO,MAVERICK,PRIMEIRA_COMPRA,ECONOMICO
SYN00165,31.0,RS,ONLINE,VISTA,RANGER,RECOMPRA,ABANDONO
SYN00166,57.0,MG,REVENDEDOR,VISTA,RANGER,RECOMPRA,ESQUECIDO
SYN00167,49.0,RJ,ONLINE,VISTA,MUSTANG,RECOMPRA,FIEL
SYN00168,42.0,BA,CONCESSIONARIA,FINANCIAMENTO,MUSTANG,PRIMEIRA_COMPRA,ECONOMICO
SYN00169,43.0,SP,ONLINE,VISTA,BRONCO,RECOMPRA,ABANDONO
SYN00170,35.0,GO,ONLINE,FINANCIAMENTO,BRONCO,PRIMEIRA_COMPRA,ECONOMICO
SYN00171,50.0,SP,CONCESSIONARIA,FINANCIAMENTO,BRONCO,PRIMEIRA_COMPRA,ABANDONO
SYN00172,38.0,MG,CONCESSIONARIA,FINANCIAMENTO,RANGER,  primeira_compra  ,ECONOMICO
SYN00173,27.0,GO,ONLINE,FINANCIAMENTO,TERRITORY,PRIMEIRA_COMPRA,ECONOMICO
SYN00174,26.0,RJ,ONLINE,VISTA,TERRITORY,PRIMEIRA_COMPRA,ABANDONO
SYN00175,46.0,SP,CONCESSIONARIA,CONSORCIO,MUSTANG,PRIMEIRA_COMPRA,FIEL
SYN00176,66.0,BA,REVENDEDOR,FINANCIAMENTO,BRONCO,RECOMPRA,FIEL
SYN00177,46.0,SP,CONCESSIONARIA,VISTA,MAVERICK,  recompra  ,FIEL
SYN00178,42.0,GO,CONCESSIONARIA,VISTA,RANGER,PRIMEIRA_COMPRA,ABANDONO
SYN00179,48.0,RS,CONCESSIONARIA,CONSORCIO,MUSTANG,RECOMPRA,ESQUECIDO
SYN00180,62.0,PE,REVENDEDOR,VISTA,MUSTANG,RECOMPRA,ABANDONO
SYN00181,47.0,RJ,CONCESSIONARIA,FINANCIAMENTO,BRONCO,  primeira_compra  ,ECONOMICO
SYN00182,38.0,RJ,CONCESSIONARIA,FINANCIAMENTO,TERRITORY,RECOMPRA,FIEL
SYN00183,,GO,CONCESSIONARIA,VISTA,MUSTANG,RECOMPRA,FIEL
SYN00184,50.0,PE,ONLINE,FINANCIAMENTO,MUSTANG,PRIMEIRA_COMPRA,ECONOMICO
SYN00185,66.0,GO,ONLINE,CONSORCIO,BRONCO,PRIMEIRA_COMPRA,ESQUECIDO
SYN00186,47.0,MG,CONCESSIONARIA,CONSORCIO,TERRITORY,,ESQUECIDO
SYN00187,27.0,RS,REVENDEDOR,CONSORCIO,MAVERICK,RECOMPRA,ESQUECIDO
SYN00188,25.0,PR,CONCESSIONARIA,FINANCIAMENTO,TERRITORY,PRIMEIRA_COMPRA,ECONOMICO
SYN00189,67.0,RS,CONCESSIONARIA,VISTA,MAVERICK,PRIMEIRA_COMPRA,ECONOMICO
SYN00190,68.0,RJ,ONLINE,VISTA,MUSTANG,PRIMEIRA_COMPRA,ESQUECIDO
SYN00191,41.0,RS,ONLINE,FINANCIAMENTO,BRONCO,PRIMEIRA_COMPRA,ABANDONO
SYN00192,39.0,PR,CONCESSIONARIA,FINANCIAMENTO,RANGER,PRIMEIRA_COMPRA,FIEL
SYN00193,64.0,SP,ONLINE,  financiamento  ,BRONCO,RECOMPRA,ESQUECIDO
SYN00194,29.0,MG,CONCESSIONARIA,FINANCIAMENTO,MUSTANG,PRIMEIRA_COMPRA,ABANDONO
SYN00195,31.0,MG,ONLINE,CONSORCIO,TERRITORY,RECOMPRA,FIEL
SYN00196,150.0,SP,ONLINE,CONSORCIO,MUSTANG,PRIMEIRA_COMPRA,FIEL
SYN00197,38.0,  sp  ,REVENDEDOR,FINANCIAMENTO,TERRITORY,PRIMEIRA_COMPRA,ECONOMICO
SYN00198,44.0,RS,CONCESSIONARIA,VISTA,MAVERICK,PRIMEIRA_COMPRA,FIEL
SYN00199,42.0,SP,ONLINE,FINANCIAMENTO,MAVERICK,PRIMEIRA_COMPRA,ECONOMICO
SYN00200,49.0,MG,ONLINE,FINANCIAMENTO,RANGER,RECOMPRA,ECONOMICO
SYN00201,64.0,PR,CONCESSIONARIA,FINANCIAMENTO,RANGER,RECOMPRA,ESQUECIDO
SYN00202,45.0,PE,CONCESSIONARIA,VISTA,MUSTANG,PRIMEIRA_COMPRA,FIEL
SYN00203,53.0,SP,REVENDEDOR,VISTA,MAVERICK,RECOMPRA,ESQUECIDO
SYN00204,18.0,RS,CONCESSIONARIA,CONSORCIO,MAVERICK,RECOMPRA,ESQUECIDO
SYN00205,43.0,SP,ONLINE,CONSORCIO,TERRITORY,PRIMEIRA_COMPRA,ABANDONO
SYN00206,32.0,RS,CONCESSIONARIA,FINANCIAMENTO,RANGER,PRIMEIRA_COMPRA,ECONOMICO
SYN00207,27.0,RS,REVENDEDOR,VISTA,TERRITORY,RECOMPRA,FIEL
SYN00208,,PE,CONCESSIONARIA,FINANCIAMENTO,BRONCO,RECOMPRA,ECONOMICO
SYN00209,39.0,RS,REVENDEDOR,FINANCIAMENTO,MAVERICK,PRIMEIRA_COMPRA,ECONOMICO
SYN00210,57.0,GO,ONLINE,VISTA,  territory  ,PRIMEIRA_COMPRA,ESQUECIDO
SYN00211,25.0,RJ,CONCESSIONARIA,FINANCIAMENTO,TERRITORY,PRIMEIRA_COMPRA,ECONOMICO
SYN00212,44.0,SP,ONLINE,FINANCIAMENTO,TERRITORY,PRIMEIRA_COMPRA,ESQUECIDO
SYN00213,37.0,SP,ONLINE,FINANCIAMENTO,MUSTANG,PRIMEIRA_COMPRA,ECONOMICO
SYN00214,39.0,MG,CONCESSIONARIA,FINANCIAMENTO,MAVERICK,PRIMEIRA_COMPRA,ECONOMICO
SYN00215,58.0,RJ,CONCESSIONARIA,CONSORCIO,MUSTANG,PRIMEIRA_COMPRA,FIEL
SYN00216,52.0,SP,ONLINE,FINANCIAMENTO,RANGER,PRIMEIRA_COMPRA,ECONOMICO
SYN00217,63.0,RJ,ONLINE,VISTA,BRONCO,PRIMEIRA_COMPRA,ECONOMICO
SYN00218,42.0,GO,CONCESSIONARIA,CONSORCIO,BRONCO,PRIMEIRA_COMPRA,ABANDONO
SYN00219,34.0,PE,REVENDEDOR,VISTA,BRONCO,PRIMEIRA_COMPRA,ECONOMICO
SYN00220,41.0,SP,CONCESSIONARIA,FINANCIAMENTO,TERRITORY,RECOMPRA,FIEL
SYN00221,47.0,GO,CONCESSIONARIA,CONSORCIO,RANGER,RECOMPRA,FIEL
SYN00222,46.0,RJ,ONLINE,FINANCIAMENTO,RANGER,PRIMEIRA_COMPRA,ABANDONO
SYN00223,29.0,RS,CONCESSIONARIA,FINANCIAMENTO,MAVERICK,RECOMPRA,ABANDONO
SYN00224,45.0,MG,CONCESSIONARIA,VISTA,BRONCO,,FIEL
SYN00225,47.0,RS,ONLINE,FINANCIAMENTO,RANGER,PRIMEIRA_COMPRA,FIEL
SYN00226,79.0,PE,CONCESSIONARIA,VISTA,TERRITORY,RECOMPRA,ECONOMICO
SYN00227,70.0,BA,CONCESSIONARIA,FINANCIAMENTO,MUSTANG,PRIMEIRA_COMPRA,ESQUECIDO
SYN00228,32.0,PR,ONLINE,VISTA,BRONCO,PRIMEIRA_COMPRA,ECONOMICO
SYN00229,40.0,BA,ONLINE,VISTA,MUSTANG,RECOMPRA,FIEL
SYN00230,24.0,BA,REVENDEDOR,CONSORCIO,RANGER,PRIMEIRA_COMPRA,FIEL
SYN00231,36.0,RJ,ONLINE,FINANCIAMENTO,RANGER,PRIMEIRA_COMPRA,ECONOMICO
SYN00232,48.0,RS,CONCESSIONARIA,FINANCIAMENTO,BRONCO,PRIMEIRA_COMPRA,ABANDONO
SYN00233,61.0,SP,CONCESSIONARIA,CONSORCIO,MAVERICK,PRIMEIRA_COMPRA,ABANDONO
SYN00234,34.0,BA,ONLINE,VISTA,MUSTANG,PRIMEIRA_COMPRA,ECONOMICO
SYN00235,35.0,RS,CONCESSIONARIA,FINANCIAMENTO,BRONCO,PRIMEIRA_COMPRA,ABANDONO
SYN00236,18.0,BA,CONCESSIONARIA,FINANCIAMENTO,TERRITORY,RECOMPRA,ABANDONO
SYN00237,42.0,PR,REVENDEDOR,VISTA,BRONCO,PRIMEIRA_COMPRA,ESQUECIDO
SYN00238,29.0,MG,ONLINE,VISTA,TERRITORY,RECOMPRA,FIEL
SYN00239,37.0,RJ,ONLINE,  vista  ,RANGER,PRIMEIRA_COMPRA,ESQUECIDO
SYN00240,32.0,GO,CONCESSIONARIA,CONSORCIO,RANGER,PRIMEIRA_COMPRA,ABANDONO
SYN00241,43.0,MG,,FINANCIAMENTO,MAVERICK,RECOMPRA,FIEL
SYN00242,19.0,SP,  concessionaria  ,FINANCIAMENTO,MAVERICK,PRIMEIRA_COMPRA,ESQUECIDO
SYN00243,23.0,MG,ONLINE,VISTA,RANGER,PRIMEIRA_COMPRA,ABANDONO
SYN00244,74.0,GO,CONCESSIONARIA,CONSORCIO,BRONCO,RECOMPRA,FIEL
SYN00245,26.0,MG,CONCESSIONARIA,FINANCIAMENTO,MUSTANG,PRIMEIRA_COMPRA,ECONOMICO
SYN00246,29.0,GO,CONCESSIONARIA,VISTA,MUSTANG,PRIMEIRA_COMPRA,ECONOMICO
SYN00247,70.0,RS,ONLINE,,BRONCO,RECOMPRA,FIEL
SYN00248,85.0,PE,ONLINE,FINANCIAMENTO,RANGER,PRIMEIRA_COMPRA,ECONOMICO
SYN00249,28.0,BA,CONCESSIONARIA,CONSORCIO,MAVERICK,RECOMPRA,ESQUECIDO
SYN00250,39.0,SP,CONCESSIONARIA,FINANCIAMENTO,BRONCO,PRIMEIRA_COMPRA,FIEL
SYN00251,49.0,PR,CONCESSIONARIA,FINANCIAMENTO,MUSTANG,PRIMEIRA_COMPRA,FIEL
SYN00252,68.0,RS,CONCESSIONARIA,VISTA,BRONCO,PRIMEIRA_COMPRA,FIEL
SYN00253,30.0,RJ,ONLINE,FINANCIAMENTO,MAVERICK,RECOMPRA,FIEL
SYN00254,41.0,PR,CONCESSIONARIA,FINANCIAMENTO,BRONCO,PRIMEIRA_COMPRA,ESQUECIDO
SYN00255,55.0,SP,ONLINE,VISTA,BRONCO,RECOMPRA,FIEL
SYN00256,50.0,BA,ONLINE,FINANCIAMENTO,TERRITORY,RECOMPRA,ECONOMICO
SYN00257,39.0,PE,REVENDEDOR,VISTA,BRONCO,PRIMEIRA_COMPRA,ABANDONO
SYN00258,42.0,SP,REVENDEDOR,FINANCIAMENTO,TERRITORY,PRIMEIRA_COMPRA,ABANDONO
SYN00259,25.0,RS,CONCESSIONARIA,FINANCIAMENTO,BRONCO,PRIMEIRA_COMPRA,ECONOMICO
SYN00260,41.0,BA,CONCESSIONARIA,VISTA,MUSTANG,RECOMPRA,FIEL
SYN00261,40.0,SP,CONCESSIONARIA,FINANCIAMENTO,TERRITORY,PRIMEIRA_COMPRA,FIEL
SYN00262,47.0,RS,ONLINE,CONSORCIO,BRONCO,RECOMPRA,FIEL
SYN00263,36.0,MG,CONCESSIONARIA,CONSORCIO,MUSTANG,PRIMEIRA_COMPRA,ESQUECIDO
SYN00264,51.0,SP,CONCESSIONARIA,CONSORCIO,RANGER,RECOMPRA,FIEL
SYN00265,58.0,PE,CONCESSIONARIA,FINANCIAMENTO,TERRITORY,RECOMPRA,ESQUECIDO
SYN00266,46.0,RS,CONCESSIONARIA,FINANCIAMENTO,BRONCO,PRIMEIRA_COMPRA,ECONOMICO
SYN00267,49.0,PE,ONLINE,CONSORCIO,BRONCO,PRIMEIRA_COMPRA,ESQUECIDO
SYN00268,45.0,PR,ONLINE,FINANCIAMENTO,TERRITORY,PRIMEIRA_COMPRA,ECONOMICO
SYN00269,44.0,GO,ONLINE,VISTA,MAVERICK,PRIMEIRA_COMPRA,ESQUECIDO
SYN00270,34.0,GO,REVENDEDOR,CONSORCIO,BRONCO,RECOMPRA,ESQUECIDO
SYN00271,48.0,PR,CONCESSIONARIA,FINANCIAMENTO,TERRITORY,PRIMEIRA_COMPRA,FIEL
SYN00272,43.0,MG,CONCESSIONARIA,FINANCIAMENTO,BRONCO,PRIMEIRA_COMPRA,ESQUECIDO
SYN00273,73.0,RS,CONCESSIONARIA,VISTA,MUSTANG,RECOMPRA,FIEL
SYN00274,66.0,PE,ONLINE,VISTA,MUSTANG,RECOMPRA,FIEL
SYN00275,49.0,RS,ONLINE,FINANCIAMENTO,TERRITORY,PRIMEIRA_COMPRA,ABANDONO
SYN00276,33.0,PR,CONCESSIONARIA,VISTA,RANGER,RECOMPRA,FIEL
SYN00277,28.0,RJ,REVENDEDOR,VISTA,RANGER,PRIMEIRA_COMPRA,ABANDONO
SYN00278,61.0,GO,CONCESSIONARIA,FINANCIAMENTO,BRONCO,PRIMEIRA_COMPRA,ESQUECIDO
SYN00279,48.0,BA,CONCESSIONARIA,FINANCIAMENTO,MAVERICK,PRIMEIRA_COMPRA,ESQUECIDO
SYN00280,51.0,MG,ONLINE,VISTA,RANGER,PRIMEIRA_COMPRA,ECONOMICO
SYN00281,20.0,PR,REVENDEDOR,VISTA,BRONCO,PRIMEIRA_COMPRA,ABANDONO
SYN00282,57.0,RS,ONLINE,CONSORCIO,TERRITORY,PRIMEIRA_COMPRA,ESQUECIDO
SYN00283,50.0,RJ,REVENDEDOR,FINANCIAMENTO,MUSTANG,PRIMEIRA_COMPRA,ESQUECIDO
SYN00284,28.0,PE,CONCESSIONARIA,CONSORCIO,MAVERICK,RECOMPRA,FIEL
SYN00285,37.0,GO,ONLINE,VISTA,BRONCO,PRIMEIRA_COMPRA,ECONOMICO
SYN00286,48.0,PE,REVENDEDOR,VISTA,BRONCO,RECOMPRA,ECONOMICO
SYN00287,45.0,MG,ONLINE,FINANCIAMENTO,RANGER,RECOMPRA,ECONOMICO
SYN00288,40.0,MG,CONCESSIONARIA,FINANCIAMENTO,BRONCO,PRIMEIRA_COMPRA,ECONOMICO
SYN00289,43.0,SP,REVENDEDOR,VISTA,TERRITORY,PRIMEIRA_COMPRA,ABANDONO
SYN00290,40.0,BA,CONCESSIONARIA,FINANCIAMENTO,RANGER,PRIMEIRA_COMPRA,ECONOMICO
SYN00291,46.0,MG,CONCESSIONARIA,FINANCIAMENTO,TERRITORY,PRIMEIRA_COMPRA,ECONOMICO
SYN00292,65.0,GO,REVENDEDOR,CONSORCIO,MAVERICK,RECOMPRA,ESQUECIDO
SYN00293,18.0,PE,REVENDEDOR,FINANCIAMENTO,BRONCO,,ECONOMICO
SYN00294,41.0,RJ,  revendedor  ,CONSORCIO,MUSTANG,RECOMPRA,ESQUECIDO
SYN00295,46.0,GO,REVENDEDOR,VISTA,  territory  ,RECOMPRA,ABANDONO
SYN00296,48.0,RJ,CONCESSIONARIA,,MAVERICK,RECOMPRA,FIEL
SYN00297,250.0,RS,REVENDEDOR,FINANCIAMENTO,BRONCO,PRIMEIRA_COMPRA,ABANDONO
SYN00298,19.0,RS,CONCESSIONARIA,VISTA,MUSTANG,RECOMPRA,ESQUECIDO
SYN00299,49.0,GO,ONLINE,VISTA,MUSTANG,PRIMEIRA_COMPRA,ABANDONO
SYN00300,68.0,BA,CONCESSIONARIA,CONSORCIO,MAVERICK,PRIMEIRA_COMPRA,ESQUECIDO
SYN00301,23.0,GO,REVENDEDOR,FINANCIAMENTO,BRONCO,RECOMPRA,ABANDONO
SYN00302,56.0,PR,ONLINE,FINANCIAMENTO,BRONCO,PRIMEIRA_COMPRA,ABANDONO
SYN00303,39.0,PE,REVENDEDOR,CONSORCIO,,RECOMPRA,FIEL
SYN00304,43.0,PE,CONCESSIONARIA,FINANCIAMENTO,MUSTANG,PRIMEIRA_COMPRA,ABANDONO
SYN00305,29.0,PE,CONCESSIONARIA,VISTA,TERRITORY,RECOMPRA,ABANDONO
SYN00306,39.0,RS,CONCESSIONARIA,FINANCIAMENTO,MUSTANG,RECOMPRA,FIEL
SYN00307,62.0,RS,CONCESSIONARIA,FINANCIAMENTO,MUSTANG,PRIMEIRA_COMPRA,FIEL
SYN00308,52.0,GO,ONLINE,VISTA,RANGER,PRIMEIRA_COMPRA,ABANDONO
SYN00309,68.0,PE,CONCESSIONARIA,VISTA,TERRITORY,PRIMEIRA_COMPRA,FIEL
SYN00310,60.0,GO,ONLINE,,TERRITORY,RECOMPRA,FIEL
SYN00311,50.0,PR,CONCESSIONARIA,FINANCIAMENTO,BRONCO,PRIMEIRA_COMPRA,ABANDONO
SYN00312,68.0,GO,CONCESSIONARIA,VISTA,TERRITORY,RECOMPRA,ABANDONO
SYN00313,50.0,BA,ONLINE,CONSORCIO,TERRITORY,PRIMEIRA_COMPRA,ESQUECIDO
SYN00314,56.0,BA,CONCESSIONARIA,FINANCIAMENTO,RANGER,  primeira_compra  ,ECONOMICO
SYN00315,40.0,RJ,CONCESSIONARIA,FINANCIAMENTO,RANGER,RECOMPRA,FIEL
SYN00316,45.0,PR,CONCESSIONARIA,FINANCIAMENTO,BRONCO,RECOMPRA,FIEL
SYN00317,34.0,BA,CONCESSIONARIA,VISTA,TERRITORY,PRIMEIRA_COMPRA,FIEL
SYN00318,58.0,PE,ONLINE,FINANCIAMENTO,BRONCO,PRIMEIRA_COMPRA,ESQUECIDO
SYN00319,28.0,GO,CONCESSIONARIA,VISTA,TERRITORY,RECOMPRA,FIEL
SYN00320,55.0,MG,CONCESSIONARIA,FINANCIAMENTO,TERRITORY,RECOMPRA,FIEL
SYN00321,41.0,MG,ONLINE,VISTA,MUSTANG,PRIMEIRA_COMPRA,ESQUECIDO
SYN00322,60.0,GO,ONLINE,CONSORCIO,MUSTANG,PRIMEIRA_COMPRA,ABANDONO
SYN00323,55.0,GO,ONLINE,VISTA,TERRITORY,PRIMEIRA_COMPRA,ESQUECIDO
SYN00324,69.0,RJ,CONCESSIONARIA,FINANCIAMENTO,RANGER,PRIMEIRA_COMPRA,ECONOMICO
SYN00325,54.0,RS,REVENDEDOR,FINANCIAMENTO,MUSTANG,PRIMEIRA_COMPRA,ECONOMICO
SYN00326,22.0,GO,CONCESSIONARIA,VISTA,MAVERICK,PRIMEIRA_COMPRA,ABANDONO
SYN00327,43.0,RJ,CONCESSIONARIA,FINANCIAMENTO,BRONCO,RECOMPRA,FIEL
SYN00328,28.0,PE,REVENDEDOR,CONSORCIO,MAVERICK,PRIMEIRA_COMPRA,ABANDONO
SYN00329,37.0,SP,ONLINE,FINANCIAMENTO,TERRITORY,RECOMPRA,FIEL
SYN00330,65.0,RJ,ONLINE,FINANCIAMENTO,BRONCO,PRIMEIRA_COMPRA,FIEL
SYN00331,53.0,PE,REVENDEDOR,FINANCIAMENTO,TERRITORY,PRIMEIRA_COMPRA,ESQUECIDO
SYN00332,34.0,PR,CONCESSIONARIA,VISTA,MAVERICK,PRIMEIRA_COMPRA,FIEL
SYN00333,30.0,PR,REVENDEDOR,CONSORCIO,RANGER,PRIMEIRA_COMPRA,FIEL
SYN00334,44.0,PE,ONLINE,FINANCIAMENTO,  bronco  ,RECOMPRA,ESQUECIDO
SYN00335,27.0,MG,  concessionaria  ,FINANCIAMENTO,MUSTANG,RECOMPRA,ECONOMICO
SYN00336,35.0,PR,CONCESSIONARIA,FINANCIAMENTO,RANGER,RECOMPRA,FIEL
SYN00337,48.0,PR,CONCESSIONARIA,CONSORCIO,RANGER,RECOMPRA,FIEL
SYN00338,60.0,BA,REVENDEDOR,CONSORCIO,MUSTANG,RECOMPRA,ECONOMICO
SYN00339,53.0,MG,CONCESSIONARIA,FINANCIAMENTO,MUSTANG,RECOMPRA,FIEL
SYN00340,18.0,BA,CONCESSIONARIA,VISTA,BRONCO,PRIMEIRA_COMPRA,ECONOMICO
SYN00341,48.0,RS,ONLINE,VISTA,RANGER,RECOMPRA,FIEL
SYN00342,45.0,PR,ONLINE,VISTA,BRONCO,PRIMEIRA_COMPRA,ECONOMICO
SYN00343,50.0,PE,CONCESSIONARIA,FINANCIAMENTO,TERRITORY,PRIMEIRA_COMPRA,FIEL
SYN00344,67.0,RS,REVENDEDOR,VISTA,BRONCO,RECOMPRA,FIEL
SYN00345,18.0,BA,ONLINE,VISTA,RANGER,RECOMPRA,ECONOMICO
SYN00346,36.0,GO,REVENDEDOR,FINANCIAMENTO,MUSTANG,PRIMEIRA_COMPRA,ECONOMICO
SYN00347,-5.0,PE,CONCESSIONARIA,  financiamento  ,MAVERICK,RECOMPRA,FIEL
SYN00348,22.0,GO,CONCESSIONARIA,FINANCIAMENTO,MAVERICK,PRIMEIRA_COMPRA,ECONOMICO
SYN00349,65.0,PR,ONLINE,FINANCIAMENTO,BRONCO,RECOMPRA,ECONOMICO
SYN00350,49.0,MG,CONCESSIONARIA,  financiamento  ,TERRITORY,RECOMPRA,FIEL
SYN00351,56.0,  go  ,ONLINE,CONSORCIO,MUSTANG,PRIMEIRA_COMPRA,FIEL
SYN00352,36.0,BA,CONCESSIONARIA,CONSORCIO,TERRITORY,RECOMPRA,FIEL
SYN00353,55.0,RJ,ONLINE,FINANCIAMENTO,TERRITORY,RECOMPRA,ECONOMICO
SYN00354,59.0,MG,REVENDEDOR,FINANCIAMENTO,MUSTANG,RECOMPRA,FIEL
SYN00355,47.0,MG,REVENDEDOR,VISTA,RANGER,RECOMPRA,FIEL
SYN00356,47.0,PE,REVENDEDOR,FINANCIAMENTO,RANGER,RECOMPRA,FIEL
SYN00357,48.0,SP,REVENDEDOR,FINANCIAMENTO,MAVERICK,PRIMEIRA_COMPRA,FIEL
SYN00358,32.0,BA,CONCESSIONARIA,CONSORCIO,TERRITORY,RECOMPRA,ABANDONO
SYN00359,42.0,PR,CONCESSIONARIA,FINANCIAMENTO,BRONCO,PRIMEIRA_COMPRA,ABANDONO
SYN00360,42.0,SP,REVENDEDOR,FINANCIAMENTO,BRONCO,PRIMEIRA_COMPRA,FIEL
SYN00361,49.0,PR,REVENDEDOR,VISTA,MUSTANG,PRIMEIRA_COMPRA,FIEL
SYN00362,58.0,PE,REVENDEDOR,VISTA,MAVERICK,PRIMEIRA_COMPRA,FIEL
SYN00363,29.0,BA,ONLINE,FINANCIAMENTO,BRONCO,RECOMPRA,FIEL
SYN00364,42.0,PR,CONCESSIONARIA,VISTA,BRONCO,RECOMPRA,FIEL
SYN00365,65.0,MG,REVENDEDOR,CONSORCIO,MAVERICK,RECOMPRA,ESQUECIDO
SYN00366,34.0,RJ,REVENDEDOR,FINANCIAMENTO,TERRITORY,PRIMEIRA_COMPRA,FIEL
SYN00367,32.0,SP,ONLINE,VISTA,RANGER,PRIMEIRA_COMPRA,ABANDONO
SYN00368,47.0,MG,REVENDEDOR,FINANCIAMENTO,BRONCO,PRIMEIRA_COMPRA,ESQUECIDO
SYN00369,56.0,BA,ONLINE,FINANCIAMENTO,MUSTANG,PRIMEIRA_COMPRA,ECONOMICO
SYN00370,44.0,SP,REVENDEDOR,FINANCIAMENTO,RANGER,PRIMEIRA_COMPRA,ECONOMICO
SYN00371,63.0,GO,CONCESSIONARIA,FINANCIAMENTO,RANGER,PRIMEIRA_COMPRA,ECONOMICO
SYN00372,56.0,PR,REVENDEDOR,FINANCIAMENTO,MUSTANG,RECOMPRA,FIEL
SYN00373,56.0,MG,CONCESSIONARIA,CONSORCIO,MUSTANG,PRIMEIRA_COMPRA,FIEL
SYN00374,52.0,GO,CONCESSIONARIA,FINANCIAMENTO,RANGER,RECOMPRA,FIEL
SYN00375,77.0,RJ,  concessionaria  ,CONSORCIO,TERRITORY,RECOMPRA,FIEL
SYN00376,41.0,GO,CONCESSIONARIA,FINANCIAMENTO,MAVERICK,RECOMPRA,ECONOMICO
SYN00377,18.0,,CONCESSIONARIA,CONSORCIO,MAVERICK,PRIMEIRA_COMPRA,ESQUECIDO
SYN00378,66.0,RS,REVENDEDOR,VISTA,,PRIMEIRA_COMPRA,ECONOMICO
SYN00379,38.0,RS,ONLINE,FINANCIAMENTO,MUSTANG,RECOMPRA,ECONOMICO
SYN00380,46.0,GO,REVENDEDOR,VISTA,BRONCO,PRIMEIRA_COMPRA,ECONOMICO
SYN00381,62.0,MG,CONCESSIONARIA,VISTA,MUSTANG,PRIMEIRA_COMPRA,ABANDONO
SYN00382,22.0,GO,CONCESSIONARIA,FINANCIAMENTO,BRONCO,RECOMPRA,ECONOMICO
SYN00383,26.0,MG,ONLINE,FINANCIAMENTO,BRONCO,RECOMPRA,ABANDONO
SYN00384,22.0,MG,ONLINE,VISTA,MAVERICK,RECOMPRA,FIEL
SYN00385,33.0,BA,ONLINE,VISTA,BRONCO,PRIMEIRA_COMPRA,ABANDONO
SYN00386,50.0,BA,REVENDEDOR,FINANCIAMENTO,MAVERICK,PRIMEIRA_COMPRA,ECONOMICO
SYN00387,51.0,MG,REVENDEDOR,VISTA,MUSTANG,RECOMPRA,ESQUECIDO
SYN00388,48.0,RJ,ONLINE,FINANCIAMENTO,MUSTANG,PRIMEIRA_COMPRA,ABANDONO
SYN00389,24.0,RS,REVENDEDOR,FINANCIAMENTO,BRONCO,PRIMEIRA_COMPRA,ECONOMICO
SYN00390,18.0,PR,ONLINE,VISTA,RANGER,PRIMEIRA_COMPRA,ABANDONO
SYN00391,45.0,SP,ONLINE,CONSORCIO,MAVERICK,PRIMEIRA_COMPRA,ESQUECIDO
SYN00392,37.0,SP,CONCESSIONARIA,FINANCIAMENTO,TERRITORY,PRIMEIRA_COMPRA,ABANDONO
SYN00393,50.0,GO,CONCESSIONARIA,FINANCIAMENTO,TERRITORY,RECOMPRA,FIEL
SYN00394,54.0,SP,CONCESSIONARIA,FINANCIAMENTO,MUSTANG,PRIMEIRA_COMPRA,ABANDONO
SYN00395,46.0,RS,ONLINE,VISTA,BRONCO,  primeira_compra  ,ECONOMICO
SYN00396,55.0,PE,ONLINE,FINANCIAMENTO,MAVERICK,RECOMPRA,ECONOMICO
SYN00397,47.0,MG,CONCESSIONARIA,FINANCIAMENTO,TERRITORY,RECOMPRA,FIEL
SYN00398,51.0,RS,ONLINE,FINANCIAMENTO,MAVERICK,RECOMPRA,FIEL
SYN00399,34.0,SP,CONCESSIONARIA,CONSORCIO,MAVERICK,RECOMPRA,FIEL
SYN00400,41.0,PE,CONCESSIONARIA,FINANCIAMENTO,MUSTANG,PRIMEIRA_COMPRA,ECONOMICO
SYN00401,47.0,BA,REVENDEDOR,VISTA,RANGER,PRIMEIRA_COMPRA,ABANDONO
SYN00402,55.0,PE,CONCESSIONARIA,FINANCIAMENTO,BRONCO,PRIMEIRA_COMPRA,ESQUECIDO
SYN00403,38.0,PE,CONCESSIONARIA,FINANCIAMENTO,BRONCO,PRIMEIRA_COMPRA,FIEL
SYN00404,51.0,MG,CONCESSIONARIA,FINANCIAMENTO,BRONCO,RECOMPRA,FIEL
SYN00405,40.0,SP,CONCESSIONARIA,FINANCIAMENTO,MUSTANG,  recompra  ,ECONOMICO
SYN00406,42.0,MG,ONLINE,FINANCIAMENTO,RANGER,PRIMEIRA_COMPRA,ECONOMICO
SYN00407,56.0,RJ,REVENDEDOR,FINANCIAMENTO,BRONCO,PRIMEIRA_COMPRA,ABANDONO
SYN00408,18.0,PR,ONLINE,FINANCIAMENTO,TERRITORY,RECOMPRA,FIEL
SYN00409,26.0,RJ,ONLINE,FINANCIAMENTO,MUSTANG,PRIMEIRA_COMPRA,ABANDONO
SYN00410,23.0,GO,CONCESSIONARIA,FINANCIAMENTO,TERRITORY,PRIMEIRA_COMPRA,FIEL
SYN00411,18.0,PR,ONLINE,FINANCIAMENTO,TERRITORY,PRIMEIRA_COMPRA,FIEL
SYN00412,35.0,MG,CONCESSIONARIA,FINANCIAMENTO,RANGER,PRIMEIRA_COMPRA,ECONOMICO
SYN00413,54.0,GO,CONCESSIONARIA,FINANCIAMENTO,BRONCO,PRIMEIRA_COMPRA,FIEL
SYN00414,40.0,PE,REVENDEDOR,VISTA,RANGER,PRIMEIRA_COMPRA,ABANDONO
SYN00415,47.0,RS,CONCESSIONARIA,CONSORCIO,BRONCO,PRIMEIRA_COMPRA,ESQUECIDO
SYN00416,59.0,RJ,CONCESSIONARIA,VISTA,TERRITORY,PRIMEIRA_COMPRA,FIEL
SYN00417,63.0,MG,CONCESSIONARIA,FINANCIAMENTO,BRONCO,PRIMEIRA_COMPRA,ESQUECIDO
SYN00418,43.0,PR,REVENDEDOR,CONSORCIO,MAVERICK,PRIMEIRA_COMPRA,ECONOMICO
SYN00419,63.0,PE,CONCESSIONARIA,CONSORCIO,MAVERICK,PRIMEIRA_COMPRA,FIEL
SYN00420,45.0,MG,CONCESSIONARIA,FINANCIAMENTO,RANGER,PRIMEIRA_COMPRA,ECONOMICO
SYN00421,32.0,BA,REVENDEDOR,FINANCIAMENTO,RANGER,RECOMPRA,FIEL
SYN00422,36.0,MG,CONCESSIONARIA,VISTA,TERRITORY,  recompra  ,FIEL
SYN00423,23.0,RJ,REVENDEDOR,CONSORCIO,BRONCO,PRIMEIRA_COMPRA,FIEL
SYN00424,32.0,RS,CONCESSIONARIA,VISTA,MUSTANG,PRIMEIRA_COMPRA,ESQUECIDO
SYN00425,39.0,RJ,ONLINE,VISTA,,PRIMEIRA_COMPRA,ABANDONO
SYN00426,55.0,RS,REVENDEDOR,VISTA,RANGER,PRIMEIRA_COMPRA,ESQUECIDO
SYN00427,68.0,MG,ONLINE,CONSORCIO,MAVERICK,RECOMPRA,FIEL
SYN00428,25.0,MG,ONLINE,FINANCIAMENTO,MUSTANG,RECOMPRA,ESQUECIDO
SYN00429,49.0,PE,CONCESSIONARIA,FINANCIAMENTO,MUSTANG,PRIMEIRA_COMPRA,FIEL
SYN00430,29.0,MG,ONLINE,CONSORCIO,BRONCO,PRIMEIRA_COMPRA,ABANDONO
SYN00431,51.0,BA,REVENDEDOR,FINANCIAMENTO,RANGER,PRIMEIRA_COMPRA,ECONOMICO
SYN00432,42.0,BA,  online  ,FINANCIAMENTO,BRONCO,PRIMEIRA_COMPRA,FIEL
SYN00433,18.0,BA,REVENDEDOR,FINANCIAMENTO,  bronco  ,PRIMEIRA_COMPRA,ABANDONO
SYN00434,57.0,MG,ONLINE,FINANCIAMENTO,BRONCO,PRIMEIRA_COMPRA,ESQUECIDO
SYN00435,36.0,PE,ONLINE,FINANCIAMENTO,BRONCO,PRIMEIRA_COMPRA,ECONOMICO
SYN00436,37.0,RJ,CONCESSIONARIA,VISTA,BRONCO,RECOMPRA,ESQUECIDO
SYN00437,29.0,MG,ONLINE,FINANCIAMENTO,MAVERICK,RECOMPRA,FIEL
SYN00438,35.0,PE,REVENDEDOR,VISTA,RANGER,PRIMEIRA_COMPRA,FIEL
SYN00439,50.0,MG,ONLINE,FINANCIAMENTO,RANGER,RECOMPRA,FIEL
SYN00440,41.0,BA,CONCESSIONARIA,CONSORCIO,RANGER,RECOMPRA,FIEL
SYN00441,49.0,SP,ONLINE,VISTA,BRONCO,PRIMEIRA_COMPRA,ABANDONO
SYN00442,49.0,PR,ONLINE,CONSORCIO,BRONCO,RECOMPRA,FIEL
SYN00443,62.0,PE,REVENDEDOR,FINANCIAMENTO,MAVERICK,RECOMPRA,FIEL
SYN00444,39.0,BA,CONCESSIONARIA,FINANCIAMENTO,BRONCO,PRIMEIRA_COMPRA,ESQUECIDO
SYN00445,23.0,PR,CONCESSIONARIA,VISTA,BRONCO,PRIMEIRA_COMPRA,FIEL
SYN00446,59.0,PE,CONCESSIONARIA,CONSORCIO,MUSTANG,PRIMEIRA_COMPRA,FIEL
SYN00447,39.0,MG,CONCESSIONARIA,FINANCIAMENTO,MAVERICK,RECOMPRA,FIEL
SYN00448,60.0,RS,REVENDEDOR,VISTA,MAVERICK,RECOMPRA,FIEL
SYN00449,49.0,SP,CONCESSIONARIA,VISTA,TERRITORY,PRIMEIRA_COMPRA,ECONOMICO
SYN00450,42.0,BA,ONLINE,FINANCIAMENTO,RANGER,PRIMEIRA_COMPRA,ABANDONO
SYN00451,49.0,BA,CONCESSIONARIA,VISTA,MUSTANG,PRIMEIRA_COMPRA,FIEL
SYN00452,71.0,PE,CONCESSIONARIA,FINANCIAMENTO,BRONCO,RECOMPRA,ECONOMICO
SYN00453,73.0,BA,REVENDEDOR,FINANCIAMENTO,RANGER,PRIMEIRA_COMPRA,ABANDONO
SYN00454,45.0,  rj  ,  concessionaria  ,CONSORCIO,BRONCO,PRIMEIRA_COMPRA,FIEL
SYN00455,46.0,BA,CONCESSIONARIA,FINANCIAMENTO,  ranger  ,PRIMEIRA_COMPRA,ECONOMICO
SYN00456,59.0,PE,CONCESSIONARIA,VISTA,MUSTANG,RECOMPRA,ABANDONO
SYN00457,32.0,RJ,REVENDEDOR,VISTA,BRONCO,  primeira_compra  ,ECONOMICO
SYN00458,49.0,RS,REVENDEDOR,CONSORCIO,MAVERICK,PRIMEIRA_COMPRA,ECONOMICO
SYN00459,44.0,GO,CONCESSIONARIA,FINANCIAMENTO,BRONCO,PRIMEIRA_COMPRA,ECONOMICO
SYN00460,48.0,RS,ONLINE,FINANCIAMENTO,RANGER,PRIMEIRA_COMPRA,FIEL
SYN00461,32.0,PE,CONCESSIONARIA,FINANCIAMENTO,MAVERICK,  primeira_compra  ,ECONOMICO
SYN00462,22.0,PR,ONLINE,VISTA,MAVERICK,PRIMEIRA_COMPRA,FIEL
SYN00463,18.0,BA,CONCESSIONARIA,FINANCIAMENTO,TERRITORY,RECOMPRA,ESQUECIDO
SYN00464,28.0,BA,REVENDEDOR,VISTA,MAVERICK,PRIMEIRA_COMPRA,ECONOMICO
SYN00465,38.0,BA,REVENDEDOR,FINANCIAMENTO,TERRITORY,PRIMEIRA_COMPRA,FIEL
SYN00466,40.0,PE,CONCESSIONARIA,FINANCIAMENTO,MAVERICK,PRIMEIRA_COMPRA,ECONOMICO
SYN00467,71.0,GO,CONCESSIONARIA,CONSORCIO,MAVERICK,PRIMEIRA_COMPRA,ESQUECIDO
SYN00468,59.0,MG,CONCESSIONARIA,CONSORCIO,RANGER,PRIMEIRA_COMPRA,FIEL
SYN00469,31.0,GO,CONCESSIONARIA,FINANCIAMENTO,TERRITORY,,ECONOMICO
SYN00470,49.0,BA,CONCESSIONARIA,VISTA,RANGER,PRIMEIRA_COMPRA,ESQUECIDO
SYN00471,38.0,PR,CONCESSIONARIA,FINANCIAMENTO,MAVERICK,PRIMEIRA_COMPRA,ESQUECIDO
SYN00472,40.0,MG,REVENDEDOR,VISTA,TERRITORY,RECOMPRA,ABANDONO
SYN00473,47.0,RS,CONCESSIONARIA,FINANCIAMENTO,MAVERICK,PRIMEIRA_COMPRA,FIEL
SYN00474,53.0,BA,REVENDEDOR,VISTA,BRONCO,PRIMEIRA_COMPRA,FIEL
SYN00475,39.0,MG,CONCESSIONARIA,FINANCIAMENTO,RANGER,RECOMPRA,ESQUECIDO
SYN00476,59.0,MG,ONLINE,FINANCIAMENTO,MUSTANG,PRIMEIRA_COMPRA,ECONOMICO
SYN00477,28.0,PE,CONCESSIONARIA,VISTA,MAVERICK,RECOMPRA,ABANDONO
SYN00478,44.0,RS,REVENDEDOR,FINANCIAMENTO,TERRITORY,PRIMEIRA_COMPRA,ECONOMICO
SYN00479,80.0,BA,CONCESSIONARIA,FINANCIAMENTO,MUSTANG,PRIMEIRA_COMPRA,ECONOMICO
SYN00480,47.0,SP,CONCESSIONARIA,FINANCIAMENTO,MAVERICK,RECOMPRA,FIEL
SYN00481,64.0,SP,ONLINE,FINANCIAMENTO,MUSTANG,PRIMEIRA_COMPRA,ECONOMICO
SYN00482,45.0,PE,ONLINE,VISTA,RANGER,RECOMPRA,ESQUECIDO
SYN00483,52.0,RJ,ONLINE,FINANCIAMENTO,RANGER,PRIMEIRA_COMPRA,ABANDONO
SYN00484,43.0,PE,CONCESSIONARIA,VISTA,RANGER,PRIMEIRA_COMPRA,ABANDONO
SYN00485,42.0,GO,CONCESSIONARIA,CONSORCIO,BRONCO,PRIMEIRA_COMPRA,ECONOMICO
SYN00486,33.0,RS,REVENDEDOR,FINANCIAMENTO,MAVERICK,PRIMEIRA_COMPRA,ECONOMICO
SYN00487,50.0,GO,ONLINE,CONSORCIO,MUSTANG,PRIMEIRA_COMPRA,ECONOMICO
SYN00488,32.0,RS,ONLINE,FINANCIAMENTO,MUSTANG,RECOMPRA,ABANDONO
SYN00489,53.0,GO,CONCESSIONARIA,FINANCIAMENTO,BRONCO,,ECONOMICO
SYN00490,59.0,RJ,CONCESSIONARIA,FINANCIAMENTO,MAVERICK,RECOMPRA,FIEL
SYN00491,49.0,RS,REVENDEDOR,FINANCIAMENTO,TERRITORY,PRIMEIRA_COMPRA,ECONOMICO
SYN00492,40.0,RS,ONLINE,FINANCIAMENTO,RANGER,PRIMEIRA_COMPRA,ECONOMICO
SYN00493,50.0,PE,CONCESSIONARIA,FINANCIAMENTO,RANGER,PRIMEIRA_COMPRA,ECONOMICO
SYN00494,40.0,SP,REVENDEDOR,CONSORCIO,RANGER,PRIMEIRA_COMPRA,ECONOMICO
SYN00495,57.0,PE,ONLINE,VISTA,MAVERICK,PRIMEIRA_COMPRA,ABANDONO
SYN00496,18.0,SP,CONCESSIONARIA,CONSORCIO,BRONCO,RECOMPRA,ECONOMICO
SYN00497,39.0,MG,CONCESSIONARIA,VISTA,MAVERICK,RECOMPRA,ABANDONO
SYN00498,18.0,PR,,VISTA,RANGER,PRIMEIRA_COMPRA,ABANDONO
SYN00499,23.0,RJ,,FINANCIAMENTO,MUSTANG,PRIMEIRA_COMPRA,FIEL
SYN00500,63.0,RS,ONLINE,VISTA,MAVERICK,PRIMEIRA_COMPRA,ESQUECIDO
SYN00501,57.0,GO,ONLINE,FINANCIAMENTO,MUSTANG,PRIMEIRA_COMPRA,FIEL
SYN00502,34.0,PE,CONCESSIONARIA,CONSORCIO,MAVERICK,RECOMPRA,FIEL
SYN00503,23.0,SP,REVENDEDOR,CONSORCIO,TERRITORY,PRIMEIRA_COMPRA,ABANDONO
SYN00504,18.0,PR,CONCESSIONARIA,FINANCIAMENTO,MAVERICK,PRIMEIRA_COMPRA,FIEL
SYN00505,36.0,PR,CONCESSIONARIA,VISTA,  maverick  ,PRIMEIRA_COMPRA,ABANDONO
SYN00506,78.0,SP,ONLINE,VISTA,RANGER,RECOMPRA,ESQUECIDO
SYN00507,50.0,BA,ONLINE,VISTA,RANGER,RECOMPRA,FIEL
SYN00508,36.0,PR,CONCESSIONARIA,FINANCIAMENTO,MAVERICK,RECOMPRA,ESQUECIDO
SYN00509,51.0,BA,ONLINE,VISTA,RANGER,PRIMEIRA_COMPRA,FIEL
SYN00510,22.0,MG,REVENDEDOR,VISTA,RANGER,PRIMEIRA_COMPRA,ECONOMICO
SYN00511,40.0,MG,REVENDEDOR,FINANCIAMENTO,RANGER,  primeira_compra  ,ABANDONO
SYN00512,45.0,BA,REVENDEDOR,VISTA,MAVERICK,RECOMPRA,ESQUECIDO
SYN00513,43.0,BA,CONCESSIONARIA,FINANCIAMENTO,MUSTANG,PRIMEIRA_COMPRA,ECONOMICO
SYN00514,55.0,RJ,CONCESSIONARIA,CONSORCIO,  bronco  ,RECOMPRA,ECONOMICO
SYN00515,49.0,RJ,ONLINE,FINANCIAMENTO,RANGER,PRIMEIRA_COMPRA,ESQUECIDO
SYN00516,53.0,PR,CONCESSIONARIA,FINANCIAMENTO,BRONCO,PRIMEIRA_COMPRA,ESQUECIDO
SYN00517,34.0,PE,ONLINE,FINANCIAMENTO,BRONCO,PRIMEIRA_COMPRA,FIEL
SYN00518,57.0,RJ,CONCESSIONARIA,CONSORCIO,BRONCO,PRIMEIRA_COMPRA,ESQUECIDO
SYN00519,67.0,RJ,CONCESSIONARIA,VISTA,BRONCO,RECOMPRA,FIEL
SYN00520,30.0,PE,CONCESSIONARIA,FINANCIAMENTO,,RECOMPRA,ESQUECIDO
SYN00521,32.0,BA,CONCESSIONARIA,FINANCIAMENTO,TERRITORY,PRIMEIRA_COMPRA,FIEL
SYN00522,63.0,GO,CONCESSIONARIA,VISTA,MUSTANG,PRIMEIRA_COMPRA,ESQUECIDO
SYN00523,41.0,PE,ONLINE,FINANCIAMENTO,BRONCO,RECOMPRA,ABANDONO
SYN00524,64.0,GO,ONLINE,FINANCIAMENTO,TERRITORY,PRIMEIRA_COMPRA,ESQUECIDO
SYN00525,38.0,RJ,CONCESSIONARIA,CONSORCIO,RANGER,,ABANDONO
SYN00526,64.0,MG,CONCESSIONARIA,FINANCIAMENTO,MAVERICK,RECOMPRA,FIEL
SYN00527,46.0,RJ,REVENDEDOR,VISTA,TERRITORY,PRIMEIRA_COMPRA,ABANDONO
SYN00528,48.0,SP,CONCESSIONARIA,FINANCIAMENTO,TERRITORY,PRIMEIRA_COMPRA,ABANDONO
SYN00529,66.0,PE,ONLINE,VISTA,BRONCO,PRIMEIRA_COMPRA,ESQUECIDO
SYN00530,39.0,BA,ONLINE,VISTA,BRONCO,PRIMEIRA_COMPRA,ECONOMICO
SYN00531,31.0,SP,ONLINE,FINANCIAMENTO,MUSTANG,RECOMPRA,FIEL
SYN00532,38.0,RJ,REVENDEDOR,VISTA,BRONCO,PRIMEIRA_COMPRA,ABANDONO
SYN00533,50.0,RJ,ONLINE,CONSORCIO,MAVERICK,PRIMEIRA_COMPRA,ESQUECIDO
SYN00534,22.0,RS,REVENDEDOR,CONSORCIO,MAVERICK,PRIMEIRA_COMPRA,ECONOMICO
SYN00535,53.0,RS,REVENDEDOR,FINANCIAMENTO,MUSTANG,RECOMPRA,FIEL
SYN00536,36.0,MG,CONCESSIONARIA,FINANCIAMENTO,RANGER,PRIMEIRA_COMPRA,ESQUECIDO
SYN00537,60.0,GO,CONCESSIONARIA,CONSORCIO,  territory  ,PRIMEIRA_COMPRA,FIEL
SYN00538,18.0,RJ,CONCESSIONARIA,FINANCIAMENTO,MAVERICK,RECOMPRA,ECONOMICO
SYN00539,33.0,PR,CONCESSIONARIA,FINANCIAMENTO,  ranger  ,PRIMEIRA_COMPRA,FIEL
SYN00540,20.0,RS,ONLINE,FINANCIAMENTO,BRONCO,PRIMEIRA_COMPRA,ECONOMICO
SYN00541,32.0,RS,CONCESSIONARIA,CONSORCIO,BRONCO,PRIMEIRA_COMPRA,ESQUECIDO
SYN00542,47.0,PE,CONCESSIONARIA,FINANCIAMENTO,MUSTANG,PRIMEIRA_COMPRA,ECONOMICO
SYN00543,41.0,GO,CONCESSIONARIA,FINANCIAMENTO,MUSTANG,RECOMPRA,ECONOMICO
SYN00544,40.0,SP,ONLINE,VISTA,RANGER,RECOMPRA,FIEL
SYN00545,42.0,RS,ONLINE,FINANCIAMENTO,TERRITORY,RECOMPRA,ESQUECIDO
SYN00546,47.0,SP,REVENDEDOR,FINANCIAMENTO,MAVERICK,RECOMPRA,ECONOMICO
SYN00547,30.0,RS,CONCESSIONARIA,FINANCIAMENTO,RANGER,PRIMEIRA_COMPRA,ECONOMICO
SYN00548,54.0,PR,CONCESSIONARIA,FINANCIAMENTO,BRONCO,PRIMEIRA_COMPRA,ESQUECIDO
SYN00549,53.0,RS,REVENDEDOR,CONSORCIO,MUSTANG,RECOMPRA,FIEL
SYN00550,49.0,MG,ONLINE,FINANCIAMENTO,MUSTANG,PRIMEIRA_COMPRA,ECONOMICO
SYN00551,52.0,MG,ONLINE,CONSORCIO,MUSTANG,RECOMPRA,FIEL
SYN00552,48.0,MG,ONLINE,FINANCIAMENTO,RANGER,PRIMEIRA_COMPRA,ECONOMICO
SYN00553,72.0,MG,CONCESSIONARIA,FINANCIAMENTO,RANGER,PRIMEIRA_COMPRA,FIEL
SYN00554,43.0,MG,REVENDEDOR,FINANCIAMENTO,RANGER,RECOMPRA,ABANDONO
SYN00555,40.0,BA,ONLINE,VISTA,MAVERICK,RECOMPRA,ECONOMICO
SYN00556,33.0,SP,ONLINE,FINANCIAMENTO,RANGER,PRIMEIRA_COMPRA,ECONOMICO
SYN00557,30.0,SP,ONLINE,FINANCIAMENTO,BRONCO,PRIMEIRA_COMPRA,ESQUECIDO
SYN00558,27.0,PR,CONCESSIONARIA,CONSORCIO,MUSTANG,PRIMEIRA_COMPRA,ABANDONO
SYN00559,32.0,BA,CONCESSIONARIA,FINANCIAMENTO,BRONCO,PRIMEIRA_COMPRA,ABANDONO
SYN00560,43.0,MG,ONLINE,CONSORCIO,MUSTANG,RECOMPRA,FIEL
SYN00561,49.0,RJ,ONLINE,FINANCIAMENTO,BRONCO,PRIMEIRA_COMPRA,ESQUECIDO
SYN00562,45.0,PR,CONCESSIONARIA,FINANCIAMENTO,TERRITORY,RECOMPRA,FIEL
SYN00563,33.0,RS,CONCESSIONARIA,VISTA,MUSTANG,PRIMEIRA_COMPRA,FIEL
SYN00564,57.0,BA,REVENDEDOR,,BRONCO,PRIMEIRA_COMPRA,ABANDONO
SYN00565,54.0,RJ,CONCESSIONARIA,FINANCIAMENTO,RANGER,RECOMPRA,ECONOMICO
SYN00566,42.0,SP,CONCESSIONARIA,FINANCIAMENTO,MAVERICK,PRIMEIRA_COMPRA,ECONOMICO
SYN00567,35.0,PR,ONLINE,FINANCIAMENTO,MAVERICK,PRIMEIRA_COMPRA,ESQUECIDO
SYN00568,52.0,RS,REVENDEDOR,VISTA,MUSTANG,PRIMEIRA_COMPRA,ECONOMICO
SYN00569,47.0,BA,ONLINE,FINANCIAMENTO,RANGER,RECOMPRA,FIEL
SYN00570,24.0,PR,REVENDEDOR,CONSORCIO,RANGER,PRIMEIRA_COMPRA,ABANDONO
SYN00571,43.0,MG,CONCESSIONARIA,FINANCIAMENTO,MAVERICK,PRIMEIRA_COMPRA,ESQUECIDO
SYN00572,48.0,RJ,REVENDEDOR,FINANCIAMENTO,MAVERICK,  recompra  ,ECONOMICO
SYN00573,31.0,RJ,REVENDEDOR,FINANCIAMENTO,  maverick  ,RECOMPRA,FIEL
SYN00574,47.0,PE,ONLINE,VISTA,TERRITORY,PRIMEIRA_COMPRA,FIEL
SYN00575,24.0,RJ,ONLINE,CONSORCIO,MAVERICK,PRIMEIRA_COMPRA,ECONOMICO
SYN00576,63.0,PR,CONCESSIONARIA,CONSORCIO,BRONCO,PRIMEIRA_COMPRA,ESQUECIDO
SYN00577,61.0,PE,CONCESSIONARIA,FINANCIAMENTO,MUSTANG,RECOMPRA,ESQUECIDO
SYN00578,40.0,GO,CONCESSIONARIA,FINANCIAMENTO,TERRITORY,RECOMPRA,ECONOMICO
SYN00579,49.0,MG,CONCESSIONARIA,  consorcio  ,MAVERICK,RECOMPRA,ESQUECIDO
SYN00580,18.0,SP,REVENDEDOR,FINANCIAMENTO,RANGER,RECOMPRA,FIEL
SYN00581,28.0,PE,CONCESSIONARIA,VISTA,MAVERICK,PRIMEIRA_COMPRA,ECONOMICO
SYN00582,40.0,BA,ONLINE,FINANCIAMENTO,MAVERICK,PRIMEIRA_COMPRA,ABANDONO
SYN00583,29.0,MG,CONCESSIONARIA,FINANCIAMENTO,TERRITORY,RECOMPRA,FIEL
SYN00584,,PR,CONCESSIONARIA,FINANCIAMENTO,RANGER,RECOMPRA,ECONOMICO
SYN00585,72.0,RJ,CONCESSIONARIA,FINANCIAMENTO,MUSTANG,RECOMPRA,FIEL
SYN00586,28.0,BA,CONCESSIONARIA,CONSORCIO,RANGER,PRIMEIRA_COMPRA,FIEL
SYN00587,32.0,BA,ONLINE,VISTA,BRONCO,RECOMPRA,FIEL
SYN00588,47.0,MG,REVENDEDOR,CONSORCIO,RANGER,RECOMPRA,ECONOMICO
SYN00589,67.0,,CONCESSIONARIA,VISTA,BRONCO,RECOMPRA,ECONOMICO
SYN00590,27.0,MG,REVENDEDOR,FINANCIAMENTO,MUSTANG,PRIMEIRA_COMPRA,FIEL
SYN00591,47.0,SP,ONLINE,,BRONCO,PRIMEIRA_COMPRA,ABANDONO
SYN00592,69.0,RJ,ONLINE,FINANCIAMENTO,TERRITORY,RECOMPRA,ESQUECIDO
SYN00593,21.0,GO,CONCESSIONARIA,CONSORCIO,TERRITORY,RECOMPRA,ESQUECIDO
SYN00594,26.0,RS,CONCESSIONARIA,FINANCIAMENTO,RANGER,PRIMEIRA_COMPRA,ABANDONO
SYN00595,38.0,RJ,REVENDEDOR,CONSORCIO,BRONCO,PRIMEIRA_COMPRA,ABANDONO
SYN00596,37.0,SP,ONLINE,VISTA,RANGER,RECOMPRA,ABANDONO
SYN00597,55.0,MG,CONCESSIONARIA,VISTA,TERRITORY,RECOMPRA,FIEL
SYN00598,47.0,  go  ,REVENDEDOR,,RANGER,PRIMEIRA_COMPRA,ESQUECIDO
SYN00599,19.0,RS,CONCESSIONARIA,VISTA,TERRITORY,PRIMEIRA_COMPRA,ABANDONO
SYN00600,51.0,GO,  online  ,VISTA,RANGER,PRIMEIRA_COMPRA,ECONOMICO
SYN00601,36.0,RS,CONCESSIONARIA,VISTA,MUSTANG,PRIMEIRA_COMPRA,ESQUECIDO
SYN00602,62.0,PE,REVENDEDOR,FINANCIAMENTO,MAVERICK,PRIMEIRA_COMPRA,ECONOMICO
SYN00603,35.0,PE,CONCESSIONARIA,VISTA,MUSTANG,PRIMEIRA_COMPRA,ECONOMICO
SYN00604,35.0,SP,CONCESSIONARIA,FINANCIAMENTO,MAVERICK,PRIMEIRA_COMPRA,FIEL
SYN00605,52.0,SP,ONLINE,VISTA,BRONCO,PRIMEIRA_COMPRA,FIEL
SYN00606,55.0,GO,CONCESSIONARIA,VISTA,RANGER,PRIMEIRA_COMPRA,ESQUECIDO
SYN00607,50.0,GO,REVENDEDOR,FINANCIAMENTO,MUSTANG,RECOMPRA,ECONOMICO
SYN00608,20.0,RJ,ONLINE,VISTA,MUSTANG,PRIMEIRA_COMPRA,ECONOMICO
SYN00609,52.0,BA,CONCESSIONARIA,FINANCIAMENTO,BRONCO,RECOMPRA,FIEL
SYN00610,30.0,GO,CONCESSIONARIA,VISTA,TERRITORY,PRIMEIRA_COMPRA,ECONOMICO
SYN00611,47.0,GO,REVENDEDOR,VISTA,TERRITORY,RECOMPRA,FIEL
SYN00612,24.0,MG,ONLINE,VISTA,TERRITORY,RECOMPRA,FIEL
SYN00613,50.0,PE,REVENDEDOR,  vista  ,MUSTANG,PRIMEIRA_COMPRA,ABANDONO
SYN00614,33.0,BA,CONCESSIONARIA,FINANCIAMENTO,RANGER,RECOMPRA,ECONOMICO
SYN00615,26.0,GO,REVENDEDOR,FINANCIAMENTO,MAVERICK,RECOMPRA,ABANDONO
SYN00616,54.0,RJ,ONLINE,VISTA,MAVERICK,PRIMEIRA_COMPRA,ABANDONO
SYN00617,47.0,PR,ONLINE,FINANCIAMENTO,MAVERICK,RECOMPRA,ECONOMICO
SYN00618,35.0,SP,CONCESSIONARIA,FINANCIAMENTO,RANGER,PRIMEIRA_COMPRA,FIEL
SYN00619,64.0,MG,CONCESSIONARIA,FINANCIAMENTO,BRONCO,PRIMEIRA_COMPRA,FIEL
SYN00620,38.0,SP,REVENDEDOR,FINANCIAMENTO,TERRITORY,RECOMPRA,FIEL
SYN00621,44.0,RS,REVENDEDOR,CONSORCIO,BRONCO,PRIMEIRA_COMPRA,FIEL
SYN00622,48.0,PE,CONCESSIONARIA,FINANCIAMENTO,RANGER,PRIMEIRA_COMPRA,ESQUECIDO
SYN00623,35.0,BA,REVENDEDOR,FINANCIAMENTO,RANGER,PRIMEIRA_COMPRA,ABANDONO
SYN00624,51.0,MG,CONCESSIONARIA,CONSORCIO,RANGER,RECOMPRA,ESQUECIDO
SYN00625,37.0,RS,CONCESSIONARIA,CONSORCIO,MUSTANG,PRIMEIRA_COMPRA,ECONOMICO
SYN00626,38.0,MG,CONCESSIONARIA,FINANCIAMENTO,BRONCO,PRIMEIRA_COMPRA,ECONOMICO
SYN00627,63.0,BA,CONCESSIONARIA,CONSORCIO,TERRITORY,RECOMPRA,FIEL
SYN00628,29.0,MG,CONCESSIONARIA,FINANCIAMENTO,MAVERICK,RECOMPRA,ABANDONO
SYN00629,18.0,SP,CONCESSIONARIA,VISTA,BRONCO,PRIMEIRA_COMPRA,FIEL
SYN00630,67.0,PR,CONCESSIONARIA,  financiamento  ,TERRITORY,RECOMPRA,FIEL
SYN00631,80.0,PE,ONLINE,FINANCIAMENTO,RANGER,  primeira_compra  ,ECONOMICO
SYN00632,38.0,RS,REVENDEDOR,FINANCIAMENTO,TERRITORY,PRIMEIRA_COMPRA,ABANDONO
SYN00633,18.0,RJ,ONLINE,VISTA,MAVERICK,PRIMEIRA_COMPRA,ESQUECIDO
SYN00634,40.0,SP,CONCESSIONARIA,FINANCIAMENTO,  maverick  ,PRIMEIRA_COMPRA,ECONOMICO
SYN00635,40.0,GO,ONLINE,FINANCIAMENTO,TERRITORY,RECOMPRA,FIEL
SYN00636,41.0,PE,CONCESSIONARIA,VISTA,MAVERICK,,ECONOMICO
SYN00637,28.0,RJ,ONLINE,FINANCIAMENTO,  maverick  ,PRIMEIRA_COMPRA,FIEL
SYN00638,52.0,SP,ONLINE,CONSORCIO,MUSTANG,PRIMEIRA_COMPRA,ECONOMICO
SYN00639,51.0,RJ,CONCESSIONARIA,FINANCIAMENTO,  bronco  ,PRIMEIRA_COMPRA,ECONOMICO
SYN00640,23.0,RS,CONCESSIONARIA,FINANCIAMENTO,TERRITORY,RECOMPRA,FIEL
SYN00641,54.0,PE,REVENDEDOR,FINANCIAMENTO,RANGER,PRIMEIRA_COMPRA,ABANDONO
SYN00642,73.0,RJ,REVENDEDOR,FINANCIAMENTO,RANGER,RECOMPRA,FIEL
SYN00643,46.0,PE,ONLINE,FINANCIAMENTO,RANGER,PRIMEIRA_COMPRA,ECONOMICO
SYN00644,39.0,SP,REVENDEDOR,VISTA,BRONCO,RECOMPRA,FIEL
SYN00645,42.0,BA,REVENDEDOR,VISTA,TERRITORY,RECOMPRA,ECONOMICO
SYN00646,53.0,MG,CONCESSIONARIA,FINANCIAMENTO,TERRITORY,PRIMEIRA_COMPRA,ABANDONO
SYN00647,20.0,GO,ONLINE,FINANCIAMENTO,MAVERICK,PRIMEIRA_COMPRA,ECONOMICO
SYN00648,,RS,CONCESSIONARIA,VISTA,  territory  ,RECOMPRA,FIEL
SYN00649,39.0,MG,CONCESSIONARIA,FINANCIAMENTO,MUSTANG,PRIMEIRA_COMPRA,ECONOMICO
SYN00650,70.0,RJ,CONCESSIONARIA,VISTA,RANGER,PRIMEIRA_COMPRA,ECONOMICO
SYN00651,42.0,PE,REVENDEDOR,CONSORCIO,TERRITORY,RECOMPRA,FIEL
SYN00652,67.0,RS,ONLINE,FINANCIAMENTO,RANGER,RECOMPRA,FIEL
SYN00653,29.0,MG,CONCESSIONARIA,VISTA,BRONCO,RECOMPRA,ABANDONO
SYN00654,52.0,BA,CONCESSIONARIA,CONSORCIO,RANGER,RECOMPRA,ESQUECIDO
SYN00655,48.0,PR,CONCESSIONARIA,VISTA,  territory  ,PRIMEIRA_COMPRA,ECONOMICO
SYN00656,32.0,BA,ONLINE,CONSORCIO,MAVERICK,RECOMPRA,FIEL
SYN00657,46.0,RS,REVENDEDOR,FINANCIAMENTO,MUSTANG,PRIMEIRA_COMPRA,ECONOMICO
SYN00658,61.0,SP,CONCESSIONARIA,  vista  ,BRONCO,RECOMPRA,ECONOMICO
SYN00659,39.0,SP,CONCESSIONARIA,  financiamento  ,MUSTANG,RECOMPRA,ECONOMICO
SYN00660,20.0,SP,  online  ,FINANCIAMENTO,MAVERICK,PRIMEIRA_COMPRA,FIEL
SYN00661,44.0,PR,CONCESSIONARIA,CONSORCIO,MAVERICK,RECOMPRA,FIEL
SYN00662,31.0,PR,ONLINE,FINANCIAMENTO,MUSTANG,PRIMEIRA_COMPRA,ECONOMICO
SYN00663,39.0,BA,CONCESSIONARIA,CONSORCIO,RANGER,PRIMEIRA_COMPRA,ECONOMICO
SYN00664,43.0,GO,CONCESSIONARIA,VISTA,TERRITORY,PRIMEIRA_COMPRA,ESQUECIDO
SYN00665,20.0,RJ,CONCESSIONARIA,CONSORCIO,BRONCO,PRIMEIRA_COMPRA,ECONOMICO
SYN00666,21.0,GO,REVENDEDOR,CONSORCIO,MAVERICK,PRIMEIRA_COMPRA,FIEL
SYN00667,51.0,GO,CONCESSIONARIA,VISTA,MUSTANG,  recompra  ,ESQUECIDO
SYN00668,37.0,PR,CONCESSIONARIA,CONSORCIO,RANGER,PRIMEIRA_COMPRA,ESQUECIDO
SYN00669,18.0,PR,ONLINE,VISTA,TERRITORY,RECOMPRA,ECONOMICO
SYN00670,55.0,  rj  ,  revendedor  ,VISTA,TERRITORY,,ECONOMICO
SYN00671,48.0,RJ,CONCESSIONARIA,VISTA,MAVERICK,RECOMPRA,FIEL
SYN00672,34.0,,CONCESSIONARIA,FINANCIAMENTO,MUSTANG,RECOMPRA,FIEL
SYN00673,26.0,BA,ONLINE,FINANCIAMENTO,MUSTANG,PRIMEIRA_COMPRA,ECONOMICO
SYN00674,56.0,RS,CONCESSIONARIA,FINANCIAMENTO,MAVERICK,PRIMEIRA_COMPRA,ECONOMICO
SYN00675,49.0,RJ,ONLINE,FINANCIAMENTO,MAVERICK,  recompra  ,FIEL
SYN00676,77.0,RJ,CONCESSIONARIA,FINANCIAMENTO,BRONCO,PRIMEIRA_COMPRA,ECONOMICO
SYN00677,50.0,SP,CONCESSIONARIA,VISTA,MAVERICK,PRIMEIRA_COMPRA,FIEL
SYN00678,49.0,BA,CONCESSIONARIA,VISTA,RANGER,PRIMEIRA_COMPRA,ABANDONO
SYN00679,42.0,BA,ONLINE,VISTA,BRONCO,PRIMEIRA_COMPRA,ECONOMICO
SYN00680,55.0,BA,CONCESSIONARIA,CONSORCIO,TERRITORY,RECOMPRA,ESQUECIDO
SYN00681,53.0,SP,CONCESSIONARIA,CONSORCIO,MUSTANG,RECOMPRA,ECONOMICO
SYN00682,62.0,SP,CONCESSIONARIA,CONSORCIO,TERRITORY,RECOMPRA,ECONOMICO
SYN00683,37.0,SP,ONLINE,VISTA,TERRITORY,PRIMEIRA_COMPRA,ABANDONO
SYN00684,38.0,PE,CONCESSIONARIA,FINANCIAMENTO,BRONCO,RECOMPRA,FIEL
SYN00685,37.0,BA,ONLINE,CONSORCIO,MUSTANG,PRIMEIRA_COMPRA,ECONOMICO
SYN00686,55.0,MG,ONLINE,FINANCIAMENTO,MUSTANG,RECOMPRA,ABANDONO
SYN00687,65.0,SP,CONCESSIONARIA,FINANCIAMENTO,BRONCO,PRIMEIRA_COMPRA,ESQUECIDO
SYN00688,38.0,MG,REVENDEDOR,FINANCIAMENTO,MUSTANG,PRIMEIRA_COMPRA,ESQUECIDO
SYN00689,38.0,PE,REVENDEDOR,VISTA,MAVERICK,RECOMPRA,FIEL
SYN00690,48.0,RJ,CONCESSIONARIA,VISTA,MUSTANG,RECOMPRA,FIEL
SYN00691,41.0,PE,CONCESSIONARIA,FINANCIAMENTO,MUSTANG,PRIMEIRA_COMPRA,ECONOMICO
SYN00692,57.0,RS,CONCESSIONARIA,VISTA,TERRITORY,PRIMEIRA_COMPRA,ECONOMICO
SYN00693,18.0,RJ,CONCESSIONARIA,FINANCIAMENTO,BRONCO,PRIMEIRA_COMPRA,ESQUECIDO
SYN00694,32.0,GO,ONLINE,FINANCIAMENTO,TERRITORY,RECOMPRA,FIEL
SYN00695,33.0,PR,REVENDEDOR,FINANCIAMENTO,TERRITORY,RECOMPRA,ABANDONO
SYN00696,18.0,BA,REVENDEDOR,FINANCIAMENTO,BRONCO,RECOMPRA,ECONOMICO
SYN00697,31.0,SP,CONCESSIONARIA,VISTA,RANGER,RECOMPRA,FIEL
SYN00698,31.0,MG,CONCESSIONARIA,FINANCIAMENTO,TERRITORY,RECOMPRA,ABANDONO
SYN00699,41.0,BA,CONCESSIONARIA,FINANCIAMENTO,MUSTANG,PRIMEIRA_COMPRA,ECONOMICO
SYN00700,60.0,BA,ONLINE,FINANCIAMENTO,RANGER,PRIMEIRA_COMPRA,ESQUECIDO
SYN00701,41.0,SP,CONCESSIONARIA,VISTA,MAVERICK,RECOMPRA,FIEL
SYN00702,30.0,PR,REVENDEDOR,CONSORCIO,  maverick  ,PRIMEIRA_COMPRA,ECONOMICO
SYN00703,43.0,GO,REVENDEDOR,VISTA,TERRITORY,PRIMEIRA_COMPRA,ABANDONO
SYN00704,59.0,PE,CONCESSIONARIA,VISTA,BRONCO,PRIMEIRA_COMPRA,FIEL
SYN00705,30.0,RJ,ONLINE,CONSORCIO,MUSTANG,RECOMPRA,FIEL
SYN00706,31.0,GO,ONLINE,FINANCIAMENTO,MUSTANG,RECOMPRA,ECONOMICO
SYN00707,52.0,BA,REVENDEDOR,FINANCIAMENTO,MUSTANG,PRIMEIRA_COMPRA,ECONOMICO
SYN00708,41.0,SP,CONCESSIONARIA,VISTA,MAVERICK,RECOMPRA,ABANDONO
SYN00709,53.0,RJ,CONCESSIONARIA,FINANCIAMENTO,MUSTANG,PRIMEIRA_COMPRA,ECONOMICO
SYN00710,44.0,GO,ONLINE,FINANCIAMENTO,TERRITORY,PRIMEIRA_COMPRA,ECONOMICO
SYN00711,54.0,RJ,CONCESSIONARIA,FINANCIAMENTO,MAVERICK,PRIMEIRA_COMPRA,ABANDONO
SYN00712,30.0,SP,ONLINE,FINANCIAMENTO,MAVERICK,PRIMEIRA_COMPRA,ABANDONO
SYN00713,44.0,RS,CONCESSIONARIA,FINANCIAMENTO,MUSTANG,PRIMEIRA_COMPRA,ECONOMICO
SYN00714,41.0,PR,ONLINE,FINANCIAMENTO,TERRITORY,RECOMPRA,ESQUECIDO
SYN00715,27.0,PR,REVENDEDOR,FINANCIAMENTO,MUSTANG,RECOMPRA,ABANDONO
SYN00716,22.0,BA,CONCESSIONARIA,CONSORCIO,BRONCO,PRIMEIRA_COMPRA,ESQUECIDO
SYN00717,54.0,GO,CONCESSIONARIA,VISTA,RANGER,RECOMPRA,FIEL
SYN00718,39.0,PE,ONLINE,FINANCIAMENTO,MAVERICK,RECOMPRA,FIEL
SYN00719,30.0,SP,CONCESSIONARIA,FINANCIAMENTO,MUSTANG,PRIMEIRA_COMPRA,ECONOMICO
SYN00720,43.0,SP,ONLINE,FINANCIAMENTO,BRONCO,PRIMEIRA_COMPRA,ECONOMICO
SYN00721,60.0,SP,ONLINE,FINANCIAMENTO,BRONCO,PRIMEIRA_COMPRA,ECONOMICO
SYN00722,18.0,RS,CONCESSIONARIA,FINANCIAMENTO,MUSTANG,RECOMPRA,FIEL
SYN00723,23.0,MG,REVENDEDOR,FINANCIAMENTO,MUSTANG,PRIMEIRA_COMPRA,ECONOMICO
SYN00724,31.0,GO,ONLINE,CONSORCIO,BRONCO,RECOMPRA,FIEL
SYN00725,64.0,MG,ONLINE,CONSORCIO,MAVERICK,RECOMPRA,FIEL
SYN00726,48.0,SP,CONCESSIONARIA,VISTA,MAVERICK,PRIMEIRA_COMPRA,ECONOMICO
SYN00727,55.0,GO,CONCESSIONARIA,VISTA,MAVERICK,PRIMEIRA_COMPRA,ECONOMICO
SYN00728,28.0,  mg  ,CONCESSIONARIA,VISTA,MAVERICK,PRIMEIRA_COMPRA,ECONOMICO
SYN00729,28.0,GO,REVENDEDOR,VISTA,TERRITORY,PRIMEIRA_COMPRA,FIEL
SYN00730,50.0,PE,REVENDEDOR,CONSORCIO,TERRITORY,RECOMPRA,FIEL
SYN00731,45.0,GO,REVENDEDOR,VISTA,RANGER,RECOMPRA,ESQUECIDO
SYN00732,52.0,PE,CONCESSIONARIA,VISTA,MUSTANG,PRIMEIRA_COMPRA,ECONOMICO
SYN00733,41.0,RJ,ONLINE,CONSORCIO,TERRITORY,RECOMPRA,ABANDONO
SYN00734,48.0,BA,ONLINE,VISTA,MAVERICK,PRIMEIRA_COMPRA,FIEL
SYN00735,46.0,RS,ONLINE,FINANCIAMENTO,MAVERICK,PRIMEIRA_COMPRA,ESQUECIDO
SYN00736,55.0,BA,CONCESSIONARIA,FINANCIAMENTO,MAVERICK,PRIMEIRA_COMPRA,FIEL
SYN00737,55.0,BA,REVENDEDOR,FINANCIAMENTO,MUSTANG,PRIMEIRA_COMPRA,ABANDONO
SYN00738,21.0,PR,CONCESSIONARIA,FINANCIAMENTO,MUSTANG,PRIMEIRA_COMPRA,ECONOMICO
SYN00739,18.0,MG,CONCESSIONARIA,FINANCIAMENTO,RANGER,PRIMEIRA_COMPRA,FIEL
SYN00740,58.0,GO,REVENDEDOR,FINANCIAMENTO,MUSTANG,RECOMPRA,ESQUECIDO
SYN00741,61.0,BA,CONCESSIONARIA,FINANCIAMENTO,TERRITORY,PRIMEIRA_COMPRA,ESQUECIDO
SYN00742,30.0,GO,CONCESSIONARIA,CONSORCIO,MAVERICK,PRIMEIRA_COMPRA,ABANDONO
SYN00743,18.0,RJ,ONLINE,FINANCIAMENTO,MAVERICK,PRIMEIRA_COMPRA,ABANDONO
SYN00744,45.0,PE,  revendedor  ,FINANCIAMENTO,RANGER,PRIMEIRA_COMPRA,ECONOMICO
SYN00745,57.0,MG,  concessionaria  ,FINANCIAMENTO,TERRITORY,PRIMEIRA_COMPRA,ESQUECIDO
SYN00746,69.0,RS,ONLINE,FINANCIAMENTO,MUSTANG,PRIMEIRA_COMPRA,ECONOMICO
SYN00747,51.0,PE,CONCESSIONARIA,VISTA,RANGER,PRIMEIRA_COMPRA,ABANDONO
SYN00748,39.0,MG,CONCESSIONARIA,VISTA,TERRITORY,RECOMPRA,ABANDONO
SYN00749,31.0,MG,  concessionaria  ,FINANCIAMENTO,RANGER,PRIMEIRA_COMPRA,ECONOMICO
SYN00750,44.0,GO,ONLINE,VISTA,RANGER,PRIMEIRA_COMPRA,FIEL
SYN00751,40.0,GO,CONCESSIONARIA,FINANCIAMENTO,MAVERICK,PRIMEIRA_COMPRA,ABANDONO
SYN00752,30.0,MG,CONCESSIONARIA,VISTA,MUSTANG,PRIMEIRA_COMPRA,ECONOMICO
SYN00753,73.0,MG,ONLINE,CONSORCIO,BRONCO,PRIMEIRA_COMPRA,ABANDONO
SYN00754,69.0,RJ,ONLINE,CONSORCIO,TERRITORY,PRIMEIRA_COMPRA,FIEL
SYN00755,60.0,SP,ONLINE,FINANCIAMENTO,MUSTANG,RECOMPRA,ECONOMICO
SYN00756,31.0,PR,REVENDEDOR,VISTA,TERRITORY,RECOMPRA,FIEL
SYN00757,56.0,MG,CONCESSIONARIA,VISTA,TERRITORY,RECOMPRA,ABANDONO
SYN00758,53.0,PE,CONCESSIONARIA,CONSORCIO,BRONCO,PRIMEIRA_COMPRA,ECONOMICO
SYN00759,50.0,RJ,CONCESSIONARIA,FINANCIAMENTO,RANGER,PRIMEIRA_COMPRA,ECONOMICO
SYN00760,61.0,BA,ONLINE,FINANCIAMENTO,TERRITORY,PRIMEIRA_COMPRA,ESQUECIDO
SYN00761,53.0,PR,  concessionaria  ,FINANCIAMENTO,MAVERICK,RECOMPRA,FIEL
SYN00762,54.0,PR,CONCESSIONARIA,FINANCIAMENTO,MAVERICK,PRIMEIRA_COMPRA,ECONOMICO
SYN00763,53.0,SP,CONCESSIONARIA,VISTA,MUSTANG,RECOMPRA,ESQUECIDO
SYN00764,49.0,RS,CONCESSIONARIA,FINANCIAMENTO,MAVERICK,PRIMEIRA_COMPRA,ABANDONO
SYN00765,19.0,BA,REVENDEDOR,FINANCIAMENTO,TERRITORY,PRIMEIRA_COMPRA,ABANDONO
SYN00766,45.0,MG,ONLINE,CONSORCIO,MAVERICK,PRIMEIRA_COMPRA,ESQUECIDO
SYN00767,36.0,PE,CONCESSIONARIA,FINANCIAMENTO,MUSTANG,PRIMEIRA_COMPRA,FIEL
SYN00768,26.0,PR,ONLINE,CONSORCIO,MAVERICK,RECOMPRA,ESQUECIDO
SYN00769,68.0,MG,ONLINE,VISTA,,PRIMEIRA_COMPRA,ECONOMICO
SYN00770,68.0,SP,CONCESSIONARIA,CONSORCIO,BRONCO,PRIMEIRA_COMPRA,FIEL
SYN00771,63.0,RJ,CONCESSIONARIA,VISTA,MUSTANG,PRIMEIRA_COMPRA,ECONOMICO
SYN00772,48.0,RS,ONLINE,FINANCIAMENTO,TERRITORY,RECOMPRA,ECONOMICO
SYN00773,63.0,RS,CONCESSIONARIA,FINANCIAMENTO,BRONCO,PRIMEIRA_COMPRA,ECONOMICO
SYN00774,44.0,PE,ONLINE,CONSORCIO,TERRITORY,PRIMEIRA_COMPRA,ECONOMICO
SYN00775,47.0,PE,ONLINE,FINANCIAMENTO,RANGER,PRIMEIRA_COMPRA,ABANDONO
SYN00776,29.0,RJ,ONLINE,FINANCIAMENTO,MAVERICK,PRIMEIRA_COMPRA,ECONOMICO
SYN00777,50.0,PR,REVENDEDOR,VISTA,RANGER,  primeira_compra  ,FIEL
SYN00778,45.0,RS,ONLINE,FINANCIAMENTO,TERRITORY,PRIMEIRA_COMPRA,ESQUECIDO
SYN00779,26.0,SP,ONLINE,FINANCIAMENTO,MAVERICK,PRIMEIRA_COMPRA,ECONOMICO
SYN00780,43.0,BA,CONCESSIONARIA,FINANCIAMENTO,TERRITORY,PRIMEIRA_COMPRA,FIEL
SYN00781,43.0,PR,,FINANCIAMENTO,MUSTANG,PRIMEIRA_COMPRA,ECONOMICO
SYN00782,69.0,SP,REVENDEDOR,VISTA,RANGER,RECOMPRA,FIEL
SYN00783,57.0,RS,REVENDEDOR,FINANCIAMENTO,BRONCO,PRIMEIRA_COMPRA,ESQUECIDO
SYN00784,44.0,BA,REVENDEDOR,FINANCIAMENTO,RANGER,PRIMEIRA_COMPRA,ECONOMICO
SYN00785,47.0,MG,  concessionaria  ,  financiamento  ,RANGER,RECOMPRA,FIEL
SYN00786,45.0,  mg  ,ONLINE,VISTA,MAVERICK,RECOMPRA,FIEL
SYN00787,41.0,SP,REVENDEDOR,FINANCIAMENTO,RANGER,PRIMEIRA_COMPRA,ABANDONO
SYN00788,29.0,RJ,ONLINE,FINANCIAMENTO,MUSTANG,RECOMPRA,ECONOMICO
SYN00789,42.0,GO,ONLINE,CONSORCIO,BRONCO,PRIMEIRA_COMPRA,ECONOMICO
SYN00790,34.0,PR,ONLINE,FINANCIAMENTO,,RECOMPRA,ABANDONO
SYN00791,26.0,RJ,ONLINE,VISTA,MUSTANG,PRIMEIRA_COMPRA,ESQUECIDO
SYN00792,51.0,RS,CONCESSIONARIA,FINANCIAMENTO,TERRITORY,RECOMPRA,ESQUECIDO
SYN00793,49.0,RJ,CONCESSIONARIA,FINANCIAMENTO,TERRITORY,PRIMEIRA_COMPRA,ABANDONO
SYN00794,19.0,RS,REVENDEDOR,FINANCIAMENTO,BRONCO,PRIMEIRA_COMPRA,FIEL
SYN00795,42.0,RJ,REVENDEDOR,CONSORCIO,MAVERICK,  recompra  ,ABANDONO
SYN00796,58.0,PR,REVENDEDOR,FINANCIAMENTO,MUSTANG,PRIMEIRA_COMPRA,ABANDONO
SYN00797,59.0,PR,CONCESSIONARIA,FINANCIAMENTO,BRONCO,,ECONOMICO
SYN00798,58.0,BA,CONCESSIONARIA,VISTA,TERRITORY,PRIMEIRA_COMPRA,FIEL
SYN00799,45.0,RS,CONCESSIONARIA,FINANCIAMENTO,MUSTANG,PRIMEIRA_COMPRA,ESQUECIDO
SYN00800,32.0,MG,REVENDEDOR,VISTA,BRONCO,PRIMEIRA_COMPRA,ABANDONO
SYN00801,29.0,RJ,ONLINE,CONSORCIO,MUSTANG,PRIMEIRA_COMPRA,ECONOMICO
SYN00802,49.0,RJ,REVENDEDOR,VISTA,BRONCO,PRIMEIRA_COMPRA,ECONOMICO
SYN00803,49.0,RS,CONCESSIONARIA,FINANCIAMENTO,RANGER,PRIMEIRA_COMPRA,ESQUECIDO
SYN00804,62.0,RS,ONLINE,FINANCIAMENTO,MUSTANG,RECOMPRA,FIEL
SYN00805,59.0,  ba  ,ONLINE,CONSORCIO,MAVERICK,PRIMEIRA_COMPRA,ESQUECIDO
SYN00806,42.0,SP,CONCESSIONARIA,FINANCIAMENTO,TERRITORY,PRIMEIRA_COMPRA,FIEL
SYN00807,27.0,MG,REVENDEDOR,FINANCIAMENTO,MUSTANG,PRIMEIRA_COMPRA,FIEL
SYN00808,40.0,PE,ONLINE,CONSORCIO,RANGER,PRIMEIRA_COMPRA,ESQUECIDO
SYN00809,47.0,GO,CONCESSIONARIA,CONSORCIO,,RECOMPRA,FIEL
SYN00810,41.0,GO,CONCESSIONARIA,FINANCIAMENTO,BRONCO,RECOMPRA,FIEL
SYN00811,36.0,MG,REVENDEDOR,FINANCIAMENTO,BRONCO,RECOMPRA,ABANDONO
SYN00812,48.0,RJ,ONLINE,VISTA,RANGER,RECOMPRA,FIEL
SYN00813,37.0,  rj  ,ONLINE,CONSORCIO,RANGER,PRIMEIRA_COMPRA,ECONOMICO
SYN00814,35.0,  rj  ,ONLINE,FINANCIAMENTO,MAVERICK,RECOMPRA,FIEL
SYN00815,48.0,GO,CONCESSIONARIA,FINANCIAMENTO,BRONCO,PRIMEIRA_COMPRA,ABANDONO
SYN00816,38.0,GO,ONLINE,FINANCIAMENTO,RANGER,RECOMPRA,ECONOMICO
SYN00817,47.0,  pe  ,REVENDEDOR,FINANCIAMENTO,MAVERICK,PRIMEIRA_COMPRA,ECONOMICO
SYN00818,48.0,BA,CONCESSIONARIA,FINANCIAMENTO,MAVERICK,  primeira_compra  ,ABANDONO
SYN00819,28.0,MG,ONLINE,VISTA,TERRITORY,RECOMPRA,ABANDONO
SYN00820,37.0,RS,CONCESSIONARIA,FINANCIAMENTO,MAVERICK,PRIMEIRA_COMPRA,ECONOMICO
SYN00821,64.0,PE,CONCESSIONARIA,FINANCIAMENTO,MUSTANG,RECOMPRA,FIEL
SYN00822,28.0,PE,CONCESSIONARIA,CONSORCIO,BRONCO,  recompra  ,FIEL
SYN00823,18.0,PR,REVENDEDOR,FINANCIAMENTO,TERRITORY,RECOMPRA,ECONOMICO
SYN00824,18.0,PE,CONCESSIONARIA,FINANCIAMENTO,MUSTANG,PRIMEIRA_COMPRA,ABANDONO
SYN00825,44.0,MG,CONCESSIONARIA,CONSORCIO,MUSTANG,PRIMEIRA_COMPRA,ABANDONO
SYN00826,44.0,RS,ONLINE,FINANCIAMENTO,BRONCO,RECOMPRA,ESQUECIDO
SYN00827,42.0,PE,CONCESSIONARIA,CONSORCIO,BRONCO,PRIMEIRA_COMPRA,FIEL
SYN00828,61.0,RS,ONLINE,FINANCIAMENTO,MUSTANG,PRIMEIRA_COMPRA,FIEL
SYN00829,18.0,PE,REVENDEDOR,FINANCIAMENTO,RANGER,RECOMPRA,ABANDONO
SYN00830,50.0,RS,CONCESSIONARIA,VISTA,TERRITORY,RECOMPRA,ECONOMICO
SYN00831,66.0,MG,CONCESSIONARIA,FINANCIAMENTO,BRONCO,RECOMPRA,ESQUECIDO
SYN00832,28.0,RJ,REVENDEDOR,VISTA,MAVERICK,PRIMEIRA_COMPRA,ABANDONO
SYN00833,39.0,PR,CONCESSIONARIA,FINANCIAMENTO,MAVERICK,PRIMEIRA_COMPRA,ABANDONO
SYN00834,33.0,RS,CONCESSIONARIA,VISTA,TERRITORY,RECOMPRA,ECONOMICO
SYN00835,31.0,MG,REVENDEDOR,FINANCIAMENTO,MUSTANG,PRIMEIRA_COMPRA,ECONOMICO
SYN00836,39.0,BA,REVENDEDOR,VISTA,MAVERICK,PRIMEIRA_COMPRA,ESQUECIDO
SYN00837,64.0,SP,ONLINE,VISTA,BRONCO,PRIMEIRA_COMPRA,FIEL
SYN00838,70.0,SP,ONLINE,FINANCIAMENTO,MUSTANG,RECOMPRA,FIEL
SYN00839,39.0,GO,REVENDEDOR,FINANCIAMENTO,RANGER,PRIMEIRA_COMPRA,ABANDONO
SYN00840,71.0,BA,ONLINE,FINANCIAMENTO,MAVERICK,PRIMEIRA_COMPRA,ECONOMICO
SYN00841,44.0,PR,ONLINE,VISTA,MUSTANG,PRIMEIRA_COMPRA,ECONOMICO
SYN00842,69.0,SP,REVENDEDOR,FINANCIAMENTO,MAVERICK,PRIMEIRA_COMPRA,FIEL
SYN00843,43.0,PR,ONLINE,VISTA,BRONCO,RECOMPRA,ESQUECIDO
SYN00844,46.0,RS,ONLINE,FINANCIAMENTO,TERRITORY,PRIMEIRA_COMPRA,ECONOMICO
SYN00845,49.0,PR,CONCESSIONARIA,FINANCIAMENTO,TERRITORY,PRIMEIRA_COMPRA,ECONOMICO
SYN00846,89.0,SP,ONLINE,VISTA,BRONCO,PRIMEIRA_COMPRA,FIEL
SYN00847,56.0,PR,,FINANCIAMENTO,MUSTANG,PRIMEIRA_COMPRA,ABANDONO
SYN00848,,PR,CONCESSIONARIA,FINANCIAMENTO,BRONCO,PRIMEIRA_COMPRA,ECONOMICO
SYN00849,58.0,MG,CONCESSIONARIA,VISTA,RANGER,RECOMPRA,FIEL
SYN00850,39.0,SP,REVENDEDOR,VISTA,BRONCO,PRIMEIRA_COMPRA,ABANDONO
SYN00851,37.0,GO,CONCESSIONARIA,FINANCIAMENTO,RANGER,PRIMEIRA_COMPRA,ABANDONO
SYN00852,57.0,BA,CONCESSIONARIA,FINANCIAMENTO,MUSTANG,PRIMEIRA_COMPRA,ESQUECIDO
SYN00853,44.0,PR,CONCESSIONARIA,FINANCIAMENTO,BRONCO,RECOMPRA,FIEL
SYN00854,48.0,PE,CONCESSIONARIA,VISTA,TERRITORY,RECOMPRA,FIEL
SYN00855,44.0,BA,ONLINE,  financiamento  ,MAVERICK,  primeira_compra  ,ECONOMICO
SYN00856,49.0,RJ,CONCESSIONARIA,VISTA,BRONCO,PRIMEIRA_COMPRA,ABANDONO
SYN00857,50.0,RS,CONCESSIONARIA,VISTA,BRONCO,PRIMEIRA_COMPRA,ECONOMICO
SYN00858,18.0,GO,REVENDEDOR,CONSORCIO,BRONCO,RECOMPRA,ECONOMICO
SYN00859,53.0,MG,CONCESSIONARIA,FINANCIAMENTO,MUSTANG,RECOMPRA,ECONOMICO
SYN00860,30.0,GO,CONCESSIONARIA,FINANCIAMENTO,MUSTANG,RECOMPRA,ESQUECIDO
SYN00861,24.0,SP,REVENDEDOR,FINANCIAMENTO,TERRITORY,RECOMPRA,ECONOMICO
SYN00862,43.0,MG,ONLINE,FINANCIAMENTO,TERRITORY,PRIMEIRA_COMPRA,ESQUECIDO
SYN00863,45.0,MG,ONLINE,FINANCIAMENTO,MUSTANG,PRIMEIRA_COMPRA,FIEL
SYN00864,34.0,PR,REVENDEDOR,CONSORCIO,MAVERICK,PRIMEIRA_COMPRA,ECONOMICO
SYN00865,56.0,RJ,REVENDEDOR,FINANCIAMENTO,RANGER,RECOMPRA,ABANDONO
SYN00866,25.0,RJ,CONCESSIONARIA,FINANCIAMENTO,BRONCO,PRIMEIRA_COMPRA,ECONOMICO
SYN00867,38.0,BA,ONLINE,VISTA,  ranger  ,PRIMEIRA_COMPRA,ABANDONO
SYN00868,36.0,MG,ONLINE,CONSORCIO,RANGER,PRIMEIRA_COMPRA,ABANDONO
SYN00869,43.0,GO,CONCESSIONARIA,FINANCIAMENTO,RANGER,PRIMEIRA_COMPRA,ECONOMICO
SYN00870,48.0,PE,REVENDEDOR,VISTA,TERRITORY,RECOMPRA,ABANDONO
SYN00871,30.0,MG,CONCESSIONARIA,CONSORCIO,RANGER,PRIMEIRA_COMPRA,ABANDONO
SYN00872,54.0,PR,REVENDEDOR,FINANCIAMENTO,MUSTANG,RECOMPRA,ECONOMICO
SYN00873,45.0,MG,ONLINE,VISTA,BRONCO,PRIMEIRA_COMPRA,ABANDONO
SYN00874,18.0,MG,ONLINE,FINANCIAMENTO,BRONCO,RECOMPRA,FIEL
SYN00875,18.0,BA,CONCESSIONARIA,FINANCIAMENTO,MUSTANG,RECOMPRA,ECONOMICO
SYN00876,44.0,MG,REVENDEDOR,FINANCIAMENTO,MUSTANG,RECOMPRA,FIEL
SYN00877,41.0,RJ,ONLINE,FINANCIAMENTO,MUSTANG,RECOMPRA,ABANDONO
SYN00878,43.0,MG,CONCESSIONARIA,VISTA,RANGER,PRIMEIRA_COMPRA,FIEL
SYN00879,44.0,GO,CONCESSIONARIA,CONSORCIO,MAVERICK,PRIMEIRA_COMPRA,FIEL
SYN00880,47.0,MG,ONLINE,FINANCIAMENTO,MUSTANG,RECOMPRA,ECONOMICO
SYN00881,,MG,CONCESSIONARIA,VISTA,RANGER,RECOMPRA,FIEL
SYN00882,28.0,BA,ONLINE,FINANCIAMENTO,MUSTANG,RECOMPRA,ECONOMICO
SYN00883,28.0,SP,ONLINE,FINANCIAMENTO,MUSTANG,RECOMPRA,ESQUECIDO
SYN00884,29.0,MG,CONCESSIONARIA,VISTA,MUSTANG,PRIMEIRA_COMPRA,FIEL
SYN00885,48.0,RJ,ONLINE,FINANCIAMENTO,TERRITORY,PRIMEIRA_COMPRA,ECONOMICO
SYN00886,61.0,GO,CONCESSIONARIA,VISTA,RANGER,RECOMPRA,FIEL
SYN00887,38.0,GO,REVENDEDOR,FINANCIAMENTO,MAVERICK,PRIMEIRA_COMPRA,ESQUECIDO
SYN00888,18.0,PE,REVENDEDOR,CONSORCIO,MAVERICK,RECOMPRA,ESQUECIDO
SYN00889,20.0,RJ,  concessionaria  ,FINANCIAMENTO,MAVERICK,PRIMEIRA_COMPRA,ECONOMICO
SYN00890,32.0,PR,ONLINE,FINANCIAMENTO,TERRITORY,RECOMPRA,FIEL
SYN00891,36.0,BA,ONLINE,VISTA,RANGER,RECOMPRA,ESQUECIDO
SYN00892,38.0,PE,REVENDEDOR,VISTA,  mustang  ,PRIMEIRA_COMPRA,ECONOMICO
SYN00893,45.0,RJ,CONCESSIONARIA,FINANCIAMENTO,BRONCO,RECOMPRA,FIEL
SYN00894,40.0,BA,ONLINE,CONSORCIO,MUSTANG,PRIMEIRA_COMPRA,ESQUECIDO
SYN00895,59.0,RJ,REVENDEDOR,FINANCIAMENTO,MUSTANG,PRIMEIRA_COMPRA,ABANDONO
SYN00896,35.0,PR,CONCESSIONARIA,FINANCIAMENTO,BRONCO,RECOMPRA,FIEL
SYN00897,32.0,GO,ONLINE,FINANCIAMENTO,TERRITORY,PRIMEIRA_COMPRA,ESQUECIDO
SYN00898,51.0,SP,CONCESSIONARIA,VISTA,MUSTANG,PRIMEIRA_COMPRA,FIEL
SYN00899,23.0,RJ,ONLINE,VISTA,MAVERICK,RECOMPRA,ESQUECIDO
SYN00900,49.0,PE,CONCESSIONARIA,CONSORCIO,MAVERICK,  recompra  ,FIEL
SYN00901,45.0,SP,REVENDEDOR,  vista  ,MUSTANG,PRIMEIRA_COMPRA,FIEL
SYN00902,42.0,BA,CONCESSIONARIA,FINANCIAMENTO,TERRITORY,RECOMPRA,FIEL
SYN00903,66.0,PR,CONCESSIONARIA,FINANCIAMENTO,TERRITORY,PRIMEIRA_COMPRA,FIEL
SYN00904,35.0,MG,REVENDEDOR,FINANCIAMENTO,RANGER,PRIMEIRA_COMPRA,ECONOMICO
SYN00905,73.0,PE,REVENDEDOR,VISTA,TERRITORY,RECOMPRA,FIEL
SYN00906,41.0,PE,ONLINE,FINANCIAMENTO,BRONCO,PRIMEIRA_COMPRA,FIEL
SYN00907,26.0,MG,ONLINE,VISTA,BRONCO,RECOMPRA,FIEL
SYN00908,45.0,SP,  concessionaria  ,,RANGER,RECOMPRA,FIEL
SYN00909,29.0,RJ,ONLINE,VISTA,MUSTANG,RECOMPRA,ABANDONO
SYN00910,33.0,SP,CONCESSIONARIA,FINANCIAMENTO,BRONCO,RECOMPRA,FIEL
SYN00911,50.0,GO,CONCESSIONARIA,FINANCIAMENTO,BRONCO,PRIMEIRA_COMPRA,ECONOMICO
SYN00912,52.0,PR,REVENDEDOR,CONSORCIO,MUSTANG,RECOMPRA,ESQUECIDO
SYN00913,35.0,BA,ONLINE,VISTA,BRONCO,PRIMEIRA_COMPRA,ABANDONO
SYN00914,58.0,RJ,CONCESSIONARIA,FINANCIAMENTO,MUSTANG,PRIMEIRA_COMPRA,FIEL
SYN00915,60.0,PE,CONCESSIONARIA,VISTA,TERRITORY,PRIMEIRA_COMPRA,FIEL
SYN00916,64.0,BA,REVENDEDOR,CONSORCIO,MUSTANG,RECOMPRA,FIEL
SYN00917,51.0,  pe  ,CONCESSIONARIA,FINANCIAMENTO,MUSTANG,PRIMEIRA_COMPRA,ABANDONO
SYN00918,63.0,RS,CONCESSIONARIA,CONSORCIO,MAVERICK,PRIMEIRA_COMPRA,ECONOMICO
SYN00919,18.0,BA,CONCESSIONARIA,FINANCIAMENTO,MUSTANG,PRIMEIRA_COMPRA,FIEL
SYN00920,40.0,PR,CONCESSIONARIA,CONSORCIO,MAVERICK,PRIMEIRA_COMPRA,FIEL
SYN00921,32.0,RS,CONCESSIONARIA,FINANCIAMENTO,MAVERICK,RECOMPRA,ECONOMICO
SYN00922,46.0,PR,REVENDEDOR,FINANCIAMENTO,MAVERICK,PRIMEIRA_COMPRA,ECONOMICO
SYN00923,36.0,MG,CONCESSIONARIA,FINANCIAMENTO,MUSTANG,RECOMPRA,FIEL
SYN00924,42.0,  go  ,ONLINE,CONSORCIO,MAVERICK,RECOMPRA,ABANDONO
SYN00925,70.0,BA,ONLINE,CONSORCIO,MAVERICK,PRIMEIRA_COMPRA,FIEL
SYN00926,42.0,BA,ONLINE,FINANCIAMENTO,RANGER,PRIMEIRA_COMPRA,ECONOMICO
SYN00927,50.0,BA,ONLINE,FINANCIAMENTO,MUSTANG,PRIMEIRA_COMPRA,ESQUECIDO
SYN00928,41.0,RS,ONLINE,FINANCIAMENTO,MAVERICK,PRIMEIRA_COMPRA,ESQUECIDO
SYN00929,45.0,GO,ONLINE,FINANCIAMENTO,RANGER,PRIMEIRA_COMPRA,ABANDONO
SYN00930,44.0,RJ,ONLINE,VISTA,TERRITORY,PRIMEIRA_COMPRA,ABANDONO
SYN00931,50.0,PR,ONLINE,FINANCIAMENTO,TERRITORY,RECOMPRA,ESQUECIDO
SYN00932,60.0,SP,ONLINE,CONSORCIO,TERRITORY,PRIMEIRA_COMPRA,FIEL
SYN00933,67.0,MG,ONLINE,CONSORCIO,MUSTANG,PRIMEIRA_COMPRA,ESQUECIDO
SYN00934,48.0,PR,CONCESSIONARIA,FINANCIAMENTO,BRONCO,PRIMEIRA_COMPRA,FIEL
SYN00935,52.0,RS,ONLINE,VISTA,BRONCO,RECOMPRA,ESQUECIDO
SYN00936,28.0,GO,ONLINE,CONSORCIO,MAVERICK,PRIMEIRA_COMPRA,ABANDONO
SYN00937,43.0,PR,CONCESSIONARIA,CONSORCIO,TERRITORY,RECOMPRA,ECONOMICO
SYN00938,57.0,RS,REVENDEDOR,VISTA,MUSTANG,PRIMEIRA_COMPRA,ABANDONO
SYN00939,56.0,RS,CONCESSIONARIA,,MAVERICK,RECOMPRA,FIEL
SYN00940,47.0,PR,CONCESSIONARIA,FINANCIAMENTO,TERRITORY,PRIMEIRA_COMPRA,ABANDONO
SYN00941,56.0,PE,REVENDEDOR,VISTA,MAVERICK,PRIMEIRA_COMPRA,ABANDONO
SYN00942,51.0,MG,CONCESSIONARIA,FINANCIAMENTO,BRONCO,PRIMEIRA_COMPRA,ABANDONO
SYN00943,61.0,PR,CONCESSIONARIA,VISTA,TERRITORY,PRIMEIRA_COMPRA,FIEL
SYN00944,48.0,,CONCESSIONARIA,VISTA,MUSTANG,RECOMPRA,FIEL
SYN00945,39.0,SP,REVENDEDOR,FINANCIAMENTO,TERRITORY,PRIMEIRA_COMPRA,ABANDONO
SYN00946,49.0,GO,CONCESSIONARIA,FINANCIAMENTO,RANGER,PRIMEIRA_COMPRA,ECONOMICO
SYN00947,18.0,PR,ONLINE,FINANCIAMENTO,BRONCO,PRIMEIRA_COMPRA,ABANDONO
SYN00948,49.0,RJ,ONLINE,CONSORCIO,BRONCO,PRIMEIRA_COMPRA,ECONOMICO
SYN00949,18.0,BA,ONLINE,FINANCIAMENTO,RANGER,RECOMPRA,ECONOMICO
SYN00950,20.0,BA,REVENDEDOR,FINANCIAMENTO,MAVERICK,PRIMEIRA_COMPRA,ECONOMICO
SYN00951,50.0,GO,REVENDEDOR,CONSORCIO,TERRITORY,RECOMPRA,FIEL
SYN00952,51.0,SP,CONCESSIONARIA,VISTA,RANGER,RECOMPRA,FIEL
SYN00953,28.0,RS,REVENDEDOR,VISTA,BRONCO,PRIMEIRA_COMPRA,ECONOMICO
SYN00954,34.0,RJ,ONLINE,CONSORCIO,  ranger  ,PRIMEIRA_COMPRA,ABANDONO
SYN00955,63.0,PR,CONCESSIONARIA,FINANCIAMENTO,MAVERICK,PRIMEIRA_COMPRA,ABANDONO
SYN00956,37.0,PR,CONCESSIONARIA,CONSORCIO,RANGER,PRIMEIRA_COMPRA,ABANDONO
SYN00957,75.0,RS,ONLINE,CONSORCIO,BRONCO,RECOMPRA,FIEL
SYN00958,44.0,GO,CONCESSIONARIA,,RANGER,PRIMEIRA_COMPRA,FIEL
SYN00959,50.0,PR,ONLINE,FINANCIAMENTO,TERRITORY,PRIMEIRA_COMPRA,ABANDONO
SYN00960,67.0,RS,CONCESSIONARIA,FINANCIAMENTO,MUSTANG,RECOMPRA,ESQUECIDO
SYN00961,46.0,SP,ONLINE,VISTA,MAVERICK,PRIMEIRA_COMPRA,ABANDONO
SYN00962,30.0,MG,CONCESSIONARIA,VISTA,BRONCO,RECOMPRA,FIEL
SYN00963,42.0,GO,REVENDEDOR,VISTA,RANGER,RECOMPRA,ECONOMICO
SYN00964,44.0,RS,CONCESSIONARIA,CONSORCIO,TERRITORY,PRIMEIRA_COMPRA,ABANDONO
SYN00965,25.0,GO,CONCESSIONARIA,FINANCIAMENTO,TERRITORY,PRIMEIRA_COMPRA,FIEL
SYN00966,40.0,PR,CONCESSIONARIA,VISTA,BRONCO,PRIMEIRA_COMPRA,FIEL
SYN00967,34.0,PR,CONCESSIONARIA,VISTA,TERRITORY,RECOMPRA,FIEL
SYN00968,57.0,RS,ONLINE,VISTA,MUSTANG,PRIMEIRA_COMPRA,ESQUECIDO
SYN00969,44.0,PR,ONLINE,FINANCIAMENTO,MAVERICK,RECOMPRA,FIEL
SYN00970,40.0,SP,CONCESSIONARIA,VISTA,TERRITORY,RECOMPRA,ECONOMICO
SYN00971,43.0,SP,REVENDEDOR,VISTA,RANGER,PRIMEIRA_COMPRA,ECONOMICO
SYN00972,47.0,RS,CONCESSIONARIA,FINANCIAMENTO,  bronco  ,RECOMPRA,FIEL
SYN00973,53.0,PR,CONCESSIONARIA,VISTA,BRONCO,PRIMEIRA_COMPRA,ECONOMICO
SYN00974,30.0,PR,ONLINE,FINANCIAMENTO,MAVERICK,PRIMEIRA_COMPRA,ECONOMICO
SYN00975,29.0,RS,ONLINE,FINANCIAMENTO,BRONCO,RECOMPRA,ECONOMICO
SYN00976,59.0,MG,ONLINE,CONSORCIO,MAVERICK,PRIMEIRA_COMPRA,ABANDONO
SYN00977,38.0,BA,CONCESSIONARIA,FINANCIAMENTO,MUSTANG,RECOMPRA,ESQUECIDO
SYN00978,24.0,PR,CONCESSIONARIA,VISTA,BRONCO,RECOMPRA,FIEL
SYN00979,50.0,SP,ONLINE,VISTA,,PRIMEIRA_COMPRA,FIEL
SYN00980,,RS,CONCESSIONARIA,FINANCIAMENTO,TERRITORY,PRIMEIRA_COMPRA,ECONOMICO
SYN00981,23.0,BA,CONCESSIONARIA,FINANCIAMENTO,MUSTANG,PRIMEIRA_COMPRA,ABANDONO
SYN00982,47.0,PE,REVENDEDOR,FINANCIAMENTO,BRONCO,PRIMEIRA_COMPRA,ABANDONO
SYN00983,54.0,MG,ONLINE,FINANCIAMENTO,MAVERICK,,FIEL
SYN00984,49.0,GO,CONCESSIONARIA,VISTA,MUSTANG,PRIMEIRA_COMPRA,ECONOMICO
SYN00985,53.0,BA,CONCESSIONARIA,FINANCIAMENTO,TERRITORY,RECOMPRA,FIEL
SYN00986,24.0,RS,ONLINE,CONSORCIO,RANGER,PRIMEIRA_COMPRA,FIEL
SYN00987,49.0,BA,CONCESSIONARIA,FINANCIAMENTO,TERRITORY,PRIMEIRA_COMPRA,ECONOMICO
SYN00988,40.0,PE,CONCESSIONARIA,FINANCIAMENTO,TERRITORY,PRIMEIRA_COMPRA,FIEL
SYN00989,37.0,RJ,CONCESSIONARIA,CONSORCIO,RANGER,PRIMEIRA_COMPRA,FIEL
SYN00990,56.0,  rj  ,ONLINE,FINANCIAMENTO,BRONCO,PRIMEIRA_COMPRA,ESQUECIDO
SYN00991,65.0,RS,ONLINE,VISTA,TERRITORY,PRIMEIRA_COMPRA,ECONOMICO
SYN00992,69.0,SP,CONCESSIONARIA,VISTA,RANGER,PRIMEIRA_COMPRA,ESQUECIDO
SYN00993,62.0,PE,CONCESSIONARIA,CONSORCIO,RANGER,  primeira_compra  ,FIEL
SYN00994,42.0,GO,  online  ,FINANCIAMENTO,TERRITORY,PRIMEIRA_COMPRA,ABANDONO
SYN00995,49.0,PR,ONLINE,FINANCIAMENTO,TERRITORY,PRIMEIRA_COMPRA,ECONOMICO
SYN00996,55.0,GO,ONLINE,,MUSTANG,PRIMEIRA_COMPRA,ABANDONO
SYN00997,46.0,SP,CONCESSIONARIA,FINANCIAMENTO,MAVERICK,PRIMEIRA_COMPRA,ECONOMICO
SYN00998,46.0,BA,ONLINE,,MAVERICK,RECOMPRA,FIEL
SYN00999,56.0,  rs  ,REVENDEDOR,VISTA,  maverick  ,PRIMEIRA_COMPRA,ECONOMICO
SYN01000,43.0,MG,ONLINE,VISTA,MUSTANG,PRIMEIRA_COMPRA,ABANDONO
SYN01001,34.0,MG,CONCESSIONARIA,VISTA,TERRITORY,PRIMEIRA_COMPRA,ECONOMICO
SYN01002,38.0,,ONLINE,CONSORCIO,RANGER,PRIMEIRA_COMPRA,ABANDONO
SYN01003,53.0,BA,CONCESSIONARIA,FINANCIAMENTO,BRONCO,RECOMPRA,ESQUECIDO
SYN01004,44.0,RJ,CONCESSIONARIA,VISTA,RANGER,RECOMPRA,FIEL
SYN01005,49.0,PR,CONCESSIONARIA,VISTA,TERRITORY,RECOMPRA,FIEL
SYN01006,53.0,GO,REVENDEDOR,FINANCIAMENTO,MAVERICK,PRIMEIRA_COMPRA,ABANDONO
SYN01007,39.0,  sp  ,CONCESSIONARIA,CONSORCIO,BRONCO,PRIMEIRA_COMPRA,FIEL
SYN01008,55.0,GO,REVENDEDOR,FINANCIAMENTO,MAVERICK,PRIMEIRA_COMPRA,ESQUECIDO
SYN01009,49.0,PR,ONLINE,FINANCIAMENTO,BRONCO,RECOMPRA,FIEL
SYN01010,27.0,MG,ONLINE,CONSORCIO,BRONCO,PRIMEIRA_COMPRA,ECONOMICO
SYN01011,64.0,BA,CONCESSIONARIA,CONSORCIO,TERRITORY,PRIMEIRA_COMPRA,ECONOMICO
SYN01012,37.0,PR,ONLINE,FINANCIAMENTO,TERRITORY,PRIMEIRA_COMPRA,ECONOMICO
SYN01013,21.0,PE,CONCESSIONARIA,VISTA,TERRITORY,RECOMPRA,FIEL
SYN01014,29.0,SP,CONCESSIONARIA,FINANCIAMENTO,MAVERICK,PRIMEIRA_COMPRA,ABANDONO
SYN01015,30.0,SP,CONCESSIONARIA,FINANCIAMENTO,MUSTANG,PRIMEIRA_COMPRA,ABANDONO
SYN01016,45.0,BA,CONCESSIONARIA,FINANCIAMENTO,RANGER,RECOMPRA,FIEL
SYN01017,40.0,MG,ONLINE,CONSORCIO,BRONCO,PRIMEIRA_COMPRA,ESQUECIDO
SYN01018,39.0,RJ,CONCESSIONARIA,FINANCIAMENTO,BRONCO,RECOMPRA,ECONOMICO
SYN01019,53.0,RS,CONCESSIONARIA,FINANCIAMENTO,BRONCO,PRIMEIRA_COMPRA,FIEL
SYN01020,49.0,BA,REVENDEDOR,VISTA,TERRITORY,RECOMPRA,FIEL
SYN01021,48.0,RJ,CONCESSIONARIA,FINANCIAMENTO,RANGER,RECOMPRA,FIEL
SYN01022,50.0,GO,CONCESSIONARIA,FINANCIAMENTO,TERRITORY,PRIMEIRA_COMPRA,ESQUECIDO
SYN01023,53.0,RS,CONCESSIONARIA,FINANCIAMENTO,RANGER,RECOMPRA,FIEL
SYN01024,18.0,RJ,CONCESSIONARIA,VISTA,RANGER,PRIMEIRA_COMPRA,ABANDONO
SYN01025,39.0,SP,ONLINE,VISTA,TERRITORY,PRIMEIRA_COMPRA,FIEL
SYN01026,18.0,PE,CONCESSIONARIA,VISTA,MAVERICK,PRIMEIRA_COMPRA,FIEL
SYN01027,45.0,SP,CONCESSIONARIA,FINANCIAMENTO,MUSTANG,PRIMEIRA_COMPRA,ECONOMICO
SYN01028,44.0,RS,ONLINE,FINANCIAMENTO,MAVERICK,PRIMEIRA_COMPRA,ECONOMICO
SYN01029,59.0,BA,CONCESSIONARIA,VISTA,RANGER,PRIMEIRA_COMPRA,FIEL
SYN01030,61.0,PR,REVENDEDOR,FINANCIAMENTO,TERRITORY,RECOMPRA,FIEL
SYN01031,47.0,,REVENDEDOR,FINANCIAMENTO,TERRITORY,RECOMPRA,FIEL
SYN01032,37.0,SP,CONCESSIONARIA,FINANCIAMENTO,TERRITORY,PRIMEIRA_COMPRA,ECONOMICO
SYN01033,51.0,BA,CONCESSIONARIA,FINANCIAMENTO,MUSTANG,PRIMEIRA_COMPRA,ESQUECIDO
SYN01034,37.0,RS,CONCESSIONARIA,FINANCIAMENTO,MAVERICK,PRIMEIRA_COMPRA,ECONOMICO
SYN01035,44.0,SP,CONCESSIONARIA,CONSORCIO,BRONCO,PRIMEIRA_COMPRA,ESQUECIDO
SYN01036,58.0,RJ,CONCESSIONARIA,  financiamento  ,BRONCO,RECOMPRA,ECONOMICO
SYN01037,36.0,PR,ONLINE,VISTA,TERRITORY,RECOMPRA,FIEL
SYN01038,55.0,RJ,CONCESSIONARIA,FINANCIAMENTO,BRONCO,PRIMEIRA_COMPRA,FIEL
SYN01039,53.0,RS,CONCESSIONARIA,VISTA,MAVERICK,PRIMEIRA_COMPRA,ABANDONO
SYN01040,31.0,SP,CONCESSIONARIA,VISTA,MUSTANG,PRIMEIRA_COMPRA,ABANDONO
SYN01041,58.0,PE,REVENDEDOR,CONSORCIO,,PRIMEIRA_COMPRA,FIEL
SYN01042,54.0,BA,REVENDEDOR,FINANCIAMENTO,RANGER,PRIMEIRA_COMPRA,ECONOMICO
SYN01043,45.0,PE,CONCESSIONARIA,VISTA,MUSTANG,PRIMEIRA_COMPRA,ESQUECIDO
SYN01044,33.0,SP,ONLINE,FINANCIAMENTO,TERRITORY,PRIMEIRA_COMPRA,ECONOMICO
SYN01045,32.0,RS,CONCESSIONARIA,VISTA,RANGER,PRIMEIRA_COMPRA,ECONOMICO
SYN01046,36.0,MG,ONLINE,CONSORCIO,BRONCO,RECOMPRA,ABANDONO
SYN01047,52.0,PR,ONLINE,VISTA,MAVERICK,RECOMPRA,ESQUECIDO
SYN01048,31.0,PE,REVENDEDOR,VISTA,TERRITORY,PRIMEIRA_COMPRA,ESQUECIDO
SYN01049,50.0,RJ,  concessionaria  ,CONSORCIO,TERRITORY,PRIMEIRA_COMPRA,ABANDONO
SYN01050,27.0,PE,CONCESSIONARIA,CONSORCIO,TERRITORY,RECOMPRA,ESQUECIDO
SYN01051,41.0,PR,REVENDEDOR,FINANCIAMENTO,MUSTANG,PRIMEIRA_COMPRA,ECONOMICO
SYN01052,46.0,PE,CONCESSIONARIA,FINANCIAMENTO,MUSTANG,RECOMPRA,ECONOMICO
SYN01053,78.0,SP,CONCESSIONARIA,VISTA,MUSTANG,PRIMEIRA_COMPRA,ESQUECIDO
SYN01054,25.0,GO,ONLINE,CONSORCIO,,RECOMPRA,FIEL
SYN01055,65.0,RS,ONLINE,FINANCIAMENTO,MUSTANG,PRIMEIRA_COMPRA,ECONOMICO
SYN01056,46.0,MG,ONLINE,FINANCIAMENTO,TERRITORY,RECOMPRA,FIEL
SYN01057,50.0,RJ,ONLINE,VISTA,MUSTANG,PRIMEIRA_COMPRA,ESQUECIDO
SYN01058,46.0,GO,ONLINE,FINANCIAMENTO,MUSTANG,RECOMPRA,ESQUECIDO
SYN01059,50.0,GO,CONCESSIONARIA,FINANCIAMENTO,MAVERICK,PRIMEIRA_COMPRA,ESQUECIDO
SYN01060,42.0,RJ,ONLINE,FINANCIAMENTO,MUSTANG,PRIMEIRA_COMPRA,FIEL
SYN01061,64.0,RS,ONLINE,FINANCIAMENTO,RANGER,RECOMPRA,ESQUECIDO
SYN01062,38.0,BA,REVENDEDOR,VISTA,MAVERICK,PRIMEIRA_COMPRA,ABANDONO
SYN01063,60.0,  pr  ,CONCESSIONARIA,FINANCIAMENTO,RANGER,PRIMEIRA_COMPRA,ABANDONO
SYN01064,35.0,RJ,CONCESSIONARIA,FINANCIAMENTO,MAVERICK,PRIMEIRA_COMPRA,FIEL
SYN01065,43.0,MG,ONLINE,VISTA,TERRITORY,RECOMPRA,ABANDONO
SYN01066,29.0,MG,CONCESSIONARIA,FINANCIAMENTO,MUSTANG,RECOMPRA,FIEL
SYN01067,50.0,MG,CONCESSIONARIA,FINANCIAMENTO,BRONCO,PRIMEIRA_COMPRA,ABANDONO
SYN01068,64.0,GO,REVENDEDOR,FINANCIAMENTO,MAVERICK,RECOMPRA,ECONOMICO
SYN01069,43.0,RJ,ONLINE,FINANCIAMENTO,TERRITORY,RECOMPRA,ABANDONO
SYN01070,41.0,BA,CONCESSIONARIA,VISTA,RANGER,RECOMPRA,ECONOMICO
SYN01071,28.0,GO,CONCESSIONARIA,FINANCIAMENTO,MAVERICK,PRIMEIRA_COMPRA,ECONOMICO
SYN01072,41.0,PE,CONCESSIONARIA,FINANCIAMENTO,  territory  ,PRIMEIRA_COMPRA,FIEL
SYN01073,22.0,PE,ONLINE,FINANCIAMENTO,MAVERICK,PRIMEIRA_COMPRA,ECONOMICO
SYN01074,31.0,RJ,CONCESSIONARIA,FINANCIAMENTO,BRONCO,PRIMEIRA_COMPRA,ABANDONO
SYN01075,47.0,RJ,CONCESSIONARIA,FINANCIAMENTO,MUSTANG,PRIMEIRA_COMPRA,ECONOMICO
SYN01076,62.0,PE,CONCESSIONARIA,FINANCIAMENTO,TERRITORY,RECOMPRA,FIEL
SYN01077,83.0,BA,CONCESSIONARIA,FINANCIAMENTO,BRONCO,PRIMEIRA_COMPRA,ECONOMICO
SYN01078,36.0,BA,CONCESSIONARIA,FINANCIAMENTO,MAVERICK,PRIMEIRA_COMPRA,ECONOMICO
SYN01079,64.0,RS,CONCESSIONARIA,CONSORCIO,MAVERICK,,ECONOMICO
SYN01080,47.0,PR,ONLINE,FINANCIAMENTO,RANGER,PRIMEIRA_COMPRA,FIEL
SYN01081,42.0,SP,CONCESSIONARIA,FINANCIAMENTO,MAVERICK,RECOMPRA,ESQUECIDO
SYN01082,50.0,MG,CONCESSIONARIA,VISTA,BRONCO,PRIMEIRA_COMPRA,FIEL
SYN01083,45.0,PR,CONCESSIONARIA,FINANCIAMENTO,MUSTANG,RECOMPRA,ECONOMICO
SYN01084,46.0,RJ,CONCESSIONARIA,VISTA,MAVERICK,PRIMEIRA_COMPRA,FIEL
SYN01085,38.0,RJ,CONCESSIONARIA,FINANCIAMENTO,MAVERICK,PRIMEIRA_COMPRA,ESQUECIDO
SYN01086,24.0,SP,CONCESSIONARIA,FINANCIAMENTO,TERRITORY,RECOMPRA,ESQUECIDO
SYN01087,22.0,RJ,CONCESSIONARIA,CONSORCIO,TERRITORY,RECOMPRA,ABANDONO
SYN01088,53.0,GO,CONCESSIONARIA,FINANCIAMENTO,MAVERICK,  primeira_compra  ,ECONOMICO
SYN01089,40.0,BA,ONLINE,FINANCIAMENTO,RANGER,RECOMPRA,ESQUECIDO
SYN01090,36.0,GO,CONCESSIONARIA,VISTA,BRONCO,PRIMEIRA_COMPRA,FIEL
SYN01091,44.0,MG,ONLINE,CONSORCIO,MUSTANG,PRIMEIRA_COMPRA,ECONOMICO
SYN01092,55.0,PR,ONLINE,FINANCIAMENTO,MUSTANG,PRIMEIRA_COMPRA,ESQUECIDO
SYN01093,47.0,GO,CONCESSIONARIA,VISTA,MAVERICK,PRIMEIRA_COMPRA,ESQUECIDO
SYN01094,35.0,MG,CONCESSIONARIA,FINANCIAMENTO,BRONCO,RECOMPRA,FIEL
SYN01095,61.0,BA,CONCESSIONARIA,VISTA,MUSTANG,PRIMEIRA_COMPRA,ABANDONO
SYN01096,66.0,BA,CONCESSIONARIA,FINANCIAMENTO,RANGER,,ECONOMICO
SYN01097,51.0,PE,ONLINE,VISTA,MAVERICK,RECOMPRA,ECONOMICO
SYN01098,58.0,GO,CONCESSIONARIA,FINANCIAMENTO,RANGER,PRIMEIRA_COMPRA,ECONOMICO
SYN01099,61.0,PR,REVENDEDOR,VISTA,MAVERICK,PRIMEIRA_COMPRA,ESQUECIDO
SYN01100,60.0,PR,CONCESSIONARIA,  financiamento  ,TERRITORY,PRIMEIRA_COMPRA,FIEL
SYN01101,53.0,PE,ONLINE,VISTA,MAVERICK,  primeira_compra  ,ABANDONO
SYN01102,52.0,BA,  online  ,VISTA,MAVERICK,RECOMPRA,FIEL
SYN01103,51.0,MG,ONLINE,CONSORCIO,MUSTANG,RECOMPRA,ESQUECIDO
SYN01104,29.0,BA,REVENDEDOR,CONSORCIO,MAVERICK,PRIMEIRA_COMPRA,ABANDONO
SYN01105,54.0,PR,REVENDEDOR,  financiamento  ,MUSTANG,PRIMEIRA_COMPRA,ECONOMICO
SYN01106,25.0,RJ,CONCESSIONARIA,VISTA,RANGER,,FIEL
SYN01107,33.0,PR,CONCESSIONARIA,FINANCIAMENTO,TERRITORY,PRIMEIRA_COMPRA,FIEL
SYN01108,62.0,  pr  ,CONCESSIONARIA,CONSORCIO,BRONCO,PRIMEIRA_COMPRA,ECONOMICO
SYN01109,56.0,GO,CONCESSIONARIA,VISTA,RANGER,PRIMEIRA_COMPRA,FIEL
SYN01110,65.0,  pr  ,ONLINE,FINANCIAMENTO,RANGER,PRIMEIRA_COMPRA,FIEL
SYN01111,40.0,RJ,CONCESSIONARIA,FINANCIAMENTO,RANGER,PRIMEIRA_COMPRA,ECONOMICO
SYN01112,28.0,GO,CONCESSIONARIA,VISTA,MAVERICK,PRIMEIRA_COMPRA,ECONOMICO
SYN01113,41.0,PR,ONLINE,CONSORCIO,BRONCO,PRIMEIRA_COMPRA,ABANDONO
SYN01114,45.0,MG,CONCESSIONARIA,CONSORCIO,  maverick  ,PRIMEIRA_COMPRA,ABANDONO
SYN01115,45.0,PE,ONLINE,VISTA,MUSTANG,PRIMEIRA_COMPRA,FIEL
SYN01116,60.0,RS,CONCESSIONARIA,FINANCIAMENTO,RANGER,PRIMEIRA_COMPRA,ECONOMICO
SYN01117,39.0,MG,ONLINE,CONSORCIO,MUSTANG,PRIMEIRA_COMPRA,ABANDONO
SYN01118,49.0,PE,ONLINE,VISTA,TERRITORY,RECOMPRA,ABANDONO
SYN01119,30.0,PE,CONCESSIONARIA,VISTA,BRONCO,PRIMEIRA_COMPRA,ABANDONO
SYN01120,50.0,PR,ONLINE,VISTA,MUSTANG,PRIMEIRA_COMPRA,ECONOMICO
SYN01121,44.0,MG,CONCESSIONARIA,VISTA,TERRITORY,PRIMEIRA_COMPRA,ESQUECIDO
SYN01122,34.0,PE,ONLINE,VISTA,MUSTANG,PRIMEIRA_COMPRA,ESQUECIDO
SYN01123,41.0,RJ,ONLINE,VISTA,BRONCO,PRIMEIRA_COMPRA,ABANDONO
SYN01124,41.0,BA,CONCESSIONARIA,CONSORCIO,RANGER,RECOMPRA,FIEL
SYN01125,40.0,PR,ONLINE,CONSORCIO,MUSTANG,RECOMPRA,FIEL
SYN01126,69.0,PE,REVENDEDOR,FINANCIAMENTO,RANGER,PRIMEIRA_COMPRA,ESQUECIDO
SYN01127,43.0,RS,ONLINE,FINANCIAMENTO,,PRIMEIRA_COMPRA,ABANDONO
SYN01128,41.0,PE,ONLINE,VISTA,BRONCO,RECOMPRA,FIEL
SYN01129,18.0,SP,ONLINE,VISTA,  ranger  ,PRIMEIRA_COMPRA,ABANDONO
SYN01130,31.0,PE,CONCESSIONARIA,VISTA,BRONCO,PRIMEIRA_COMPRA,FIEL
SYN01131,40.0,SP,ONLINE,,TERRITORY,RECOMPRA,FIEL
SYN01132,34.0,BA,REVENDEDOR,  financiamento  ,RANGER,PRIMEIRA_COMPRA,ECONOMICO
SYN01133,63.0,RJ,CONCESSIONARIA,FINANCIAMENTO,BRONCO,PRIMEIRA_COMPRA,ECONOMICO
SYN01134,42.0,GO,CONCESSIONARIA,CONSORCIO,RANGER,PRIMEIRA_COMPRA,FIEL
SYN01135,62.0,PE,CONCESSIONARIA,CONSORCIO,BRONCO,PRIMEIRA_COMPRA,ECONOMICO
SYN01136,45.0,SP,CONCESSIONARIA,FINANCIAMENTO,TERRITORY,RECOMPRA,FIEL
SYN01137,45.0,GO,CONCESSIONARIA,FINANCIAMENTO,MUSTANG,PRIMEIRA_COMPRA,ECONOMICO
SYN01138,43.0,MG,CONCESSIONARIA,FINANCIAMENTO,MUSTANG,PRIMEIRA_COMPRA,ESQUECIDO
SYN01139,44.0,PR,ONLINE,FINANCIAMENTO,MUSTANG,PRIMEIRA_COMPRA,ESQUECIDO
SYN01140,68.0,SP,CONCESSIONARIA,VISTA,MUSTANG,PRIMEIRA_COMPRA,ESQUECIDO
SYN01141,18.0,SP,CONCESSIONARIA,FINANCIAMENTO,RANGER,PRIMEIRA_COMPRA,ESQUECIDO
SYN01142,18.0,RJ,ONLINE,FINANCIAMENTO,BRONCO,PRIMEIRA_COMPRA,ABANDONO
SYN01143,36.0,PR,CONCESSIONARIA,VISTA,TERRITORY,PRIMEIRA_COMPRA,ABANDONO
SYN01144,44.0,PR,CONCESSIONARIA,VISTA,RANGER,PRIMEIRA_COMPRA,ECONOMICO
SYN01145,54.0,PE,ONLINE,VISTA,TERRITORY,RECOMPRA,ESQUECIDO
SYN01146,51.0,RJ,REVENDEDOR,FINANCIAMENTO,BRONCO,PRIMEIRA_COMPRA,ESQUECIDO
SYN01147,39.0,BA,ONLINE,FINANCIAMENTO,TERRITORY,RECOMPRA,ECONOMICO
SYN01148,58.0,SP,CONCESSIONARIA,FINANCIAMENTO,RANGER,PRIMEIRA_COMPRA,FIEL
SYN01149,58.0,MG,CONCESSIONARIA,CONSORCIO,BRONCO,PRIMEIRA_COMPRA,ESQUECIDO
SYN01150,47.0,RJ,REVENDEDOR,FINANCIAMENTO,RANGER,RECOMPRA,ABANDONO
SYN01151,57.0,SP,ONLINE,VISTA,  ranger  ,RECOMPRA,FIEL
SYN01152,48.0,PR,ONLINE,VISTA,BRONCO,PRIMEIRA_COMPRA,ECONOMICO
SYN01153,36.0,GO,ONLINE,CONSORCIO,RANGER,PRIMEIRA_COMPRA,ECONOMICO
SYN01154,54.0,BA,CONCESSIONARIA,FINANCIAMENTO,MUSTANG,RECOMPRA,ECONOMICO
SYN01155,46.0,PE,CONCESSIONARIA,FINANCIAMENTO,MUSTANG,PRIMEIRA_COMPRA,ECONOMICO
SYN01156,44.0,PR,ONLINE,CONSORCIO,MUSTANG,PRIMEIRA_COMPRA,ABANDONO
SYN01157,65.0,SP,REVENDEDOR,FINANCIAMENTO,RANGER,PRIMEIRA_COMPRA,ECONOMICO
SYN01158,18.0,MG,CONCESSIONARIA,,BRONCO,RECOMPRA,FIEL
SYN01159,24.0,PE,ONLINE,FINANCIAMENTO,MUSTANG,PRIMEIRA_COMPRA,ECONOMICO
SYN01160,27.0,SP,CONCESSIONARIA,CONSORCIO,BRONCO,PRIMEIRA_COMPRA,FIEL
SYN01161,39.0,SP,REVENDEDOR,VISTA,TERRITORY,RECOMPRA,ESQUECIDO
SYN01162,40.0,  pe  ,CONCESSIONARIA,FINANCIAMENTO,MUSTANG,PRIMEIRA_COMPRA,ECONOMICO
SYN01163,23.0,SP,ONLINE,CONSORCIO,TERRITORY,RECOMPRA,FIEL
SYN01164,30.0,GO,CONCESSIONARIA,VISTA,MUSTANG,PRIMEIRA_COMPRA,FIEL
SYN01165,32.0,PE,ONLINE,VISTA,RANGER,RECOMPRA,FIEL
SYN01166,78.0,BA,ONLINE,FINANCIAMENTO,MAVERICK,PRIMEIRA_COMPRA,FIEL
SYN01167,69.0,PR,CONCESSIONARIA,FINANCIAMENTO,RANGER,PRIMEIRA_COMPRA,ECONOMICO
SYN01168,38.0,SP,REVENDEDOR,VISTA,MUSTANG,  primeira_compra  ,FIEL
SYN01169,39.0,RS,  revendedor  ,FINANCIAMENTO,TERRITORY,RECOMPRA,ABANDONO
SYN01170,28.0,PE,REVENDEDOR,CONSORCIO,RANGER,PRIMEIRA_COMPRA,ABANDONO
SYN01171,18.0,GO,CONCESSIONARIA,FINANCIAMENTO,MUSTANG,PRIMEIRA_COMPRA,FIEL
SYN01172,42.0,RS,ONLINE,VISTA,MUSTANG,PRIMEIRA_COMPRA,FIEL
SYN01173,30.0,  pe  ,ONLINE,FINANCIAMENTO,MUSTANG,PRIMEIRA_COMPRA,ECONOMICO
SYN01174,43.0,PE,ONLINE,VISTA,BRONCO,RECOMPRA,ESQUECIDO
SYN01175,22.0,SP,CONCESSIONARIA,FINANCIAMENTO,RANGER,PRIMEIRA_COMPRA,ECONOMICO
SYN01176,33.0,PR,ONLINE,FINANCIAMENTO,  territory  ,PRIMEIRA_COMPRA,ABANDONO
SYN01177,46.0,PR,CONCESSIONARIA,FINANCIAMENTO,RANGER,RECOMPRA,FIEL
SYN01178,49.0,PR,CONCESSIONARIA,VISTA,RANGER,PRIMEIRA_COMPRA,FIEL
SYN01179,50.0,PE,CONCESSIONARIA,FINANCIAMENTO,RANGER,PRIMEIRA_COMPRA,ESQUECIDO
SYN01180,26.0,  go  ,CONCESSIONARIA,VISTA,BRONCO,PRIMEIRA_COMPRA,FIEL
SYN01181,56.0,PR,CONCESSIONARIA,FINANCIAMENTO,MAVERICK,PRIMEIRA_COMPRA,FIEL
SYN01182,33.0,MG,CONCESSIONARIA,VISTA,BRONCO,RECOMPRA,ABANDONO
SYN01183,53.0,GO,ONLINE,VISTA,TERRITORY,PRIMEIRA_COMPRA,FIEL
SYN01184,44.0,GO,ONLINE,FINANCIAMENTO,MAVERICK,PRIMEIRA_COMPRA,ESQUECIDO
SYN01185,25.0,BA,CONCESSIONARIA,FINANCIAMENTO,TERRITORY,RECOMPRA,ESQUECIDO
SYN01186,40.0,BA,ONLINE,FINANCIAMENTO,BRONCO,PRIMEIRA_COMPRA,ECONOMICO
SYN01187,49.0,SP,REVENDEDOR,VISTA,MUSTANG,RECOMPRA,FIEL
SYN01188,53.0,RS,REVENDEDOR,CONSORCIO,RANGER,PRIMEIRA_COMPRA,ESQUECIDO
SYN01189,42.0,RJ,REVENDEDOR,FINANCIAMENTO,MUSTANG,RECOMPRA,FIEL
SYN01190,65.0,PR,REVENDEDOR,VISTA,TERRITORY,RECOMPRA,FIEL
SYN01191,58.0,  pe  ,ONLINE,VISTA,MAVERICK,RECOMPRA,FIEL
SYN01192,40.0,RJ,REVENDEDOR,VISTA,TERRITORY,PRIMEIRA_COMPRA,FIEL
SYN01193,55.0,GO,REVENDEDOR,VISTA,RANGER,RECOMPRA,FIEL
SYN01194,71.0,RJ,CONCESSIONARIA,CONSORCIO,BRONCO,RECOMPRA,ESQUECIDO
SYN01195,71.0,SP,REVENDEDOR,VISTA,TERRITORY,PRIMEIRA_COMPRA,ECONOMICO
SYN01196,27.0,GO,ONLINE,CONSORCIO,BRONCO,PRIMEIRA_COMPRA,ABANDONO
SYN01197,31.0,SP,ONLINE,FINANCIAMENTO,TERRITORY,PRIMEIRA_COMPRA,FIEL
SYN01198,65.0,BA,REVENDEDOR,CONSORCIO,MUSTANG,RECOMPRA,FIEL
SYN01199,29.0,PE,CONCESSIONARIA,CONSORCIO,MAVERICK,RECOMPRA,ECONOMICO
SYN01200,25.0,MG,CONCESSIONARIA,CONSORCIO,MUSTANG,PRIMEIRA_COMPRA,ABANDONO
SYN01201,37.0,SP,ONLINE,FINANCIAMENTO,MAVERICK,PRIMEIRA_COMPRA,ESQUECIDO
SYN01202,50.0,MG,ONLINE,CONSORCIO,MAVERICK,PRIMEIRA_COMPRA,FIEL
SYN01203,43.0,SP,REVENDEDOR,FINANCIAMENTO,RANGER,PRIMEIRA_COMPRA,ECONOMICO
SYN01204,35.0,BA,REVENDEDOR,VISTA,BRONCO,RECOMPRA,ABANDONO
SYN01205,35.0,GO,ONLINE,FINANCIAMENTO,MUSTANG,PRIMEIRA_COMPRA,FIEL
SYN01206,34.0,GO,REVENDEDOR,VISTA,RANGER,RECOMPRA,FIEL
SYN01207,32.0,PE,CONCESSIONARIA,FINANCIAMENTO,BRONCO,PRIMEIRA_COMPRA,ECONOMICO
SYN01208,76.0,PE,REVENDEDOR,  financiamento  ,RANGER,PRIMEIRA_COMPRA,ESQUECIDO
SYN01209,48.0,GO,CONCESSIONARIA,FINANCIAMENTO,MAVERICK,RECOMPRA,ECONOMICO
SYN01210,56.0,  pe  ,ONLINE,FINANCIAMENTO,MUSTANG,PRIMEIRA_COMPRA,ECONOMICO
SYN01211,37.0,BA,CONCESSIONARIA,FINANCIAMENTO,RANGER,RECOMPRA,ABANDONO
SYN01212,41.0,GO,ONLINE,CONSORCIO,MUSTANG,RECOMPRA,ECONOMICO
SYN01213,34.0,MG,CONCESSIONARIA,VISTA,TERRITORY,RECOMPRA,ESQUECIDO
SYN01214,18.0,RS,CONCESSIONARIA,VISTA,MUSTANG,RECOMPRA,FIEL
SYN01215,25.0,GO,ONLINE,CONSORCIO,RANGER,PRIMEIRA_COMPRA,ECONOMICO
SYN01216,19.0,MG,ONLINE,FINANCIAMENTO,RANGER,PRIMEIRA_COMPRA,ESQUECIDO
SYN01217,18.0,MG,CONCESSIONARIA,VISTA,MAVERICK,RECOMPRA,FIEL
SYN01218,27.0,RJ,ONLINE,VISTA,MAVERICK,PRIMEIRA_COMPRA,ABANDONO
SYN01219,63.0,MG,CONCESSIONARIA,FINANCIAMENTO,RANGER,RECOMPRA,ECONOMICO
SYN01220,43.0,PR,CONCESSIONARIA,VISTA,RANGER,PRIMEIRA_COMPRA,ECONOMICO
SYN01221,62.0,GO,CONCESSIONARIA,VISTA,TERRITORY,RECOMPRA,FIEL
SYN01222,50.0,RJ,ONLINE,  vista  ,RANGER,PRIMEIRA_COMPRA,ESQUECIDO
SYN01223,55.0,BA,ONLINE,VISTA,MAVERICK,RECOMPRA,ABANDONO
SYN01224,31.0,PE,ONLINE,FINANCIAMENTO,MAVERICK,PRIMEIRA_COMPRA,ECONOMICO
SYN01225,51.0,GO,REVENDEDOR,VISTA,MAVERICK,PRIMEIRA_COMPRA,ABANDONO
SYN01226,54.0,PE,ONLINE,FINANCIAMENTO,BRONCO,RECOMPRA,FIEL
SYN01227,36.0,RJ,ONLINE,CONSORCIO,MAVERICK,PRIMEIRA_COMPRA,FIEL
SYN01228,52.0,RS,REVENDEDOR,FINANCIAMENTO,BRONCO,PRIMEIRA_COMPRA,FIEL
SYN01229,52.0,GO,CONCESSIONARIA,FINANCIAMENTO,MAVERICK,PRIMEIRA_COMPRA,FIEL
SYN01230,36.0,GO,CONCESSIONARIA,FINANCIAMENTO,BRONCO,PRIMEIRA_COMPRA,ABANDONO
SYN01231,28.0,PR,CONCESSIONARIA,FINANCIAMENTO,MAVERICK,PRIMEIRA_COMPRA,FIEL
SYN01232,27.0,GO,ONLINE,FINANCIAMENTO,MAVERICK,PRIMEIRA_COMPRA,ECONOMICO
SYN01233,45.0,BA,ONLINE,FINANCIAMENTO,MAVERICK,PRIMEIRA_COMPRA,ABANDONO
SYN01234,49.0,  sp  ,CONCESSIONARIA,VISTA,MUSTANG,PRIMEIRA_COMPRA,ABANDONO
SYN01235,33.0,GO,REVENDEDOR,CONSORCIO,TERRITORY,RECOMPRA,ESQUECIDO
SYN01236,44.0,RJ,REVENDEDOR,FINANCIAMENTO,MUSTANG,RECOMPRA,FIEL
SYN01237,52.0,RS,CONCESSIONARIA,VISTA,RANGER,PRIMEIRA_COMPRA,ESQUECIDO
SYN01238,53.0,RJ,CONCESSIONARIA,CONSORCIO,BRONCO,PRIMEIRA_COMPRA,ECONOMICO
SYN01239,66.0,BA,CONCESSIONARIA,FINANCIAMENTO,BRONCO,PRIMEIRA_COMPRA,ABANDONO
SYN01240,62.0,SP,CONCESSIONARIA,CONSORCIO,MUSTANG,RECOMPRA,FIEL
SYN01241,30.0,BA,REVENDEDOR,FINANCIAMENTO,RANGER,RECOMPRA,FIEL
SYN01242,68.0,PE,ONLINE,FINANCIAMENTO,TERRITORY,PRIMEIRA_COMPRA,ABANDONO
SYN01243,37.0,PE,CONCESSIONARIA,FINANCIAMENTO,BRONCO,PRIMEIRA_COMPRA,ECONOMICO
SYN01244,59.0,MG,CONCESSIONARIA,FINANCIAMENTO,MUSTANG,RECOMPRA,FIEL
SYN01245,45.0,GO,CONCESSIONARIA,VISTA,BRONCO,PRIMEIRA_COMPRA,ABANDONO
SYN01246,38.0,MG,CONCESSIONARIA,CONSORCIO,  maverick  ,PRIMEIRA_COMPRA,ABANDONO
SYN01247,19.0,BA,CONCESSIONARIA,FINANCIAMENTO,RANGER,PRIMEIRA_COMPRA,FIEL
SYN01248,42.0,PR,ONLINE,CONSORCIO,MUSTANG,RECOMPRA,FIEL
SYN01249,22.0,SP,ONLINE,FINANCIAMENTO,MAVERICK,PRIMEIRA_COMPRA,ECONOMICO
SYN01250,58.0,SP,REVENDEDOR,FINANCIAMENTO,RANGER,PRIMEIRA_COMPRA,FIEL
SYN01251,65.0,RJ,CONCESSIONARIA,CONSORCIO,MAVERICK,RECOMPRA,ABANDONO
SYN01252,33.0,GO,ONLINE,CONSORCIO,RANGER,PRIMEIRA_COMPRA,ECONOMICO
SYN01253,48.0,GO,CONCESSIONARIA,VISTA,BRONCO,  primeira_compra  ,ECONOMICO
SYN01254,34.0,RS,CONCESSIONARIA,FINANCIAMENTO,MAVERICK,PRIMEIRA_COMPRA,ABANDONO
SYN01255,35.0,GO,REVENDEDOR,FINANCIAMENTO,MUSTANG,RECOMPRA,ABANDONO
SYN01256,55.0,SP,ONLINE,FINANCIAMENTO,RANGER,PRIMEIRA_COMPRA,ECONOMICO
SYN01257,43.0,GO,CONCESSIONARIA,VISTA,TERRITORY,PRIMEIRA_COMPRA,ESQUECIDO
SYN01258,68.0,  rj  ,CONCESSIONARIA,FINANCIAMENTO,MAVERICK,RECOMPRA,ECONOMICO
SYN01259,37.0,SP,ONLINE,VISTA,TERRITORY,RECOMPRA,FIEL
SYN01260,58.0,PE,REVENDEDOR,FINANCIAMENTO,MAVERICK,PRIMEIRA_COMPRA,ABANDONO
SYN01261,45.0,RS,  online  ,FINANCIAMENTO,RANGER,PRIMEIRA_COMPRA,ABANDONO
SYN01262,55.0,MG,CONCESSIONARIA,FINANCIAMENTO,RANGER,PRIMEIRA_COMPRA,ECONOMICO
SYN01263,38.0,PE,CONCESSIONARIA,  vista  ,BRONCO,PRIMEIRA_COMPRA,ESQUECIDO
SYN01264,43.0,MG,CONCESSIONARIA,VISTA,MAVERICK,PRIMEIRA_COMPRA,ECONOMICO
SYN01265,42.0,PE,CONCESSIONARIA,CONSORCIO,TERRITORY,RECOMPRA,ESQUECIDO
SYN01266,32.0,RJ,ONLINE,CONSORCIO,MUSTANG,RECOMPRA,ECONOMICO
SYN01267,53.0,SP,ONLINE,VISTA,MUSTANG,RECOMPRA,FIEL
SYN01268,53.0,MG,CONCESSIONARIA,FINANCIAMENTO,RANGER,PRIMEIRA_COMPRA,ECONOMICO
SYN01269,52.0,PR,ONLINE,CONSORCIO,TERRITORY,PRIMEIRA_COMPRA,ECONOMICO
SYN01270,66.0,RJ,ONLINE,CONSORCIO,BRONCO,RECOMPRA,ESQUECIDO
SYN01271,64.0,RJ,ONLINE,CONSORCIO,BRONCO,PRIMEIRA_COMPRA,ECONOMICO
SYN01272,39.0,BA,CONCESSIONARIA,FINANCIAMENTO,TERRITORY,PRIMEIRA_COMPRA,ESQUECIDO
SYN01273,49.0,RS,CONCESSIONARIA,FINANCIAMENTO,BRONCO,PRIMEIRA_COMPRA,ECONOMICO
SYN01274,,RS,CONCESSIONARIA,VISTA,MUSTANG,PRIMEIRA_COMPRA,ABANDONO
SYN01275,44.0,RJ,CONCESSIONARIA,FINANCIAMENTO,TERRITORY,PRIMEIRA_COMPRA,ECONOMICO
SYN01276,36.0,SP,CONCESSIONARIA,FINANCIAMENTO,TERRITORY,PRIMEIRA_COMPRA,ECONOMICO
SYN01277,67.0,SP,CONCESSIONARIA,FINANCIAMENTO,MAVERICK,RECOMPRA,ESQUECIDO
SYN01278,49.0,BA,CONCESSIONARIA,VISTA,BRONCO,PRIMEIRA_COMPRA,ABANDONO
SYN01279,41.0,SP,CONCESSIONARIA,FINANCIAMENTO,MAVERICK,PRIMEIRA_COMPRA,ECONOMICO
SYN01280,61.0,RJ,REVENDEDOR,VISTA,MAVERICK,PRIMEIRA_COMPRA,ECONOMICO
SYN01281,18.0,GO,ONLINE,VISTA,MAVERICK,PRIMEIRA_COMPRA,ESQUECIDO
SYN01282,18.0,MG,CONCESSIONARIA,VISTA,MAVERICK,PRIMEIRA_COMPRA,ABANDONO
SYN01283,55.0,  ba  ,REVENDEDOR,FINANCIAMENTO,MAVERICK,PRIMEIRA_COMPRA,ECONOMICO
SYN01284,45.0,MG,CONCESSIONARIA,CONSORCIO,BRONCO,PRIMEIRA_COMPRA,ECONOMICO
SYN01285,48.0,GO,CONCESSIONARIA,FINANCIAMENTO,BRONCO,PRIMEIRA_COMPRA,ESQUECIDO
SYN01286,25.0,PE,REVENDEDOR,FINANCIAMENTO,TERRITORY,RECOMPRA,ESQUECIDO
SYN01287,44.0,RS,CONCESSIONARIA,FINANCIAMENTO,BRONCO,PRIMEIRA_COMPRA,ECONOMICO
SYN01288,72.0,BA,CONCESSIONARIA,FINANCIAMENTO,MAVERICK,PRIMEIRA_COMPRA,ECONOMICO
SYN01289,56.0,RS,CONCESSIONARIA,VISTA,MAVERICK,RECOMPRA,FIEL
SYN01290,46.0,GO,ONLINE,FINANCIAMENTO,MAVERICK,RECOMPRA,FIEL
SYN01291,38.0,MG,ONLINE,CONSORCIO,TERRITORY,RECOMPRA,ECONOMICO
SYN01292,38.0,PE,CONCESSIONARIA,FINANCIAMENTO,MAVERICK,PRIMEIRA_COMPRA,ECONOMICO
SYN01293,18.0,PR,CONCESSIONARIA,CONSORCIO,BRONCO,RECOMPRA,FIEL
SYN01294,48.0,BA,CONCESSIONARIA,VISTA,TERRITORY,  primeira_compra  ,ECONOMICO
SYN01295,56.0,MG,ONLINE,FINANCIAMENTO,RANGER,RECOMPRA,FIEL
SYN01296,22.0,PE,CONCESSIONARIA,VISTA,TERRITORY,RECOMPRA,FIEL
SYN01297,35.0,BA,REVENDEDOR,FINANCIAMENTO,MAVERICK,PRIMEIRA_COMPRA,ECONOMICO
SYN01298,28.0,PE,ONLINE,CONSORCIO,TERRITORY,RECOMPRA,FIEL
SYN01299,30.0,PE,CONCESSIONARIA,VISTA,RANGER,RECOMPRA,FIEL
SYN01300,45.0,RJ,ONLINE,VISTA,TERRITORY,PRIMEIRA_COMPRA,ECONOMICO
SYN01301,18.0,GO,CONCESSIONARIA,FINANCIAMENTO,MUSTANG,PRIMEIRA_COMPRA,ESQUECIDO
SYN01302,53.0,PE,CONCESSIONARIA,CONSORCIO,RANGER,RECOMPRA,FIEL
SYN01303,55.0,RJ,CONCESSIONARIA,VISTA,RANGER,PRIMEIRA_COMPRA,ABANDONO
SYN01304,40.0,,CONCESSIONARIA,VISTA,BRONCO,PRIMEIRA_COMPRA,ESQUECIDO
SYN01305,18.0,PR,ONLINE,FINANCIAMENTO,TERRITORY,PRIMEIRA_COMPRA,ECONOMICO
SYN01306,30.0,MG,REVENDEDOR,FINANCIAMENTO,MUSTANG,RECOMPRA,FIEL
SYN01307,61.0,RJ,CONCESSIONARIA,VISTA,TERRITORY,RECOMPRA,FIEL
SYN01308,18.0,MG,CONCESSIONARIA,VISTA,BRONCO,PRIMEIRA_COMPRA,ESQUECIDO
SYN01309,39.0,SP,ONLINE,CONSORCIO,TERRITORY,RECOMPRA,ESQUECIDO
SYN01310,27.0,BA,CONCESSIONARIA,VISTA,TERRITORY,RECOMPRA,ECONOMICO
SYN01311,55.0,BA,CONCESSIONARIA,VISTA,TERRITORY,PRIMEIRA_COMPRA,ABANDONO
SYN01312,35.0,BA,REVENDEDOR,FINANCIAMENTO,TERRITORY,PRIMEIRA_COMPRA,ECONOMICO
SYN01313,50.0,PR,REVENDEDOR,VISTA,,PRIMEIRA_COMPRA,ECONOMICO
SYN01314,52.0,MG,REVENDEDOR,FINANCIAMENTO,MAVERICK,RECOMPRA,FIEL
SYN01315,70.0,  ba  ,CONCESSIONARIA,CONSORCIO,RANGER,PRIMEIRA_COMPRA,FIEL
SYN01316,41.0,PE,CONCESSIONARIA,FINANCIAMENTO,BRONCO,PRIMEIRA_COMPRA,ECONOMICO
SYN01317,49.0,SP,CONCESSIONARIA,VISTA,TERRITORY,PRIMEIRA_COMPRA,ECONOMICO
SYN01318,23.0,RS,REVENDEDOR,CONSORCIO,MUSTANG,PRIMEIRA_COMPRA,FIEL
SYN01319,61.0,GO,,,RANGER,PRIMEIRA_COMPRA,FIEL
SYN01320,33.0,PE,CONCESSIONARIA,FINANCIAMENTO,BRONCO,PRIMEIRA_COMPRA,ECONOMICO
SYN01321,36.0,GO,CONCESSIONARIA,VISTA,TERRITORY,PRIMEIRA_COMPRA,ECONOMICO
SYN01322,44.0,RJ,ONLINE,FINANCIAMENTO,TERRITORY,RECOMPRA,FIEL
SYN01323,22.0,RS,ONLINE,FINANCIAMENTO,MUSTANG,RECOMPRA,FIEL
SYN01324,47.0,RJ,ONLINE,VISTA,BRONCO,RECOMPRA,FIEL
SYN01325,58.0,PE,CONCESSIONARIA,CONSORCIO,TERRITORY,PRIMEIRA_COMPRA,ECONOMICO
SYN01326,48.0,PR,ONLINE,FINANCIAMENTO,MUSTANG,PRIMEIRA_COMPRA,ECONOMICO
SYN01327,22.0,RJ,CONCESSIONARIA,CONSORCIO,MAVERICK,RECOMPRA,FIEL
SYN01328,42.0,SP,CONCESSIONARIA,FINANCIAMENTO,RANGER,  primeira_compra  ,ECONOMICO
SYN01329,54.0,BA,CONCESSIONARIA,CONSORCIO,BRONCO,PRIMEIRA_COMPRA,ESQUECIDO
SYN01330,18.0,PE,ONLINE,VISTA,BRONCO,PRIMEIRA_COMPRA,ECONOMICO
SYN01331,29.0,GO,CONCESSIONARIA,CONSORCIO,BRONCO,PRIMEIRA_COMPRA,FIEL
SYN01332,56.0,GO,REVENDEDOR,CONSORCIO,TERRITORY,PRIMEIRA_COMPRA,FIEL
SYN01333,48.0,,CONCESSIONARIA,CONSORCIO,MUSTANG,RECOMPRA,FIEL
SYN01334,50.0,PE,CONCESSIONARIA,VISTA,MUSTANG,RECOMPRA,FIEL
SYN01335,70.0,PE,ONLINE,FINANCIAMENTO,RANGER,RECOMPRA,ECONOMICO
SYN01336,51.0,GO,ONLINE,FINANCIAMENTO,MUSTANG,  recompra  ,ABANDONO
SYN01337,53.0,RS,CONCESSIONARIA,VISTA,MUSTANG,RECOMPRA,FIEL
SYN01338,82.0,PE,ONLINE,FINANCIAMENTO,TERRITORY,PRIMEIRA_COMPRA,ECONOMICO
SYN01339,41.0,PE,CONCESSIONARIA,CONSORCIO,BRONCO,PRIMEIRA_COMPRA,ESQUECIDO
SYN01340,33.0,SP,CONCESSIONARIA,FINANCIAMENTO,RANGER,RECOMPRA,ABANDONO
SYN01341,50.0,BA,ONLINE,CONSORCIO,TERRITORY,PRIMEIRA_COMPRA,FIEL
SYN01342,50.0,MG,ONLINE,FINANCIAMENTO,TERRITORY,RECOMPRA,ECONOMICO
SYN01343,37.0,RJ,CONCESSIONARIA,CONSORCIO,MUSTANG,PRIMEIRA_COMPRA,ESQUECIDO
SYN01344,30.0,  rj  ,CONCESSIONARIA,CONSORCIO,RANGER,PRIMEIRA_COMPRA,ECONOMICO
SYN01345,76.0,SP,ONLINE,FINANCIAMENTO,TERRITORY,RECOMPRA,ESQUECIDO
SYN01346,49.0,GO,CONCESSIONARIA,VISTA,BRONCO,RECOMPRA,FIEL
SYN01347,34.0,PE,REVENDEDOR,FINANCIAMENTO,MUSTANG,RECOMPRA,FIEL
SYN01348,57.0,SP,ONLINE,CONSORCIO,MUSTANG,PRIMEIRA_COMPRA,ESQUECIDO
SYN01349,42.0,BA,REVENDEDOR,CONSORCIO,MUSTANG,PRIMEIRA_COMPRA,FIEL
SYN01350,40.0,BA,CONCESSIONARIA,FINANCIAMENTO,TERRITORY,PRIMEIRA_COMPRA,ECONOMICO
SYN01351,52.0,PR,REVENDEDOR,FINANCIAMENTO,TERRITORY,RECOMPRA,FIEL
SYN01352,26.0,PR,CONCESSIONARIA,FINANCIAMENTO,BRONCO,PRIMEIRA_COMPRA,ABANDONO
SYN01353,49.0,GO,CONCESSIONARIA,FINANCIAMENTO,TERRITORY,PRIMEIRA_COMPRA,ESQUECIDO
SYN01354,71.0,PR,CONCESSIONARIA,CONSORCIO,RANGER,PRIMEIRA_COMPRA,ABANDONO
SYN01355,51.0,BA,CONCESSIONARIA,FINANCIAMENTO,MUSTANG,RECOMPRA,ESQUECIDO
SYN01356,39.0,PR,REVENDEDOR,CONSORCIO,RANGER,PRIMEIRA_COMPRA,ECONOMICO
SYN01357,37.0,RS,ONLINE,CONSORCIO,RANGER,RECOMPRA,ESQUECIDO
SYN01358,38.0,GO,ONLINE,CONSORCIO,MUSTANG,PRIMEIRA_COMPRA,ECONOMICO
SYN01359,40.0,RS,ONLINE,VISTA,MAVERICK,RECOMPRA,FIEL
SYN01360,39.0,PE,ONLINE,FINANCIAMENTO,MAVERICK,RECOMPRA,ABANDONO
SYN01361,57.0,PR,ONLINE,CONSORCIO,RANGER,PRIMEIRA_COMPRA,ECONOMICO
SYN01362,20.0,BA,REVENDEDOR,VISTA,TERRITORY,PRIMEIRA_COMPRA,ABANDONO
SYN01363,56.0,PE,ONLINE,CONSORCIO,TERRITORY,PRIMEIRA_COMPRA,ABANDONO
SYN01364,39.0,BA,ONLINE,FINANCIAMENTO,MAVERICK,PRIMEIRA_COMPRA,FIEL
SYN01365,49.0,PR,CONCESSIONARIA,FINANCIAMENTO,BRONCO,RECOMPRA,ESQUECIDO
SYN01366,28.0,PR,REVENDEDOR,CONSORCIO,TERRITORY,PRIMEIRA_COMPRA,ESQUECIDO
SYN01367,63.0,PR,CONCESSIONARIA,CONSORCIO,MAVERICK,PRIMEIRA_COMPRA,FIEL
SYN01368,61.0,MG,CONCESSIONARIA,FINANCIAMENTO,MAVERICK,RECOMPRA,FIEL
SYN01369,57.0,BA,REVENDEDOR,VISTA,MAVERICK,PRIMEIRA_COMPRA,FIEL
SYN01370,23.0,GO,CONCESSIONARIA,FINANCIAMENTO,RANGER,PRIMEIRA_COMPRA,ECONOMICO
SYN01371,0.0,BA,CONCESSIONARIA,VISTA,MAVERICK,RECOMPRA,FIEL
SYN01372,50.0,PE,CONCESSIONARIA,FINANCIAMENTO,TERRITORY,RECOMPRA,ECONOMICO
SYN01373,22.0,PE,CONCESSIONARIA,FINANCIAMENTO,TERRITORY,PRIMEIRA_COMPRA,ECONOMICO
SYN01374,44.0,MG,REVENDEDOR,FINANCIAMENTO,MUSTANG,PRIMEIRA_COMPRA,ECONOMICO
SYN01375,49.0,SP,REVENDEDOR,FINANCIAMENTO,BRONCO,PRIMEIRA_COMPRA,ECONOMICO
SYN01376,52.0,MG,CONCESSIONARIA,FINANCIAMENTO,  maverick  ,PRIMEIRA_COMPRA,ECONOMICO
SYN01377,46.0,PE,REVENDEDOR,FINANCIAMENTO,TERRITORY,RECOMPRA,ECONOMICO
SYN01378,48.0,PE,ONLINE,FINANCIAMENTO,MUSTANG,PRIMEIRA_COMPRA,ESQUECIDO
SYN01379,65.0,PR,REVENDEDOR,VISTA,TERRITORY,PRIMEIRA_COMPRA,ECONOMICO
SYN01380,61.0,PE,CONCESSIONARIA,VISTA,RANGER,PRIMEIRA_COMPRA,ESQUECIDO
SYN01381,18.0,SP,CONCESSIONARIA,VISTA,TERRITORY,RECOMPRA,FIEL
SYN01382,40.0,BA,CONCESSIONARIA,FINANCIAMENTO,RANGER,RECOMPRA,FIEL
SYN01383,42.0,BA,CONCESSIONARIA,FINANCIAMENTO,BRONCO,PRIMEIRA_COMPRA,ECONOMICO
SYN01384,19.0,PR,ONLINE,CONSORCIO,RANGER,PRIMEIRA_COMPRA,ECONOMICO
SYN01385,45.0,BA,CONCESSIONARIA,  consorcio  ,TERRITORY,PRIMEIRA_COMPRA,ESQUECIDO
SYN01386,61.0,RS,ONLINE,CONSORCIO,MAVERICK,PRIMEIRA_COMPRA,ABANDONO
SYN01387,29.0,PR,ONLINE,CONSORCIO,RANGER,RECOMPRA,ABANDONO
SYN01388,49.0,PR,CONCESSIONARIA,VISTA,BRONCO,RECOMPRA,ESQUECIDO
SYN01389,31.0,PE,CONCESSIONARIA,CONSORCIO,MAVERICK,RECOMPRA,ESQUECIDO
SYN01390,35.0,RJ,,FINANCIAMENTO,BRONCO,  primeira_compra  ,ESQUECIDO
SYN01391,65.0,MG,REVENDEDOR,VISTA,RANGER,RECOMPRA,FIEL
SYN01392,36.0,RS,CONCESSIONARIA,CONSORCIO,RANGER,PRIMEIRA_COMPRA,ABANDONO
SYN01393,50.0,RJ,REVENDEDOR,VISTA,MUSTANG,PRIMEIRA_COMPRA,ECONOMICO
SYN01394,18.0,MG,REVENDEDOR,FINANCIAMENTO,MAVERICK,PRIMEIRA_COMPRA,ABANDONO
SYN01395,70.0,MG,ONLINE,FINANCIAMENTO,TERRITORY,RECOMPRA,ECONOMICO
SYN01396,52.0,MG,CONCESSIONARIA,FINANCIAMENTO,MUSTANG,RECOMPRA,FIEL
SYN01397,41.0,RS,ONLINE,FINANCIAMENTO,RANGER,PRIMEIRA_COMPRA,ECONOMICO
SYN01398,52.0,PR,REVENDEDOR,CONSORCIO,RANGER,RECOMPRA,FIEL
SYN01399,24.0,BA,CONCESSIONARIA,VISTA,MUSTANG,RECOMPRA,ESQUECIDO
SYN01400,61.0,MG,REVENDEDOR,FINANCIAMENTO,MAVERICK,  recompra  ,ECONOMICO
SYN01401,39.0,PE,REVENDEDOR,VISTA,BRONCO,PRIMEIRA_COMPRA,ECONOMICO
SYN01402,41.0,RS,CONCESSIONARIA,FINANCIAMENTO,TERRITORY,RECOMPRA,ECONOMICO
SYN01403,37.0,BA,ONLINE,VISTA,MUSTANG,RECOMPRA,FIEL
SYN01404,36.0,SP,ONLINE,FINANCIAMENTO,MAVERICK,RECOMPRA,FIEL
SYN01405,54.0,RJ,ONLINE,VISTA,BRONCO,PRIMEIRA_COMPRA,FIEL
SYN01406,48.0,RS,REVENDEDOR,VISTA,TERRITORY,RECOMPRA,ESQUECIDO
SYN01407,53.0,MG,CONCESSIONARIA,VISTA,TERRITORY,RECOMPRA,ESQUECIDO
SYN01408,44.0,RS,CONCESSIONARIA,VISTA,BRONCO,PRIMEIRA_COMPRA,FIEL
SYN01409,51.0,RJ,CONCESSIONARIA,FINANCIAMENTO,  maverick  ,RECOMPRA,ECONOMICO
SYN01410,38.0,RS,REVENDEDOR,VISTA,MUSTANG,PRIMEIRA_COMPRA,ABANDONO
SYN01411,75.0,BA,CONCESSIONARIA,,BRONCO,PRIMEIRA_COMPRA,FIEL
SYN01412,22.0,BA,REVENDEDOR,FINANCIAMENTO,TERRITORY,PRIMEIRA_COMPRA,ABANDONO
SYN01413,62.0,RJ,CONCESSIONARIA,VISTA,BRONCO,PRIMEIRA_COMPRA,ESQUECIDO
SYN01414,63.0,MG,CONCESSIONARIA,VISTA,BRONCO,PRIMEIRA_COMPRA,FIEL
SYN01415,32.0,PR,REVENDEDOR,CONSORCIO,TERRITORY,PRIMEIRA_COMPRA,ECONOMICO
SYN01416,,PR,ONLINE,FINANCIAMENTO,RANGER,PRIMEIRA_COMPRA,ECONOMICO
SYN01417,58.0,PE,CONCESSIONARIA,CONSORCIO,TERRITORY,PRIMEIRA_COMPRA,ESQUECIDO
SYN01418,58.0,RS,CONCESSIONARIA,FINANCIAMENTO,RANGER,PRIMEIRA_COMPRA,FIEL
SYN01419,44.0,BA,CONCESSIONARIA,VISTA,RANGER,RECOMPRA,ESQUECIDO
SYN01420,41.0,GO,CONCESSIONARIA,CONSORCIO,MUSTANG,PRIMEIRA_COMPRA,ECONOMICO
SYN01421,41.0,MG,CONCESSIONARIA,VISTA,MAVERICK,PRIMEIRA_COMPRA,ABANDONO
SYN01422,49.0,PE,ONLINE,CONSORCIO,RANGER,PRIMEIRA_COMPRA,ABANDONO
SYN01423,64.0,MG,CONCESSIONARIA,CONSORCIO,TERRITORY,PRIMEIRA_COMPRA,ABANDONO
SYN01424,47.0,MG,CONCESSIONARIA,FINANCIAMENTO,TERRITORY,PRIMEIRA_COMPRA,ABANDONO
SYN01425,31.0,BA,CONCESSIONARIA,CONSORCIO,MUSTANG,RECOMPRA,FIEL
SYN01426,56.0,PR,CONCESSIONARIA,CONSORCIO,BRONCO,PRIMEIRA_COMPRA,ESQUECIDO
SYN01427,57.0,PR,REVENDEDOR,FINANCIAMENTO,TERRITORY,PRIMEIRA_COMPRA,ABANDONO
SYN01428,53.0,RJ,CONCESSIONARIA,FINANCIAMENTO,MAVERICK,PRIMEIRA_COMPRA,ECONOMICO
SYN01429,54.0,SP,CONCESSIONARIA,FINANCIAMENTO,BRONCO,  primeira_compra  ,ESQUECIDO
SYN01430,40.0,GO,ONLINE,CONSORCIO,RANGER,RECOMPRA,ABANDONO
SYN01431,31.0,PE,REVENDEDOR,CONSORCIO,  territory  ,RECOMPRA,ECONOMICO
SYN01432,32.0,GO,ONLINE,CONSORCIO,RANGER,PRIMEIRA_COMPRA,ABANDONO
SYN01433,21.0,PR,REVENDEDOR,FINANCIAMENTO,MAVERICK,PRIMEIRA_COMPRA,ABANDONO
SYN01434,47.0,GO,REVENDEDOR,FINANCIAMENTO,MUSTANG,PRIMEIRA_COMPRA,ESQUECIDO
SYN01435,43.0,RS,ONLINE,VISTA,MUSTANG,PRIMEIRA_COMPRA,ABANDONO
SYN01436,38.0,SP,REVENDEDOR,FINANCIAMENTO,TERRITORY,PRIMEIRA_COMPRA,ECONOMICO
SYN01437,18.0,RJ,CONCESSIONARIA,FINANCIAMENTO,BRONCO,RECOMPRA,ECONOMICO
SYN01438,27.0,,REVENDEDOR,FINANCIAMENTO,RANGER,PRIMEIRA_COMPRA,ECONOMICO
SYN01439,60.0,RS,REVENDEDOR,FINANCIAMENTO,TERRITORY,PRIMEIRA_COMPRA,ECONOMICO
SYN01440,35.0,GO,REVENDEDOR,FINANCIAMENTO,RANGER,RECOMPRA,FIEL
SYN01441,49.0,MG,CONCESSIONARIA,VISTA,MAVERICK,PRIMEIRA_COMPRA,FIEL
SYN01442,25.0,PR,ONLINE,FINANCIAMENTO,MUSTANG,PRIMEIRA_COMPRA,ABANDONO
SYN01443,64.0,MG,CONCESSIONARIA,FINANCIAMENTO,RANGER,RECOMPRA,ESQUECIDO
SYN01444,42.0,BA,ONLINE,VISTA,MAVERICK,PRIMEIRA_COMPRA,FIEL
SYN01445,48.0,PR,CONCESSIONARIA,CONSORCIO,BRONCO,PRIMEIRA_COMPRA,FIEL
SYN01446,77.0,RJ,ONLINE,VISTA,BRONCO,RECOMPRA,ECONOMICO
SYN01447,65.0,RS,ONLINE,VISTA,MAVERICK,PRIMEIRA_COMPRA,FIEL
SYN01448,40.0,SP,CONCESSIONARIA,VISTA,MAVERICK,RECOMPRA,FIEL
SYN01449,36.0,GO,CONCESSIONARIA,VISTA,TERRITORY,PRIMEIRA_COMPRA,ABANDONO
SYN01450,39.0,BA,CONCESSIONARIA,VISTA,MAVERICK,PRIMEIRA_COMPRA,FIEL
SYN01451,51.0,,ONLINE,FINANCIAMENTO,MAVERICK,RECOMPRA,FIEL
SYN01452,43.0,GO,ONLINE,VISTA,  territory  ,PRIMEIRA_COMPRA,ABANDONO
SYN01453,38.0,RJ,ONLINE,FINANCIAMENTO,MAVERICK,RECOMPRA,FIEL
SYN01454,65.0,BA,CONCESSIONARIA,FINANCIAMENTO,MAVERICK,PRIMEIRA_COMPRA,ECONOMICO
SYN01455,42.0,SP,REVENDEDOR,FINANCIAMENTO,RANGER,PRIMEIRA_COMPRA,ESQUECIDO
SYN01456,76.0,GO,ONLINE,FINANCIAMENTO,RANGER,RECOMPRA,ESQUECIDO
SYN01457,45.0,PE,CONCESSIONARIA,FINANCIAMENTO,TERRITORY,PRIMEIRA_COMPRA,ECONOMICO
SYN01458,69.0,BA,CONCESSIONARIA,VISTA,RANGER,PRIMEIRA_COMPRA,ECONOMICO
SYN01459,49.0,GO,CONCESSIONARIA,FINANCIAMENTO,BRONCO,PRIMEIRA_COMPRA,ECONOMICO
SYN01460,57.0,PE,CONCESSIONARIA,FINANCIAMENTO,BRONCO,RECOMPRA,FIEL
SYN01461,34.0,PE,CONCESSIONARIA,FINANCIAMENTO,MAVERICK,RECOMPRA,FIEL
SYN01462,32.0,SP,CONCESSIONARIA,FINANCIAMENTO,RANGER,PRIMEIRA_COMPRA,FIEL
SYN01463,50.0,SP,CONCESSIONARIA,VISTA,BRONCO,PRIMEIRA_COMPRA,FIEL
SYN01464,58.0,GO,CONCESSIONARIA,FINANCIAMENTO,MAVERICK,PRIMEIRA_COMPRA,ECONOMICO
SYN01465,45.0,MG,CONCESSIONARIA,FINANCIAMENTO,BRONCO,PRIMEIRA_COMPRA,ESQUECIDO
SYN01466,26.0,RS,REVENDEDOR,FINANCIAMENTO,MUSTANG,PRIMEIRA_COMPRA,ABANDONO
SYN01467,25.0,SP,ONLINE,FINANCIAMENTO,TERRITORY,RECOMPRA,FIEL
SYN01468,24.0,PR,CONCESSIONARIA,FINANCIAMENTO,BRONCO,PRIMEIRA_COMPRA,ECONOMICO
SYN01469,19.0,PE,ONLINE,FINANCIAMENTO,RANGER,PRIMEIRA_COMPRA,ESQUECIDO
SYN01470,46.0,PE,ONLINE,VISTA,BRONCO,PRIMEIRA_COMPRA,FIEL
SYN01471,60.0,PR,CONCESSIONARIA,CONSORCIO,RANGER,PRIMEIRA_COMPRA,ECONOMICO
SYN01472,44.0,BA,CONCESSIONARIA,VISTA,MUSTANG,PRIMEIRA_COMPRA,ESQUECIDO
SYN01473,18.0,PR,CONCESSIONARIA,FINANCIAMENTO,TERRITORY,PRIMEIRA_COMPRA,ESQUECIDO
SYN01474,41.0,,ONLINE,FINANCIAMENTO,MUSTANG,PRIMEIRA_COMPRA,ESQUECIDO
SYN01475,42.0,PR,CONCESSIONARIA,VISTA,RANGER,RECOMPRA,ABANDONO
SYN01476,73.0,GO,CONCESSIONARIA,FINANCIAMENTO,TERRITORY,PRIMEIRA_COMPRA,FIEL
SYN01477,24.0,MG,ONLINE,,RANGER,PRIMEIRA_COMPRA,ECONOMICO
SYN01478,39.0,RS,REVENDEDOR,VISTA,TERRITORY,RECOMPRA,ESQUECIDO
SYN01479,68.0,PR,CONCESSIONARIA,FINANCIAMENTO,MAVERICK,PRIMEIRA_COMPRA,ECONOMICO
SYN01480,50.0,PR,ONLINE,FINANCIAMENTO,BRONCO,PRIMEIRA_COMPRA,ECONOMICO
SYN01481,52.0,SP,CONCESSIONARIA,CONSORCIO,MAVERICK,RECOMPRA,ECONOMICO
SYN01482,46.0,MG,ONLINE,CONSORCIO,MUSTANG,PRIMEIRA_COMPRA,FIEL
SYN01483,49.0,BA,ONLINE,CONSORCIO,RANGER,PRIMEIRA_COMPRA,FIEL
SYN01484,55.0,BA,ONLINE,FINANCIAMENTO,BRONCO,RECOMPRA,ESQUECIDO
SYN01485,33.0,BA,CONCESSIONARIA,VISTA,BRONCO,PRIMEIRA_COMPRA,FIEL
SYN01486,56.0,GO,CONCESSIONARIA,FINANCIAMENTO,BRONCO,RECOMPRA,ESQUECIDO
SYN01487,25.0,BA,REVENDEDOR,FINANCIAMENTO,RANGER,PRIMEIRA_COMPRA,ESQUECIDO
SYN01488,49.0,PR,CONCESSIONARIA,VISTA,TERRITORY,PRIMEIRA_COMPRA,FIEL
SYN01489,47.0,MG,REVENDEDOR,CONSORCIO,TERRITORY,PRIMEIRA_COMPRA,ABANDONO
SYN01490,35.0,MG,CONCESSIONARIA,FINANCIAMENTO,MAVERICK,PRIMEIRA_COMPRA,ECONOMICO
SYN01491,44.0,PE,CONCESSIONARIA,FINANCIAMENTO,MUSTANG,PRIMEIRA_COMPRA,FIEL
SYN01492,35.0,RS,CONCESSIONARIA,FINANCIAMENTO,TERRITORY,PRIMEIRA_COMPRA,FIEL
SYN01493,29.0,BA,CONCESSIONARIA,FINANCIAMENTO,BRONCO,PRIMEIRA_COMPRA,ESQUECIDO
SYN01494,39.0,SP,REVENDEDOR,FINANCIAMENTO,TERRITORY,PRIMEIRA_COMPRA,FIEL
SYN01495,29.0,RJ,CONCESSIONARIA,CONSORCIO,RANGER,PRIMEIRA_COMPRA,ESQUECIDO
SYN01496,49.0,RJ,ONLINE,FINANCIAMENTO,TERRITORY,PRIMEIRA_COMPRA,ECONOMICO
SYN01497,28.0,RJ,ONLINE,VISTA,TERRITORY,PRIMEIRA_COMPRA,ESQUECIDO
SYN01498,54.0,PR,REVENDEDOR,FINANCIAMENTO,RANGER,PRIMEIRA_COMPRA,ECONOMICO
SYN01499,27.0,BA,ONLINE,FINANCIAMENTO,MAVERICK,RECOMPRA,FIEL
SYN01500,36.0,PR,REVENDEDOR,FINANCIAMENTO,TERRITORY,PRIMEIRA_COMPRA,ECONOMICO
SYN01501,35.0,MG,REVENDEDOR,FINANCIAMENTO,TERRITORY,PRIMEIRA_COMPRA,ECONOMICO
SYN01502,63.0,PR,CONCESSIONARIA,VISTA,TERRITORY,RECOMPRA,ESQUECIDO
SYN01503,49.0,SP,REVENDEDOR,VISTA,MUSTANG,RECOMPRA,FIEL
SYN01504,41.0,RS,REVENDEDOR,CONSORCIO,MAVERICK,  primeira_compra  ,FIEL
SYN01505,51.0,RJ,CONCESSIONARIA,FINANCIAMENTO,BRONCO,PRIMEIRA_COMPRA,FIEL
SYN01506,18.0,SP,ONLINE,VISTA,MUSTANG,RECOMPRA,FIEL
SYN01507,43.0,RJ,CONCESSIONARIA,CONSORCIO,RANGER,PRIMEIRA_COMPRA,FIEL
SYN01508,72.0,SP,ONLINE,FINANCIAMENTO,TERRITORY,PRIMEIRA_COMPRA,ECONOMICO
SYN01509,46.0,RS,CONCESSIONARIA,CONSORCIO,BRONCO,  primeira_compra  ,FIEL
SYN01510,45.0,PR,ONLINE,CONSORCIO,BRONCO,PRIMEIRA_COMPRA,FIEL
SYN01511,52.0,PR,CONCESSIONARIA,CONSORCIO,MAVERICK,RECOMPRA,ECONOMICO
SYN01512,57.0,RS,ONLINE,VISTA,MAVERICK,PRIMEIRA_COMPRA,ECONOMICO
SYN01513,18.0,,CONCESSIONARIA,VISTA,BRONCO,PRIMEIRA_COMPRA,FIEL
SYN01514,20.0,SP,ONLINE,FINANCIAMENTO,  mustang  ,PRIMEIRA_COMPRA,ABANDONO
SYN01515,47.0,BA,CONCESSIONARIA,  vista  ,MUSTANG,PRIMEIRA_COMPRA,ECONOMICO
SYN01516,34.0,GO,ONLINE,CONSORCIO,BRONCO,RECOMPRA,ECONOMICO
SYN01517,62.0,MG,CONCESSIONARIA,FINANCIAMENTO,,RECOMPRA,ESQUECIDO
SYN01518,40.0,RJ,CONCESSIONARIA,VISTA,MAVERICK,PRIMEIRA_COMPRA,ABANDONO
SYN01519,,MG,CONCESSIONARIA,VISTA,RANGER,RECOMPRA,ABANDONO
SYN01520,26.0,RJ,REVENDEDOR,FINANCIAMENTO,RANGER,PRIMEIRA_COMPRA,ECONOMICO
SYN01521,18.0,RJ,CONCESSIONARIA,VISTA,RANGER,PRIMEIRA_COMPRA,FIEL
SYN01522,41.0,RS,ONLINE,VISTA,TERRITORY,PRIMEIRA_COMPRA,ABANDONO
SYN01523,41.0,PE,CONCESSIONARIA,VISTA,TERRITORY,PRIMEIRA_COMPRA,ECONOMICO
SYN01524,38.0,BA,ONLINE,CONSORCIO,RANGER,PRIMEIRA_COMPRA,ESQUECIDO
SYN01525,59.0,GO,CONCESSIONARIA,FINANCIAMENTO,MAVERICK,RECOMPRA,FIEL
SYN01526,61.0,MG,CONCESSIONARIA,CONSORCIO,BRONCO,PRIMEIRA_COMPRA,ECONOMICO
SYN01527,42.0,RS,CONCESSIONARIA,VISTA,MAVERICK,PRIMEIRA_COMPRA,ESQUECIDO
SYN01528,18.0,RS,CONCESSIONARIA,CONSORCIO,BRONCO,RECOMPRA,FIEL
SYN01529,53.0,SP,CONCESSIONARIA,FINANCIAMENTO,TERRITORY,RECOMPRA,FIEL
SYN01530,52.0,RS,CONCESSIONARIA,FINANCIAMENTO,MAVERICK,PRIMEIRA_COMPRA,ABANDONO
SYN01531,48.0,MG,ONLINE,CONSORCIO,MUSTANG,PRIMEIRA_COMPRA,ECONOMICO
SYN01532,58.0,RS,REVENDEDOR,FINANCIAMENTO,TERRITORY,RECOMPRA,FIEL
SYN01533,28.0,  rj  ,CONCESSIONARIA,FINANCIAMENTO,TERRITORY,PRIMEIRA_COMPRA,ECONOMICO
SYN01534,72.0,BA,REVENDEDOR,,BRONCO,PRIMEIRA_COMPRA,ABANDONO
SYN01535,31.0,PE,CONCESSIONARIA,VISTA,MUSTANG,PRIMEIRA_COMPRA,ECONOMICO
SYN01536,54.0,GO,CONCESSIONARIA,CONSORCIO,BRONCO,PRIMEIRA_COMPRA,ECONOMICO
SYN01537,20.0,SP,,VISTA,MUSTANG,PRIMEIRA_COMPRA,ECONOMICO
SYN01538,31.0,SP,CONCESSIONARIA,CONSORCIO,RANGER,,ECONOMICO
SYN01539,65.0,GO,CONCESSIONARIA,FINANCIAMENTO,RANGER,PRIMEIRA_COMPRA,ESQUECIDO
SYN01540,40.0,PE,REVENDEDOR,VISTA,BRONCO,RECOMPRA,FIEL
SYN01541,56.0,PR,ONLINE,CONSORCIO,TERRITORY,PRIMEIRA_COMPRA,ABANDONO
SYN01542,47.0,MG,ONLINE,VISTA,RANGER,PRIMEIRA_COMPRA,ESQUECIDO
SYN01543,43.0,PR,CONCESSIONARIA,FINANCIAMENTO,TERRITORY,PRIMEIRA_COMPRA,ABANDONO
SYN01544,63.0,PR,CONCESSIONARIA,FINANCIAMENTO,TERRITORY,PRIMEIRA_COMPRA,ESQUECIDO
SYN01545,41.0,PE,ONLINE,VISTA,MUSTANG,PRIMEIRA_COMPRA,FIEL
SYN01546,19.0,PR,CONCESSIONARIA,VISTA,MAVERICK,RECOMPRA,ESQUECIDO
SYN01547,33.0,SP,CONCESSIONARIA,VISTA,TERRITORY,PRIMEIRA_COMPRA,FIEL
SYN01548,52.0,BA,CONCESSIONARIA,VISTA,MUSTANG,PRIMEIRA_COMPRA,ABANDONO
SYN01549,50.0,PE,CONCESSIONARIA,CONSORCIO,MUSTANG,PRIMEIRA_COMPRA,ESQUECIDO
SYN01550,22.0,MG,ONLINE,FINANCIAMENTO,TERRITORY,PRIMEIRA_COMPRA,ESQUECIDO
SYN01551,34.0,SP,CONCESSIONARIA,VISTA,BRONCO,PRIMEIRA_COMPRA,ECONOMICO
SYN01552,36.0,RJ,CONCESSIONARIA,VISTA,MUSTANG,PRIMEIRA_COMPRA,ESQUECIDO
SYN01553,39.0,PE,REVENDEDOR,FINANCIAMENTO,BRONCO,PRIMEIRA_COMPRA,ECONOMICO
SYN01554,25.0,RS,REVENDEDOR,FINANCIAMENTO,TERRITORY,RECOMPRA,FIEL
SYN01555,35.0,PR,CONCESSIONARIA,VISTA,MUSTANG,RECOMPRA,FIEL
SYN01556,34.0,GO,CONCESSIONARIA,CONSORCIO,MAVERICK,PRIMEIRA_COMPRA,ECONOMICO
SYN01557,55.0,SP,ONLINE,FINANCIAMENTO,BRONCO,PRIMEIRA_COMPRA,FIEL
SYN01558,55.0,RJ,CONCESSIONARIA,FINANCIAMENTO,MUSTANG,PRIMEIRA_COMPRA,ECONOMICO
SYN01559,42.0,PE,CONCESSIONARIA,FINANCIAMENTO,MAVERICK,PRIMEIRA_COMPRA,ECONOMICO
SYN01560,39.0,PR,CONCESSIONARIA,CONSORCIO,TERRITORY,RECOMPRA,FIEL
SYN01561,46.0,SP,CONCESSIONARIA,VISTA,BRONCO,PRIMEIRA_COMPRA,ECONOMICO
SYN01562,,  ba  ,REVENDEDOR,FINANCIAMENTO,RANGER,RECOMPRA,ABANDONO
SYN01563,28.0,RJ,ONLINE,CONSORCIO,RANGER,PRIMEIRA_COMPRA,ABANDONO
SYN01564,31.0,PE,REVENDEDOR,FINANCIAMENTO,MUSTANG,RECOMPRA,ABANDONO
SYN01565,35.0,PE,ONLINE,FINANCIAMENTO,RANGER,RECOMPRA,ESQUECIDO
SYN01566,28.0,PE,ONLINE,FINANCIAMENTO,MUSTANG,RECOMPRA,ECONOMICO
SYN01567,46.0,RS,ONLINE,VISTA,TERRITORY,RECOMPRA,FIEL
SYN01568,54.0,MG,ONLINE,CONSORCIO,BRONCO,PRIMEIRA_COMPRA,ESQUECIDO
SYN01569,22.0,GO,CONCESSIONARIA,FINANCIAMENTO,MAVERICK,PRIMEIRA_COMPRA,ABANDONO
SYN01570,,PR,CONCESSIONARIA,VISTA,MUSTANG,PRIMEIRA_COMPRA,FIEL
SYN01571,41.0,BA,ONLINE,VISTA,TERRITORY,RECOMPRA,ABANDONO
SYN01572,49.0,RJ,CONCESSIONARIA,CONSORCIO,MUSTANG,RECOMPRA,ESQUECIDO
SYN01573,44.0,PR,CONCESSIONARIA,CONSORCIO,BRONCO,PRIMEIRA_COMPRA,ECONOMICO
SYN01574,24.0,PR,CONCESSIONARIA,VISTA,MUSTANG,RECOMPRA,ECONOMICO
SYN01575,26.0,MG,ONLINE,FINANCIAMENTO,RANGER,PRIMEIRA_COMPRA,FIEL
SYN01576,44.0,PE,CONCESSIONARIA,FINANCIAMENTO,TERRITORY,PRIMEIRA_COMPRA,ESQUECIDO
SYN01577,58.0,RJ,CONCESSIONARIA,CONSORCIO,,PRIMEIRA_COMPRA,FIEL
SYN01578,18.0,BA,CONCESSIONARIA,VISTA,MAVERICK,PRIMEIRA_COMPRA,ECONOMICO
SYN01579,49.0,GO,CONCESSIONARIA,VISTA,MUSTANG,PRIMEIRA_COMPRA,FIEL
SYN01580,61.0,PR,REVENDEDOR,CONSORCIO,TERRITORY,RECOMPRA,FIEL
SYN01581,42.0,SP,CONCESSIONARIA,CONSORCIO,MAVERICK,PRIMEIRA_COMPRA,ECONOMICO
SYN01582,52.0,PR,CONCESSIONARIA,VISTA,MAVERICK,PRIMEIRA_COMPRA,ABANDONO
SYN01583,34.0,PR,CONCESSIONARIA,CONSORCIO,MUSTANG,PRIMEIRA_COMPRA,ECONOMICO
SYN01584,42.0,PR,REVENDEDOR,FINANCIAMENTO,RANGER,PRIMEIRA_COMPRA,ECONOMICO
SYN01585,21.0,  mg  ,ONLINE,VISTA,RANGER,RECOMPRA,FIEL
SYN01586,18.0,BA,CONCESSIONARIA,CONSORCIO,BRONCO,RECOMPRA,ABANDONO
SYN01587,57.0,MG,CONCESSIONARIA,FINANCIAMENTO,RANGER,PRIMEIRA_COMPRA,ECONOMICO
SYN01588,30.0,PR,ONLINE,FINANCIAMENTO,RANGER,RECOMPRA,ECONOMICO
SYN01589,38.0,PR,REVENDEDOR,VISTA,BRONCO,RECOMPRA,FIEL
SYN01590,25.0,BA,CONCESSIONARIA,VISTA,TERRITORY,RECOMPRA,ESQUECIDO
SYN01591,24.0,PE,CONCESSIONARIA,FINANCIAMENTO,TERRITORY,PRIMEIRA_COMPRA,ESQUECIDO
SYN01592,42.0,GO,CONCESSIONARIA,FINANCIAMENTO,TERRITORY,PRIMEIRA_COMPRA,ECONOMICO
SYN01593,34.0,PE,CONCESSIONARIA,FINANCIAMENTO,MAVERICK,RECOMPRA,ESQUECIDO
SYN01594,49.0,PE,ONLINE,FINANCIAMENTO,TERRITORY,PRIMEIRA_COMPRA,ABANDONO
SYN01595,50.0,PE,REVENDEDOR,CONSORCIO,MAVERICK,PRIMEIRA_COMPRA,ECONOMICO
SYN01596,48.0,RJ,REVENDEDOR,VISTA,RANGER,PRIMEIRA_COMPRA,FIEL
SYN01597,47.0,MG,ONLINE,VISTA,RANGER,PRIMEIRA_COMPRA,ECONOMICO
SYN01598,66.0,PR,CONCESSIONARIA,FINANCIAMENTO,RANGER,PRIMEIRA_COMPRA,ECONOMICO
SYN01599,29.0,RS,REVENDEDOR,FINANCIAMENTO,MUSTANG,RECOMPRA,ECONOMICO
SYN01600,43.0,BA,CONCESSIONARIA,FINANCIAMENTO,TERRITORY,PRIMEIRA_COMPRA,FIEL
SYN01601,60.0,SP,CONCESSIONARIA,CONSORCIO,RANGER,PRIMEIRA_COMPRA,ABANDONO
SYN01602,62.0,RJ,ONLINE,CONSORCIO,TERRITORY,RECOMPRA,FIEL
SYN01603,24.0,BA,CONCESSIONARIA,FINANCIAMENTO,MAVERICK,PRIMEIRA_COMPRA,ESQUECIDO
SYN01604,40.0,PE,REVENDEDOR,CONSORCIO,TERRITORY,PRIMEIRA_COMPRA,ABANDONO
SYN01605,63.0,  mg  ,REVENDEDOR,FINANCIAMENTO,TERRITORY,RECOMPRA,ESQUECIDO
SYN01606,51.0,MG,ONLINE,FINANCIAMENTO,RANGER,RECOMPRA,FIEL
SYN01607,47.0,PR,ONLINE,VISTA,MAVERICK,RECOMPRA,ECONOMICO
SYN01608,41.0,RS,CONCESSIONARIA,FINANCIAMENTO,TERRITORY,PRIMEIRA_COMPRA,ABANDONO
SYN01609,39.0,RJ,CONCESSIONARIA,CONSORCIO,RANGER,PRIMEIRA_COMPRA,ABANDONO
SYN01610,48.0,PR,ONLINE,FINANCIAMENTO,MAVERICK,RECOMPRA,ESQUECIDO
SYN01611,40.0,PE,ONLINE,VISTA,MUSTANG,RECOMPRA,FIEL
SYN01612,43.0,BA,REVENDEDOR,FINANCIAMENTO,MAVERICK,PRIMEIRA_COMPRA,ECONOMICO
SYN01613,45.0,PE,CONCESSIONARIA,FINANCIAMENTO,MUSTANG,RECOMPRA,ESQUECIDO
SYN01614,35.0,BA,CONCESSIONARIA,FINANCIAMENTO,BRONCO,PRIMEIRA_COMPRA,ECONOMICO
SYN01615,51.0,GO,CONCESSIONARIA,CONSORCIO,BRONCO,PRIMEIRA_COMPRA,ESQUECIDO
SYN01616,85.0,RJ,ONLINE,VISTA,TERRITORY,  primeira_compra  ,ECONOMICO
SYN01617,19.0,SP,ONLINE,VISTA,BRONCO,PRIMEIRA_COMPRA,ECONOMICO
SYN01618,49.0,SP,REVENDEDOR,FINANCIAMENTO,MUSTANG,RECOMPRA,FIEL
SYN01619,33.0,GO,CONCESSIONARIA,FINANCIAMENTO,MAVERICK,PRIMEIRA_COMPRA,ECONOMICO
SYN01620,52.0,BA,CONCESSIONARIA,FINANCIAMENTO,RANGER,RECOMPRA,ECONOMICO
SYN01621,45.0,RJ,CONCESSIONARIA,CONSORCIO,BRONCO,PRIMEIRA_COMPRA,FIEL
SYN01622,55.0,PE,CONCESSIONARIA,FINANCIAMENTO,TERRITORY,RECOMPRA,ABANDONO
SYN01623,60.0,MG,CONCESSIONARIA,FINANCIAMENTO,BRONCO,PRIMEIRA_COMPRA,ECONOMICO
SYN01624,47.0,PR,ONLINE,VISTA,BRONCO,RECOMPRA,FIEL
SYN01625,60.0,RJ,CONCESSIONARIA,VISTA,BRONCO,PRIMEIRA_COMPRA,ABANDONO
SYN01626,18.0,SP,CONCESSIONARIA,FINANCIAMENTO,MUSTANG,RECOMPRA,ECONOMICO
SYN01627,66.0,MG,ONLINE,FINANCIAMENTO,MUSTANG,PRIMEIRA_COMPRA,FIEL
SYN01628,49.0,RJ,REVENDEDOR,FINANCIAMENTO,MUSTANG,PRIMEIRA_COMPRA,FIEL
SYN01629,59.0,PR,CONCESSIONARIA,VISTA,MAVERICK,RECOMPRA,ESQUECIDO
SYN01630,27.0,SP,CONCESSIONARIA,FINANCIAMENTO,TERRITORY,PRIMEIRA_COMPRA,ECONOMICO
SYN01631,32.0,RJ,ONLINE,VISTA,RANGER,RECOMPRA,ABANDONO
SYN01632,46.0,PR,ONLINE,FINANCIAMENTO,MUSTANG,PRIMEIRA_COMPRA,ABANDONO
SYN01633,44.0,RS,REVENDEDOR,CONSORCIO,MUSTANG,RECOMPRA,FIEL
SYN01634,48.0,BA,CONCESSIONARIA,CONSORCIO,RANGER,RECOMPRA,ESQUECIDO
SYN01635,59.0,,ONLINE,FINANCIAMENTO,TERRITORY,RECOMPRA,FIEL
SYN01636,19.0,GO,REVENDEDOR,FINANCIAMENTO,MAVERICK,PRIMEIRA_COMPRA,ECONOMICO
SYN01637,58.0,PE,CONCESSIONARIA,FINANCIAMENTO,RANGER,PRIMEIRA_COMPRA,ECONOMICO
SYN01638,44.0,RJ,CONCESSIONARIA,CONSORCIO,RANGER,RECOMPRA,FIEL
SYN01639,41.0,BA,REVENDEDOR,VISTA,MUSTANG,PRIMEIRA_COMPRA,ESQUECIDO
SYN01640,23.0,BA,CONCESSIONARIA,VISTA,  ranger  ,RECOMPRA,ECONOMICO
SYN01641,51.0,PR,ONLINE,FINANCIAMENTO,TERRITORY,PRIMEIRA_COMPRA,ECONOMICO
SYN01642,18.0,PE,REVENDEDOR,FINANCIAMENTO,MUSTANG,PRIMEIRA_COMPRA,ECONOMICO
SYN01643,53.0,RJ,CONCESSIONARIA,VISTA,RANGER,RECOMPRA,FIEL
SYN01644,23.0,RS,,VISTA,MAVERICK,PRIMEIRA_COMPRA,ESQUECIDO
SYN01645,45.0,PE,CONCESSIONARIA,CONSORCIO,BRONCO,PRIMEIRA_COMPRA,ESQUECIDO
SYN01646,42.0,GO,REVENDEDOR,CONSORCIO,BRONCO,PRIMEIRA_COMPRA,ESQUECIDO
SYN01647,60.0,SP,REVENDEDOR,VISTA,MUSTANG,RECOMPRA,FIEL
SYN01648,41.0,RS,REVENDEDOR,VISTA,RANGER,PRIMEIRA_COMPRA,ECONOMICO
SYN01649,34.0,MG,CONCESSIONARIA,CONSORCIO,RANGER,RECOMPRA,FIEL
SYN01650,37.0,RJ,ONLINE,CONSORCIO,RANGER,PRIMEIRA_COMPRA,ABANDONO
SYN01651,62.0,SP,REVENDEDOR,  consorcio  ,BRONCO,PRIMEIRA_COMPRA,ABANDONO
SYN01652,52.0,PR,ONLINE,CONSORCIO,MUSTANG,PRIMEIRA_COMPRA,ABANDONO
SYN01653,39.0,BA,ONLINE,FINANCIAMENTO,RANGER,PRIMEIRA_COMPRA,ESQUECIDO
SYN01654,41.0,PR,CONCESSIONARIA,VISTA,BRONCO,PRIMEIRA_COMPRA,FIEL
SYN01655,22.0,MG,REVENDEDOR,VISTA,BRONCO,PRIMEIRA_COMPRA,ABANDONO
SYN01656,49.0,PE,CONCESSIONARIA,FINANCIAMENTO,RANGER,PRIMEIRA_COMPRA,FIEL
SYN01657,19.0,BA,CONCESSIONARIA,VISTA,TERRITORY,RECOMPRA,FIEL
SYN01658,55.0,GO,,FINANCIAMENTO,TERRITORY,PRIMEIRA_COMPRA,FIEL
SYN01659,46.0,MG,REVENDEDOR,FINANCIAMENTO,RANGER,PRIMEIRA_COMPRA,ABANDONO
SYN01660,77.0,RJ,REVENDEDOR,FINANCIAMENTO,BRONCO,PRIMEIRA_COMPRA,ABANDONO
SYN01661,29.0,RS,CONCESSIONARIA,VISTA,MUSTANG,PRIMEIRA_COMPRA,ABANDONO
SYN01662,43.0,PR,CONCESSIONARIA,VISTA,BRONCO,RECOMPRA,ESQUECIDO
SYN01663,69.0,RS,CONCESSIONARIA,VISTA,MAVERICK,RECOMPRA,FIEL
SYN01664,61.0,PE,CONCESSIONARIA,FINANCIAMENTO,MAVERICK,RECOMPRA,ESQUECIDO
SYN01665,34.0,SP,REVENDEDOR,VISTA,MUSTANG,PRIMEIRA_COMPRA,FIEL
SYN01666,47.0,,ONLINE,FINANCIAMENTO,MUSTANG,PRIMEIRA_COMPRA,ESQUECIDO
SYN01667,-5.0,RS,CONCESSIONARIA,FINANCIAMENTO,MUSTANG,RECOMPRA,FIEL
SYN01668,48.0,RJ,CONCESSIONARIA,FINANCIAMENTO,MUSTANG,RECOMPRA,FIEL
SYN01669,34.0,BA,CONCESSIONARIA,CONSORCIO,MUSTANG,PRIMEIRA_COMPRA,ESQUECIDO
SYN01670,43.0,PE,REVENDEDOR,FINANCIAMENTO,MUSTANG,PRIMEIRA_COMPRA,ECONOMICO
SYN01671,22.0,PR,ONLINE,VISTA,MAVERICK,RECOMPRA,ABANDONO
SYN01672,46.0,SP,CONCESSIONARIA,CONSORCIO,BRONCO,RECOMPRA,FIEL
SYN01673,50.0,SP,CONCESSIONARIA,FINANCIAMENTO,TERRITORY,PRIMEIRA_COMPRA,ABANDONO
SYN01674,41.0,RS,CONCESSIONARIA,CONSORCIO,BRONCO,PRIMEIRA_COMPRA,ECONOMICO
SYN01675,21.0,BA,CONCESSIONARIA,FINANCIAMENTO,MUSTANG,RECOMPRA,FIEL
SYN01676,58.0,MG,REVENDEDOR,FINANCIAMENTO,MAVERICK,RECOMPRA,FIEL
SYN01677,,MG,ONLINE,FINANCIAMENTO,BRONCO,PRIMEIRA_COMPRA,FIEL
SYN01678,34.0,PE,CONCESSIONARIA,VISTA,  ranger  ,PRIMEIRA_COMPRA,ECONOMICO
SYN01679,40.0,SP,ONLINE,CONSORCIO,TERRITORY,PRIMEIRA_COMPRA,ECONOMICO
SYN01680,23.0,SP,CONCESSIONARIA,VISTA,BRONCO,RECOMPRA,FIEL
SYN01681,30.0,RJ,CONCESSIONARIA,VISTA,TERRITORY,RECOMPRA,FIEL
SYN01682,36.0,GO,ONLINE,FINANCIAMENTO,BRONCO,PRIMEIRA_COMPRA,ECONOMICO
SYN01683,61.0,RS,CONCESSIONARIA,CONSORCIO,TERRITORY,PRIMEIRA_COMPRA,FIEL
SYN01684,35.0,RJ,CONCESSIONARIA,FINANCIAMENTO,RANGER,RECOMPRA,FIEL
SYN01685,53.0,MG,REVENDEDOR,FINANCIAMENTO,BRONCO,PRIMEIRA_COMPRA,ESQUECIDO
SYN01686,36.0,GO,REVENDEDOR,CONSORCIO,BRONCO,PRIMEIRA_COMPRA,ABANDONO
SYN01687,47.0,BA,CONCESSIONARIA,FINANCIAMENTO,MAVERICK,PRIMEIRA_COMPRA,ABANDONO
SYN01688,42.0,RJ,  online  ,FINANCIAMENTO,RANGER,PRIMEIRA_COMPRA,ECONOMICO
SYN01689,56.0,RJ,CONCESSIONARIA,FINANCIAMENTO,BRONCO,RECOMPRA,ESQUECIDO
SYN01690,37.0,SP,ONLINE,FINANCIAMENTO,MUSTANG,PRIMEIRA_COMPRA,ESQUECIDO
SYN01691,22.0,PE,CONCESSIONARIA,,TERRITORY,RECOMPRA,FIEL
SYN01692,25.0,RJ,ONLINE,FINANCIAMENTO,TERRITORY,PRIMEIRA_COMPRA,FIEL
SYN01693,37.0,MG,CONCESSIONARIA,CONSORCIO,RANGER,PRIMEIRA_COMPRA,ECONOMICO
SYN01694,27.0,MG,REVENDEDOR,FINANCIAMENTO,BRONCO,RECOMPRA,FIEL
SYN01695,50.0,PR,REVENDEDOR,VISTA,MUSTANG,PRIMEIRA_COMPRA,ABANDONO
SYN01696,37.0,PR,CONCESSIONARIA,VISTA,  bronco  ,RECOMPRA,FIEL
SYN01697,77.0,PE,ONLINE,VISTA,BRONCO,PRIMEIRA_COMPRA,FIEL
SYN01698,20.0,MG,CONCESSIONARIA,VISTA,MAVERICK,RECOMPRA,FIEL
SYN01699,47.0,RS,ONLINE,VISTA,BRONCO,PRIMEIRA_COMPRA,FIEL
SYN01700,28.0,RS,CONCESSIONARIA,VISTA,TERRITORY,PRIMEIRA_COMPRA,ESQUECIDO
SYN01701,37.0,SP,CONCESSIONARIA,CONSORCIO,MAVERICK,PRIMEIRA_COMPRA,ABANDONO
SYN01702,46.0,BA,ONLINE,FINANCIAMENTO,TERRITORY,PRIMEIRA_COMPRA,ECONOMICO
SYN01703,18.0,PR,CONCESSIONARIA,FINANCIAMENTO,MUSTANG,PRIMEIRA_COMPRA,ECONOMICO
SYN01704,47.0,RS,ONLINE,VISTA,TERRITORY,PRIMEIRA_COMPRA,FIEL
SYN01705,71.0,GO,ONLINE,FINANCIAMENTO,BRONCO,PRIMEIRA_COMPRA,ECONOMICO
SYN01706,38.0,RJ,CONCESSIONARIA,FINANCIAMENTO,  territory  ,  primeira_compra  ,ECONOMICO
SYN01707,48.0,,CONCESSIONARIA,CONSORCIO,MAVERICK,RECOMPRA,FIEL
SYN01708,58.0,BA,ONLINE,FINANCIAMENTO,BRONCO,PRIMEIRA_COMPRA,ESQUECIDO
SYN01709,42.0,RJ,ONLINE,FINANCIAMENTO,TERRITORY,PRIMEIRA_COMPRA,ECONOMICO
SYN01710,36.0,BA,  concessionaria  ,VISTA,MAVERICK,RECOMPRA,ABANDONO
SYN01711,18.0,PE,CONCESSIONARIA,FINANCIAMENTO,MUSTANG,RECOMPRA,FIEL
SYN01712,53.0,MG,ONLINE,FINANCIAMENTO,RANGER,PRIMEIRA_COMPRA,FIEL
SYN01713,42.0,MG,ONLINE,  financiamento  ,BRONCO,PRIMEIRA_COMPRA,ABANDONO
SYN01714,30.0,PE,REVENDEDOR,FINANCIAMENTO,MAVERICK,PRIMEIRA_COMPRA,FIEL
SYN01715,46.0,RJ,CONCESSIONARIA,FINANCIAMENTO,MAVERICK,PRIMEIRA_COMPRA,ABANDONO
SYN01716,36.0,SP,ONLINE,CONSORCIO,TERRITORY,RECOMPRA,ECONOMICO
SYN01717,37.0,BA,ONLINE,FINANCIAMENTO,RANGER,PRIMEIRA_COMPRA,ABANDONO
SYN01718,52.0,GO,CONCESSIONARIA,FINANCIAMENTO,BRONCO,RECOMPRA,FIEL
SYN01719,25.0,PR,CONCESSIONARIA,VISTA,MAVERICK,RECOMPRA,FIEL
SYN01720,59.0,RJ,CONCESSIONARIA,FINANCIAMENTO,TERRITORY,RECOMPRA,FIEL
SYN01721,24.0,PR,REVENDEDOR,FINANCIAMENTO,TERRITORY,PRIMEIRA_COMPRA,ECONOMICO
SYN01722,35.0,MG,CONCESSIONARIA,FINANCIAMENTO,BRONCO,RECOMPRA,ECONOMICO
SYN01723,71.0,PE,  online  ,FINANCIAMENTO,BRONCO,RECOMPRA,FIEL
SYN01724,60.0,PR,ONLINE,FINANCIAMENTO,BRONCO,RECOMPRA,FIEL
SYN01725,45.0,MG,CONCESSIONARIA,FINANCIAMENTO,MAVERICK,PRIMEIRA_COMPRA,FIEL
SYN01726,31.0,PR,REVENDEDOR,CONSORCIO,MUSTANG,PRIMEIRA_COMPRA,ECONOMICO
SYN01727,37.0,BA,ONLINE,CONSORCIO,MAVERICK,PRIMEIRA_COMPRA,ABANDONO
SYN01728,45.0,BA,CONCESSIONARIA,CONSORCIO,RANGER,PRIMEIRA_COMPRA,ABANDONO
SYN01729,45.0,MG,ONLINE,FINANCIAMENTO,TERRITORY,RECOMPRA,FIEL
SYN01730,43.0,PR,ONLINE,VISTA,RANGER,RECOMPRA,FIEL
SYN01731,44.0,SP,CONCESSIONARIA,VISTA,MUSTANG,PRIMEIRA_COMPRA,ABANDONO
SYN01732,41.0,RS,ONLINE,FINANCIAMENTO,MAVERICK,PRIMEIRA_COMPRA,ECONOMICO
SYN01733,24.0,RS,ONLINE,CONSORCIO,TERRITORY,PRIMEIRA_COMPRA,FIEL
SYN01734,37.0,PR,CONCESSIONARIA,VISTA,MUSTANG,RECOMPRA,FIEL
SYN01735,57.0,GO,REVENDEDOR,FINANCIAMENTO,BRONCO,RECOMPRA,FIEL
SYN01736,25.0,GO,ONLINE,CONSORCIO,RANGER,PRIMEIRA_COMPRA,ABANDONO
SYN01737,41.0,RS,ONLINE,FINANCIAMENTO,RANGER,PRIMEIRA_COMPRA,ECONOMICO
SYN01738,33.0,BA,CONCESSIONARIA,FINANCIAMENTO,MUSTANG,RECOMPRA,ECONOMICO
SYN01739,46.0,SP,CONCESSIONARIA,FINANCIAMENTO,TERRITORY,RECOMPRA,ECONOMICO
SYN01740,39.0,RS,CONCESSIONARIA,FINANCIAMENTO,BRONCO,RECOMPRA,ECONOMICO
SYN01741,65.0,BA,ONLINE,CONSORCIO,MUSTANG,PRIMEIRA_COMPRA,ESQUECIDO
SYN01742,51.0,BA,ONLINE,VISTA,TERRITORY,PRIMEIRA_COMPRA,ESQUECIDO
SYN01743,26.0,GO,  online  ,FINANCIAMENTO,RANGER,RECOMPRA,ABANDONO
SYN01744,53.0,RS,CONCESSIONARIA,VISTA,RANGER,PRIMEIRA_COMPRA,ESQUECIDO
SYN01745,33.0,GO,ONLINE,CONSORCIO,MUSTANG,RECOMPRA,ESQUECIDO
SYN01746,36.0,GO,REVENDEDOR,CONSORCIO,BRONCO,RECOMPRA,ABANDONO
SYN01747,48.0,PR,ONLINE,CONSORCIO,TERRITORY,PRIMEIRA_COMPRA,ESQUECIDO
SYN01748,37.0,SP,ONLINE,CONSORCIO,RANGER,PRIMEIRA_COMPRA,ESQUECIDO
SYN01749,56.0,RS,REVENDEDOR,VISTA,MAVERICK,RECOMPRA,FIEL
SYN01750,33.0,PE,CONCESSIONARIA,FINANCIAMENTO,RANGER,RECOMPRA,ABANDONO
SYN01751,35.0,PR,ONLINE,CONSORCIO,RANGER,PRIMEIRA_COMPRA,ESQUECIDO
SYN01752,35.0,GO,REVENDEDOR,FINANCIAMENTO,  bronco  ,RECOMPRA,ABANDONO
SYN01753,36.0,PE,ONLINE,FINANCIAMENTO,MAVERICK,PRIMEIRA_COMPRA,ESQUECIDO
SYN01754,59.0,SP,CONCESSIONARIA,FINANCIAMENTO,BRONCO,RECOMPRA,ESQUECIDO
SYN01755,53.0,PE,REVENDEDOR,FINANCIAMENTO,MUSTANG,RECOMPRA,ECONOMICO
SYN01756,68.0,MG,CONCESSIONARIA,VISTA,TERRITORY,PRIMEIRA_COMPRA,FIEL
SYN01757,76.0,PE,CONCESSIONARIA,CONSORCIO,BRONCO,RECOMPRA,FIEL
SYN01758,30.0,PR,CONCESSIONARIA,FINANCIAMENTO,TERRITORY,RECOMPRA,FIEL
SYN01759,45.0,RS,  concessionaria  ,VISTA,TERRITORY,  recompra  ,FIEL
SYN01760,28.0,SP,CONCESSIONARIA,FINANCIAMENTO,RANGER,PRIMEIRA_COMPRA,ABANDONO
SYN01761,33.0,SP,CONCESSIONARIA,VISTA,MAVERICK,RECOMPRA,ESQUECIDO
SYN01762,35.0,PR,REVENDEDOR,FINANCIAMENTO,MAVERICK,RECOMPRA,ECONOMICO
SYN01763,29.0,PR,CONCESSIONARIA,FINANCIAMENTO,MAVERICK,PRIMEIRA_COMPRA,ABANDONO
SYN01764,29.0,PR,ONLINE,VISTA,RANGER,PRIMEIRA_COMPRA,ECONOMICO
SYN01765,42.0,RJ,REVENDEDOR,VISTA,RANGER,RECOMPRA,FIEL
SYN01766,27.0,PR,REVENDEDOR,FINANCIAMENTO,MAVERICK,PRIMEIRA_COMPRA,ECONOMICO
SYN01767,56.0,SP,CONCESSIONARIA,FINANCIAMENTO,MAVERICK,PRIMEIRA_COMPRA,ESQUECIDO
SYN01768,31.0,RJ,CONCESSIONARIA,FINANCIAMENTO,RANGER,RECOMPRA,ECONOMICO
SYN01769,83.0,RS,ONLINE,VISTA,MAVERICK,PRIMEIRA_COMPRA,FIEL
SYN01770,38.0,PR,REVENDEDOR,FINANCIAMENTO,MUSTANG,RECOMPRA,FIEL
SYN01771,45.0,BA,ONLINE,FINANCIAMENTO,MAVERICK,PRIMEIRA_COMPRA,ABANDONO
SYN01772,26.0,GO,CONCESSIONARIA,CONSORCIO,TERRITORY,PRIMEIRA_COMPRA,ECONOMICO
SYN01773,68.0,PE,ONLINE,VISTA,TERRITORY,RECOMPRA,ECONOMICO
SYN01774,60.0,RS,ONLINE,FINANCIAMENTO,MAVERICK,RECOMPRA,ESQUECIDO
SYN01775,48.0,PE,ONLINE,VISTA,BRONCO,PRIMEIRA_COMPRA,ESQUECIDO
SYN01776,25.0,SP,REVENDEDOR,FINANCIAMENTO,MAVERICK,RECOMPRA,FIEL
SYN01777,47.0,PE,ONLINE,FINANCIAMENTO,MUSTANG,RECOMPRA,ESQUECIDO
SYN01778,28.0,RS,ONLINE,VISTA,BRONCO,RECOMPRA,ECONOMICO
SYN01779,64.0,PE,ONLINE,FINANCIAMENTO,BRONCO,PRIMEIRA_COMPRA,ABANDONO
SYN01780,55.0,GO,ONLINE,FINANCIAMENTO,BRONCO,PRIMEIRA_COMPRA,ESQUECIDO
SYN01781,45.0,BA,ONLINE,CONSORCIO,BRONCO,RECOMPRA,FIEL
SYN01782,18.0,GO,CONCESSIONARIA,VISTA,RANGER,RECOMPRA,FIEL
SYN01783,30.0,SP,ONLINE,CONSORCIO,MUSTANG,PRIMEIRA_COMPRA,FIEL
SYN01784,54.0,RJ,ONLINE,CONSORCIO,BRONCO,PRIMEIRA_COMPRA,ESQUECIDO
SYN01785,61.0,BA,CONCESSIONARIA,FINANCIAMENTO,TERRITORY,PRIMEIRA_COMPRA,ECONOMICO
SYN01786,60.0,PR,CONCESSIONARIA,VISTA,BRONCO,PRIMEIRA_COMPRA,FIEL
SYN01787,22.0,SP,ONLINE,FINANCIAMENTO,TERRITORY,PRIMEIRA_COMPRA,ECONOMICO
SYN01788,48.0,BA,ONLINE,VISTA,MUSTANG,PRIMEIRA_COMPRA,ECONOMICO
SYN01789,,SP,CONCESSIONARIA,FINANCIAMENTO,MAVERICK,PRIMEIRA_COMPRA,ECONOMICO
SYN01790,21.0,GO,CONCESSIONARIA,FINANCIAMENTO,TERRITORY,PRIMEIRA_COMPRA,ECONOMICO
SYN01791,44.0,RJ,CONCESSIONARIA,FINANCIAMENTO,MAVERICK,PRIMEIRA_COMPRA,ECONOMICO
SYN01792,48.0,,REVENDEDOR,VISTA,RANGER,RECOMPRA,FIEL
SYN01793,40.0,PE,REVENDEDOR,FINANCIAMENTO,MUSTANG,PRIMEIRA_COMPRA,ECONOMICO
SYN01794,18.0,PR,ONLINE,VISTA,BRONCO,PRIMEIRA_COMPRA,ABANDONO
SYN01795,39.0,BA,CONCESSIONARIA,CONSORCIO,MAVERICK,PRIMEIRA_COMPRA,FIEL
SYN01796,39.0,BA,ONLINE,VISTA,MAVERICK,PRIMEIRA_COMPRA,FIEL
SYN01797,42.0,GO,ONLINE,FINANCIAMENTO,TERRITORY,PRIMEIRA_COMPRA,ECONOMICO
SYN01798,36.0,RS,REVENDEDOR,FINANCIAMENTO,MAVERICK,RECOMPRA,ECONOMICO
SYN01799,38.0,GO,CONCESSIONARIA,CONSORCIO,TERRITORY,PRIMEIRA_COMPRA,ABANDONO
SYN01800,43.0,PR,CONCESSIONARIA,VISTA,MAVERICK,PRIMEIRA_COMPRA,ESQUECIDO
SYN01801,50.0,GO,ONLINE,FINANCIAMENTO,RANGER,RECOMPRA,FIEL
SYN01802,40.0,BA,CONCESSIONARIA,CONSORCIO,RANGER,RECOMPRA,ECONOMICO
SYN01803,38.0,RJ,ONLINE,FINANCIAMENTO,MUSTANG,PRIMEIRA_COMPRA,FIEL
SYN01804,45.0,BA,ONLINE,FINANCIAMENTO,MAVERICK,PRIMEIRA_COMPRA,ECONOMICO
SYN01805,18.0,GO,CONCESSIONARIA,FINANCIAMENTO,RANGER,PRIMEIRA_COMPRA,ECONOMICO
SYN01806,51.0,RJ,CONCESSIONARIA,FINANCIAMENTO,TERRITORY,PRIMEIRA_COMPRA,FIEL
SYN01807,44.0,PE,ONLINE,FINANCIAMENTO,BRONCO,PRIMEIRA_COMPRA,ECONOMICO
SYN01808,45.0,SP,REVENDEDOR,VISTA,RANGER,RECOMPRA,ECONOMICO
SYN01809,57.0,PE,CONCESSIONARIA,  financiamento  ,BRONCO,PRIMEIRA_COMPRA,ESQUECIDO
SYN01810,18.0,PE,CONCESSIONARIA,VISTA,TERRITORY,PRIMEIRA_COMPRA,ECONOMICO
SYN01811,18.0,RJ,ONLINE,CONSORCIO,RANGER,RECOMPRA,ECONOMICO
SYN01812,48.0,BA,CONCESSIONARIA,CONSORCIO,TERRITORY,PRIMEIRA_COMPRA,FIEL
SYN01813,44.0,SP,ONLINE,FINANCIAMENTO,TERRITORY,PRIMEIRA_COMPRA,FIEL
SYN01814,46.0,PR,ONLINE,VISTA,RANGER,RECOMPRA,ABANDONO
SYN01815,38.0,GO,CONCESSIONARIA,FINANCIAMENTO,MAVERICK,PRIMEIRA_COMPRA,ECONOMICO
SYN01816,53.0,RJ,ONLINE,VISTA,TERRITORY,PRIMEIRA_COMPRA,ESQUECIDO
SYN01817,57.0,RJ,ONLINE,FINANCIAMENTO,RANGER,PRIMEIRA_COMPRA,ESQUECIDO
SYN01818,51.0,RS,CONCESSIONARIA,VISTA,  ranger  ,PRIMEIRA_COMPRA,ESQUECIDO
SYN01819,40.0,  mg  ,ONLINE,FINANCIAMENTO,MUSTANG,PRIMEIRA_COMPRA,FIEL
SYN01820,18.0,SP,REVENDEDOR,VISTA,RANGER,PRIMEIRA_COMPRA,ABANDONO
SYN01821,55.0,RS,ONLINE,FINANCIAMENTO,,PRIMEIRA_COMPRA,ABANDONO
SYN01822,61.0,MG,CONCESSIONARIA,FINANCIAMENTO,RANGER,PRIMEIRA_COMPRA,ESQUECIDO
SYN01823,53.0,SP,ONLINE,VISTA,RANGER,PRIMEIRA_COMPRA,ESQUECIDO
SYN01824,32.0,MG,CONCESSIONARIA,FINANCIAMENTO,BRONCO,RECOMPRA,ECONOMICO
SYN01825,53.0,SP,ONLINE,VISTA,MUSTANG,RECOMPRA,FIEL
SYN01826,56.0,GO,ONLINE,VISTA,RANGER,PRIMEIRA_COMPRA,ESQUECIDO
SYN01827,,GO,CONCESSIONARIA,VISTA,TERRITORY,PRIMEIRA_COMPRA,FIEL
SYN01828,32.0,MG,CONCESSIONARIA,  vista  ,MAVERICK,RECOMPRA,FIEL
SYN01829,41.0,GO,REVENDEDOR,VISTA,RANGER,PRIMEIRA_COMPRA,ECONOMICO
SYN01830,54.0,,CONCESSIONARIA,CONSORCIO,RANGER,PRIMEIRA_COMPRA,FIEL
SYN01831,45.0,GO,REVENDEDOR,FINANCIAMENTO,TERRITORY,RECOMPRA,ECONOMICO
SYN01832,28.0,RJ,ONLINE,VISTA,MUSTANG,PRIMEIRA_COMPRA,FIEL
SYN01833,50.0,MG,ONLINE,VISTA,MUSTANG,PRIMEIRA_COMPRA,ABANDONO
SYN01834,52.0,BA,CONCESSIONARIA,FINANCIAMENTO,MAVERICK,PRIMEIRA_COMPRA,ECONOMICO
SYN01835,45.0,RJ,CONCESSIONARIA,FINANCIAMENTO,MAVERICK,PRIMEIRA_COMPRA,ECONOMICO
SYN01836,47.0,PE,CONCESSIONARIA,FINANCIAMENTO,RANGER,PRIMEIRA_COMPRA,ECONOMICO
SYN01837,40.0,  rs  ,ONLINE,VISTA,TERRITORY,PRIMEIRA_COMPRA,ECONOMICO
SYN01838,65.0,RS,REVENDEDOR,FINANCIAMENTO,MUSTANG,RECOMPRA,ECONOMICO
SYN01839,31.0,RS,REVENDEDOR,VISTA,MAVERICK,PRIMEIRA_COMPRA,ABANDONO
SYN01840,36.0,PE,CONCESSIONARIA,VISTA,TERRITORY,RECOMPRA,FIEL
SYN01841,44.0,SP,CONCESSIONARIA,VISTA,MAVERICK,PRIMEIRA_COMPRA,ABANDONO
SYN01842,56.0,PE,CONCESSIONARIA,FINANCIAMENTO,MAVERICK,PRIMEIRA_COMPRA,ECONOMICO
SYN01843,23.0,PE,REVENDEDOR,VISTA,MAVERICK,PRIMEIRA_COMPRA,ESQUECIDO
SYN01844,26.0,PE,CONCESSIONARIA,VISTA,MUSTANG,PRIMEIRA_COMPRA,ABANDONO
SYN01845,18.0,GO,CONCESSIONARIA,FINANCIAMENTO,BRONCO,PRIMEIRA_COMPRA,ABANDONO
SYN01846,44.0,PE,ONLINE,FINANCIAMENTO,RANGER,PRIMEIRA_COMPRA,FIEL
SYN01847,28.0,PR,ONLINE,FINANCIAMENTO,MUSTANG,PRIMEIRA_COMPRA,FIEL
SYN01848,39.0,RS,CONCESSIONARIA,CONSORCIO,RANGER,PRIMEIRA_COMPRA,ABANDONO
SYN01849,53.0,RS,,FINANCIAMENTO,MAVERICK,PRIMEIRA_COMPRA,ECONOMICO
SYN01850,35.0,PE,CONCESSIONARIA,FINANCIAMENTO,MAVERICK,PRIMEIRA_COMPRA,ECONOMICO
SYN01851,47.0,RS,CONCESSIONARIA,FINANCIAMENTO,RANGER,PRIMEIRA_COMPRA,ECONOMICO
SYN01852,40.0,PR,CONCESSIONARIA,FINANCIAMENTO,MAVERICK,PRIMEIRA_COMPRA,ECONOMICO
SYN01853,53.0,SP,CONCESSIONARIA,FINANCIAMENTO,MUSTANG,RECOMPRA,FIEL
SYN01854,51.0,MG,REVENDEDOR,VISTA,MAVERICK,RECOMPRA,ABANDONO
SYN01855,34.0,MG,ONLINE,FINANCIAMENTO,TERRITORY,PRIMEIRA_COMPRA,ECONOMICO
SYN01856,42.0,RS,ONLINE,CONSORCIO,TERRITORY,PRIMEIRA_COMPRA,ESQUECIDO
SYN01857,59.0,,CONCESSIONARIA,FINANCIAMENTO,MAVERICK,PRIMEIRA_COMPRA,ESQUECIDO
SYN01858,50.0,BA,ONLINE,FINANCIAMENTO,RANGER,PRIMEIRA_COMPRA,ECONOMICO
SYN01859,24.0,RS,REVENDEDOR,VISTA,MAVERICK,PRIMEIRA_COMPRA,FIEL
SYN01860,53.0,RJ,CONCESSIONARIA,VISTA,RANGER,PRIMEIRA_COMPRA,FIEL
SYN01861,29.0,PR,,CONSORCIO,,RECOMPRA,FIEL
SYN01862,64.0,SP,ONLINE,FINANCIAMENTO,BRONCO,RECOMPRA,FIEL
SYN01863,58.0,PE,ONLINE,VISTA,RANGER,PRIMEIRA_COMPRA,ECONOMICO
SYN01864,48.0,PE,CONCESSIONARIA,VISTA,MAVERICK,PRIMEIRA_COMPRA,FIEL
SYN01865,46.0,RJ,ONLINE,FINANCIAMENTO,  maverick  ,PRIMEIRA_COMPRA,FIEL
SYN01866,41.0,MG,ONLINE,CONSORCIO,RANGER,PRIMEIRA_COMPRA,ECONOMICO
SYN01867,53.0,SP,REVENDEDOR,FINANCIAMENTO,MUSTANG,PRIMEIRA_COMPRA,ECONOMICO
SYN01868,39.0,MG,REVENDEDOR,FINANCIAMENTO,MAVERICK,PRIMEIRA_COMPRA,ECONOMICO
SYN01869,47.0,SP,CONCESSIONARIA,VISTA,MUSTANG,PRIMEIRA_COMPRA,ABANDONO
SYN01870,56.0,GO,REVENDEDOR,VISTA,MAVERICK,PRIMEIRA_COMPRA,ABANDONO
SYN01871,36.0,RJ,REVENDEDOR,CONSORCIO,MAVERICK,RECOMPRA,ABANDONO
SYN01872,35.0,BA,ONLINE,CONSORCIO,TERRITORY,PRIMEIRA_COMPRA,ECONOMICO
SYN01873,27.0,PR,CONCESSIONARIA,FINANCIAMENTO,TERRITORY,RECOMPRA,FIEL
SYN01874,29.0,RJ,CONCESSIONARIA,VISTA,TERRITORY,PRIMEIRA_COMPRA,ECONOMICO
SYN01875,18.0,PE,CONCESSIONARIA,CONSORCIO,TERRITORY,PRIMEIRA_COMPRA,ESQUECIDO
SYN01876,54.0,SP,CONCESSIONARIA,FINANCIAMENTO,TERRITORY,PRIMEIRA_COMPRA,ECONOMICO
SYN01877,69.0,GO,REVENDEDOR,FINANCIAMENTO,MAVERICK,PRIMEIRA_COMPRA,FIEL
SYN01878,64.0,BA,CONCESSIONARIA,CONSORCIO,BRONCO,PRIMEIRA_COMPRA,ECONOMICO
SYN01879,21.0,BA,ONLINE,FINANCIAMENTO,  bronco  ,PRIMEIRA_COMPRA,ESQUECIDO
SYN01880,54.0,GO,ONLINE,CONSORCIO,MAVERICK,PRIMEIRA_COMPRA,ABANDONO
SYN01881,64.0,RS,ONLINE,FINANCIAMENTO,MAVERICK,PRIMEIRA_COMPRA,ESQUECIDO
SYN01882,38.0,MG,CONCESSIONARIA,CONSORCIO,MUSTANG,PRIMEIRA_COMPRA,ABANDONO
SYN01883,45.0,RJ,ONLINE,VISTA,TERRITORY,RECOMPRA,FIEL
SYN01884,18.0,GO,ONLINE,,TERRITORY,PRIMEIRA_COMPRA,FIEL
SYN01885,48.0,RS,ONLINE,VISTA,RANGER,RECOMPRA,FIEL
SYN01886,29.0,PE,CONCESSIONARIA,FINANCIAMENTO,RANGER,RECOMPRA,ABANDONO
SYN01887,47.0,MG,ONLINE,VISTA,MAVERICK,PRIMEIRA_COMPRA,ESQUECIDO
SYN01888,22.0,GO,CONCESSIONARIA,CONSORCIO,MUSTANG,RECOMPRA,ESQUECIDO
SYN01889,52.0,PE,ONLINE,CONSORCIO,MAVERICK,PRIMEIRA_COMPRA,ESQUECIDO
SYN01890,58.0,MG,CONCESSIONARIA,CONSORCIO,MUSTANG,PRIMEIRA_COMPRA,FIEL
SYN01891,33.0,RS,CONCESSIONARIA,VISTA,MAVERICK,PRIMEIRA_COMPRA,ABANDONO
SYN01892,28.0,PE,REVENDEDOR,VISTA,MUSTANG,PRIMEIRA_COMPRA,ESQUECIDO
SYN01893,18.0,RJ,CONCESSIONARIA,VISTA,TERRITORY,PRIMEIRA_COMPRA,ECONOMICO
SYN01894,40.0,SP,REVENDEDOR,VISTA,TERRITORY,PRIMEIRA_COMPRA,ABANDONO
SYN01895,,MG,REVENDEDOR,VISTA,MUSTANG,PRIMEIRA_COMPRA,ECONOMICO
SYN01896,22.0,PR,CONCESSIONARIA,FINANCIAMENTO,MAVERICK,PRIMEIRA_COMPRA,ECONOMICO
SYN01897,50.0,,CONCESSIONARIA,FINANCIAMENTO,BRONCO,RECOMPRA,ECONOMICO
SYN01898,38.0,MG,CONCESSIONARIA,VISTA,MUSTANG,PRIMEIRA_COMPRA,ESQUECIDO
SYN01899,29.0,GO,REVENDEDOR,FINANCIAMENTO,MAVERICK,PRIMEIRA_COMPRA,ABANDONO
SYN01900,36.0,SP,ONLINE,FINANCIAMENTO,TERRITORY,PRIMEIRA_COMPRA,ECONOMICO
SYN01901,59.0,SP,CONCESSIONARIA,FINANCIAMENTO,MAVERICK,RECOMPRA,ECONOMICO
SYN01902,52.0,RS,ONLINE,CONSORCIO,TERRITORY,RECOMPRA,ESQUECIDO
SYN01903,42.0,SP,CONCESSIONARIA,CONSORCIO,BRONCO,PRIMEIRA_COMPRA,ECONOMICO
SYN01904,53.0,SP,ONLINE,VISTA,  mustang  ,PRIMEIRA_COMPRA,ECONOMICO
SYN01905,28.0,RJ,ONLINE,CONSORCIO,MAVERICK,PRIMEIRA_COMPRA,ECONOMICO
SYN01906,44.0,SP,CONCESSIONARIA,CONSORCIO,RANGER,PRIMEIRA_COMPRA,FIEL
SYN01907,46.0,,REVENDEDOR,FINANCIAMENTO,BRONCO,RECOMPRA,ABANDONO
SYN01908,37.0,SP,CONCESSIONARIA,FINANCIAMENTO,MAVERICK,PRIMEIRA_COMPRA,ECONOMICO
SYN01909,50.0,PR,ONLINE,FINANCIAMENTO,BRONCO,RECOMPRA,ECONOMICO
SYN01910,33.0,BA,ONLINE,FINANCIAMENTO,TERRITORY,PRIMEIRA_COMPRA,ESQUECIDO
SYN01911,51.0,BA,REVENDEDOR,VISTA,MAVERICK,RECOMPRA,FIEL
SYN01912,52.0,  ba  ,CONCESSIONARIA,FINANCIAMENTO,MUSTANG,PRIMEIRA_COMPRA,ECONOMICO
SYN01913,18.0,MG,REVENDEDOR,CONSORCIO,RANGER,PRIMEIRA_COMPRA,ABANDONO
SYN01914,61.0,GO,CONCESSIONARIA,VISTA,MAVERICK,PRIMEIRA_COMPRA,FIEL
SYN01915,18.0,SP,REVENDEDOR,  financiamento  ,MUSTANG,PRIMEIRA_COMPRA,ECONOMICO
SYN01916,35.0,SP,CONCESSIONARIA,CONSORCIO,BRONCO,RECOMPRA,FIEL
SYN01917,58.0,PE,ONLINE,CONSORCIO,TERRITORY,PRIMEIRA_COMPRA,ABANDONO
SYN01918,40.0,SP,CONCESSIONARIA,VISTA,TERRITORY,RECOMPRA,ABANDONO
SYN01919,23.0,RJ,REVENDEDOR,VISTA,TERRITORY,PRIMEIRA_COMPRA,ECONOMICO
SYN01920,29.0,RJ,REVENDEDOR,CONSORCIO,TERRITORY,  primeira_compra  ,ABANDONO
SYN01921,58.0,SP,CONCESSIONARIA,VISTA,  maverick  ,PRIMEIRA_COMPRA,ABANDONO
SYN01922,18.0,SP,ONLINE,CONSORCIO,RANGER,PRIMEIRA_COMPRA,ABANDONO
SYN01923,60.0,PR,ONLINE,FINANCIAMENTO,TERRITORY,RECOMPRA,ESQUECIDO
SYN01924,43.0,BA,CONCESSIONARIA,VISTA,MUSTANG,PRIMEIRA_COMPRA,ABANDONO
SYN01925,27.0,SP,ONLINE,VISTA,MUSTANG,PRIMEIRA_COMPRA,ABANDONO
SYN01926,36.0,GO,ONLINE,FINANCIAMENTO,TERRITORY,PRIMEIRA_COMPRA,ECONOMICO
SYN01927,30.0,SP,ONLINE,FINANCIAMENTO,BRONCO,RECOMPRA,ECONOMICO
SYN01928,56.0,BA,CONCESSIONARIA,FINANCIAMENTO,BRONCO,,FIEL
SYN01929,54.0,PE,REVENDEDOR,FINANCIAMENTO,TERRITORY,RECOMPRA,ESQUECIDO
SYN01930,20.0,PR,CONCESSIONARIA,FINANCIAMENTO,RANGER,PRIMEIRA_COMPRA,ECONOMICO
SYN01931,38.0,RS,ONLINE,FINANCIAMENTO,RANGER,PRIMEIRA_COMPRA,ABANDONO
SYN01932,32.0,SP,CONCESSIONARIA,CONSORCIO,MAVERICK,PRIMEIRA_COMPRA,ECONOMICO
SYN01933,62.0,RJ,CONCESSIONARIA,VISTA,RANGER,RECOMPRA,FIEL
SYN01934,25.0,PE,CONCESSIONARIA,VISTA,MAVERICK,PRIMEIRA_COMPRA,FIEL
SYN01935,66.0,MG,CONCESSIONARIA,FINANCIAMENTO,RANGER,RECOMPRA,FIEL
SYN01936,44.0,SP,ONLINE,CONSORCIO,RANGER,RECOMPRA,FIEL
SYN01937,28.0,BA,ONLINE,FINANCIAMENTO,RANGER,RECOMPRA,ECONOMICO
SYN01938,35.0,BA,,FINANCIAMENTO,TERRITORY,RECOMPRA,ESQUECIDO
SYN01939,33.0,SP,ONLINE,VISTA,TERRITORY,PRIMEIRA_COMPRA,ECONOMICO
SYN01940,26.0,SP,CONCESSIONARIA,CONSORCIO,TERRITORY,PRIMEIRA_COMPRA,ECONOMICO
SYN01941,45.0,SP,CONCESSIONARIA,CONSORCIO,TERRITORY,PRIMEIRA_COMPRA,ABANDONO
SYN01942,27.0,SP,ONLINE,VISTA,MUSTANG,PRIMEIRA_COMPRA,ECONOMICO
SYN01943,18.0,PR,ONLINE,VISTA,BRONCO,RECOMPRA,ECONOMICO
SYN01944,39.0,RJ,  online  ,VISTA,MUSTANG,PRIMEIRA_COMPRA,ABANDONO
SYN01945,19.0,PR,CONCESSIONARIA,VISTA,TERRITORY,RECOMPRA,ESQUECIDO
SYN01946,33.0,RJ,REVENDEDOR,FINANCIAMENTO,BRONCO,RECOMPRA,ECONOMICO
SYN01947,31.0,GO,CONCESSIONARIA,FINANCIAMENTO,RANGER,PRIMEIRA_COMPRA,ECONOMICO
SYN01948,32.0,BA,ONLINE,CONSORCIO,TERRITORY,PRIMEIRA_COMPRA,FIEL
SYN01949,72.0,MG,CONCESSIONARIA,CONSORCIO,RANGER,PRIMEIRA_COMPRA,FIEL
SYN01950,45.0,RS,ONLINE,FINANCIAMENTO,RANGER,PRIMEIRA_COMPRA,ECONOMICO
SYN01951,47.0,SP,CONCESSIONARIA,FINANCIAMENTO,RANGER,RECOMPRA,ECONOMICO
SYN01952,19.0,SP,ONLINE,FINANCIAMENTO,RANGER,RECOMPRA,ECONOMICO
SYN01953,35.0,PR,CONCESSIONARIA,FINANCIAMENTO,TERRITORY,RECOMPRA,ECONOMICO
SYN01954,47.0,SP,ONLINE,FINANCIAMENTO,MAVERICK,PRIMEIRA_COMPRA,ABANDONO
SYN01955,30.0,BA,CONCESSIONARIA,VISTA,RANGER,RECOMPRA,ECONOMICO
SYN01956,57.0,RS,ONLINE,FINANCIAMENTO,MAVERICK,PRIMEIRA_COMPRA,ESQUECIDO
SYN01957,27.0,RJ,CONCESSIONARIA,FINANCIAMENTO,TERRITORY,RECOMPRA,ECONOMICO
SYN01958,40.0,PR,CONCESSIONARIA,FINANCIAMENTO,BRONCO,RECOMPRA,FIEL
SYN01959,36.0,PR,ONLINE,VISTA,MUSTANG,RECOMPRA,FIEL
SYN01960,250.0,BA,CONCESSIONARIA,FINANCIAMENTO,BRONCO,PRIMEIRA_COMPRA,ABANDONO
SYN01961,35.0,RJ,CONCESSIONARIA,FINANCIAMENTO,TERRITORY,RECOMPRA,FIEL
SYN01962,40.0,PR,REVENDEDOR,VISTA,TERRITORY,PRIMEIRA_COMPRA,FIEL
SYN01963,41.0,PE,REVENDEDOR,VISTA,RANGER,PRIMEIRA_COMPRA,ABANDONO
SYN01964,34.0,MG,REVENDEDOR,FINANCIAMENTO,MUSTANG,PRIMEIRA_COMPRA,ECONOMICO
SYN01965,51.0,PE,CONCESSIONARIA,VISTA,MAVERICK,PRIMEIRA_COMPRA,ECONOMICO
SYN01966,47.0,BA,ONLINE,FINANCIAMENTO,TERRITORY,PRIMEIRA_COMPRA,FIEL
SYN01967,43.0,RS,ONLINE,VISTA,BRONCO,PRIMEIRA_COMPRA,FIEL
SYN01968,38.0,GO,CONCESSIONARIA,FINANCIAMENTO,BRONCO,RECOMPRA,ABANDONO
SYN01969,55.0,GO,ONLINE,CONSORCIO,RANGER,RECOMPRA,ESQUECIDO
SYN01970,41.0,RJ,CONCESSIONARIA,CONSORCIO,MUSTANG,RECOMPRA,ABANDONO
SYN01971,40.0,GO,REVENDEDOR,VISTA,MAVERICK,RECOMPRA,ECONOMICO
SYN01972,45.0,SP,ONLINE,CONSORCIO,BRONCO,PRIMEIRA_COMPRA,FIEL
SYN01973,68.0,RJ,CONCESSIONARIA,FINANCIAMENTO,MAVERICK,RECOMPRA,FIEL
SYN01974,25.0,SP,CONCESSIONARIA,VISTA,RANGER,PRIMEIRA_COMPRA,ECONOMICO
SYN01975,55.0,MG,CONCESSIONARIA,FINANCIAMENTO,,PRIMEIRA_COMPRA,ECONOMICO
SYN01976,150.0,GO,CONCESSIONARIA,FINANCIAMENTO,MAVERICK,RECOMPRA,ESQUECIDO
SYN01977,47.0,PR,ONLINE,VISTA,MUSTANG,RECOMPRA,ECONOMICO
SYN01978,66.0,PR,ONLINE,VISTA,MUSTANG,PRIMEIRA_COMPRA,ABANDONO
SYN01979,51.0,SP,ONLINE,VISTA,BRONCO,RECOMPRA,FIEL
SYN01980,46.0,PR,CONCESSIONARIA,CONSORCIO,  territory  ,PRIMEIRA_COMPRA,FIEL
SYN01981,36.0,RS,ONLINE,VISTA,MAVERICK,RECOMPRA,ESQUECIDO
SYN01982,44.0,RS,CONCESSIONARIA,CONSORCIO,BRONCO,PRIMEIRA_COMPRA,ECONOMICO
SYN01983,40.0,MG,CONCESSIONARIA,CONSORCIO,BRONCO,PRIMEIRA_COMPRA,FIEL
SYN01984,33.0,RJ,REVENDEDOR,CONSORCIO,MAVERICK,RECOMPRA,FIEL
SYN01985,40.0,GO,ONLINE,FINANCIAMENTO,MUSTANG,PRIMEIRA_COMPRA,ESQUECIDO
SYN01986,47.0,PR,ONLINE,VISTA,RANGER,PRIMEIRA_COMPRA,FIEL
SYN01987,33.0,RS,REVENDEDOR,VISTA,BRONCO,RECOMPRA,ECONOMICO
SYN01988,33.0,SP,CONCESSIONARIA,  consorcio  ,MAVERICK,RECOMPRA,FIEL
SYN01989,25.0,PE,REVENDEDOR,FINANCIAMENTO,TERRITORY,PRIMEIRA_COMPRA,ECONOMICO
SYN01990,49.0,RS,,FINANCIAMENTO,TERRITORY,RECOMPRA,ESQUECIDO
SYN01991,52.0,RS,ONLINE,FINANCIAMENTO,RANGER,PRIMEIRA_COMPRA,ABANDONO
SYN01992,47.0,BA,CONCESSIONARIA,FINANCIAMENTO,TERRITORY,PRIMEIRA_COMPRA,ECONOMICO
SYN01993,58.0,RJ,CONCESSIONARIA,CONSORCIO,BRONCO,RECOMPRA,ESQUECIDO
SYN01994,45.0,PR,CONCESSIONARIA,FINANCIAMENTO,MUSTANG,PRIMEIRA_COMPRA,ABANDONO
SYN01995,49.0,PE,CONCESSIONARIA,FINANCIAMENTO,BRONCO,PRIMEIRA_COMPRA,FIEL
SYN01996,48.0,RS,CONCESSIONARIA,VISTA,TERRITORY,RECOMPRA,ESQUECIDO
SYN01997,43.0,SP,ONLINE,FINANCIAMENTO,MUSTANG,RECOMPRA,ESQUECIDO
SYN01998,37.0,RJ,ONLINE,  financiamento  ,RANGER,PRIMEIRA_COMPRA,ECONOMICO
SYN01999,75.0,SP,CONCESSIONARIA,VISTA,RANGER,PRIMEIRA_COMPRA,FIEL
SYN02000,38.0,PR,ONLINE,VISTA,BRONCO,RECOMPRA,ESQUECIDO
SYN02001,35.0,MG,REVENDEDOR,  consorcio  ,MUSTANG,RECOMPRA,ESQUECIDO
SYN02002,50.0,RJ,ONLINE,VISTA,TERRITORY,PRIMEIRA_COMPRA,ABANDONO
SYN02003,48.0,BA,ONLINE,CONSORCIO,RANGER,PRIMEIRA_COMPRA,ABANDONO
SYN02004,24.0,,ONLINE,FINANCIAMENTO,MAVERICK,PRIMEIRA_COMPRA,ESQUECIDO
SYN02005,60.0,MG,CONCESSIONARIA,VISTA,BRONCO,PRIMEIRA_COMPRA,ESQUECIDO
SYN02006,43.0,GO,CONCESSIONARIA,VISTA,MAVERICK,PRIMEIRA_COMPRA,FIEL
SYN02007,28.0,SP,REVENDEDOR,VISTA,TERRITORY,PRIMEIRA_COMPRA,ECONOMICO
SYN02008,61.0,RJ,ONLINE,FINANCIAMENTO,RANGER,RECOMPRA,FIEL
SYN02009,53.0,MG,ONLINE,FINANCIAMENTO,TERRITORY,RECOMPRA,ECONOMICO
SYN02010,26.0,PR,REVENDEDOR,FINANCIAMENTO,BRONCO,PRIMEIRA_COMPRA,ABANDONO
SYN02011,69.0,  rj  ,CONCESSIONARIA,CONSORCIO,BRONCO,PRIMEIRA_COMPRA,ESQUECIDO
SYN02012,53.0,GO,CONCESSIONARIA,CONSORCIO,MUSTANG,PRIMEIRA_COMPRA,ESQUECIDO
SYN02013,44.0,SP,ONLINE,FINANCIAMENTO,TERRITORY,PRIMEIRA_COMPRA,ECONOMICO
SYN02014,66.0,GO,CONCESSIONARIA,VISTA,TERRITORY,PRIMEIRA_COMPRA,ECONOMICO
SYN02015,46.0,PR,ONLINE,VISTA,RANGER,RECOMPRA,FIEL
SYN02016,44.0,SP,REVENDEDOR,VISTA,BRONCO,PRIMEIRA_COMPRA,FIEL
SYN02017,35.0,SP,ONLINE,FINANCIAMENTO,MUSTANG,RECOMPRA,FIEL
SYN02018,52.0,SP,CONCESSIONARIA,,MUSTANG,PRIMEIRA_COMPRA,ESQUECIDO
SYN02019,51.0,MG,ONLINE,VISTA,TERRITORY,PRIMEIRA_COMPRA,ECONOMICO
SYN02020,44.0,MG,CONCESSIONARIA,VISTA,BRONCO,RECOMPRA,FIEL
SYN02021,33.0,,REVENDEDOR,VISTA,MAVERICK,RECOMPRA,ESQUECIDO
SYN02022,46.0,MG,CONCESSIONARIA,VISTA,RANGER,PRIMEIRA_COMPRA,ABANDONO
SYN02023,43.0,BA,REVENDEDOR,FINANCIAMENTO,MAVERICK,RECOMPRA,ECONOMICO
SYN02024,25.0,MG,CONCESSIONARIA,CONSORCIO,RANGER,PRIMEIRA_COMPRA,ABANDONO
SYN02025,23.0,MG,CONCESSIONARIA,FINANCIAMENTO,RANGER,RECOMPRA,ECONOMICO
SYN02026,52.0,MG,ONLINE,CONSORCIO,RANGER,PRIMEIRA_COMPRA,ESQUECIDO
SYN02027,18.0,MG,CONCESSIONARIA,CONSORCIO,MUSTANG,PRIMEIRA_COMPRA,ECONOMICO
SYN02028,47.0,PE,CONCESSIONARIA,VISTA,MAVERICK,RECOMPRA,FIEL
SYN02029,37.0,RJ,REVENDEDOR,VISTA,MAVERICK,RECOMPRA,FIEL
SYN02030,62.0,MG,REVENDEDOR,FINANCIAMENTO,MAVERICK,RECOMPRA,ECONOMICO
SYN02031,37.0,GO,CONCESSIONARIA,FINANCIAMENTO,MAVERICK,PRIMEIRA_COMPRA,ECONOMICO
SYN02032,53.0,BA,ONLINE,VISTA,BRONCO,RECOMPRA,FIEL
SYN02033,38.0,RJ,REVENDEDOR,FINANCIAMENTO,MUSTANG,PRIMEIRA_COMPRA,ABANDONO
SYN02034,46.0,PE,REVENDEDOR,FINANCIAMENTO,RANGER,PRIMEIRA_COMPRA,ECONOMICO
SYN02035,54.0,RJ,CONCESSIONARIA,CONSORCIO,BRONCO,PRIMEIRA_COMPRA,ESQUECIDO
SYN02036,38.0,RJ,CONCESSIONARIA,FINANCIAMENTO,MAVERICK,PRIMEIRA_COMPRA,FIEL
SYN02037,58.0,RS,REVENDEDOR,FINANCIAMENTO,MUSTANG,PRIMEIRA_COMPRA,ECONOMICO
SYN02038,30.0,BA,CONCESSIONARIA,FINANCIAMENTO,TERRITORY,RECOMPRA,FIEL
SYN02039,48.0,RJ,CONCESSIONARIA,VISTA,RANGER,PRIMEIRA_COMPRA,FIEL
SYN02040,57.0,PE,ONLINE,FINANCIAMENTO,MAVERICK,PRIMEIRA_COMPRA,FIEL
SYN02041,53.0,RJ,CONCESSIONARIA,VISTA,RANGER,PRIMEIRA_COMPRA,FIEL
SYN02042,71.0,PE,REVENDEDOR,VISTA,MAVERICK,RECOMPRA,ABANDONO
SYN02043,33.0,SP,CONCESSIONARIA,FINANCIAMENTO,MAVERICK,PRIMEIRA_COMPRA,ABANDONO
SYN02044,25.0,RS,ONLINE,FINANCIAMENTO,MAVERICK,PRIMEIRA_COMPRA,FIEL
SYN02045,30.0,BA,REVENDEDOR,FINANCIAMENTO,TERRITORY,PRIMEIRA_COMPRA,ABANDONO
SYN02046,53.0,  mg  ,REVENDEDOR,CONSORCIO,RANGER,RECOMPRA,ECONOMICO
SYN02047,51.0,PR,REVENDEDOR,FINANCIAMENTO,MAVERICK,RECOMPRA,ESQUECIDO
SYN02048,45.0,BA,REVENDEDOR,FINANCIAMENTO,,PRIMEIRA_COMPRA,ESQUECIDO
SYN02049,28.0,BA,CONCESSIONARIA,FINANCIAMENTO,TERRITORY,RECOMPRA,ECONOMICO
SYN02050,55.0,RS,REVENDEDOR,FINANCIAMENTO,RANGER,PRIMEIRA_COMPRA,FIEL
SYN02051,27.0,PE,REVENDEDOR,VISTA,TERRITORY,RECOMPRA,ECONOMICO
SYN02052,60.0,BA,ONLINE,FINANCIAMENTO,MUSTANG,PRIMEIRA_COMPRA,FIEL
SYN02053,84.0,MG,CONCESSIONARIA,CONSORCIO,MUSTANG,PRIMEIRA_COMPRA,FIEL
SYN02054,49.0,BA,CONCESSIONARIA,FINANCIAMENTO,TERRITORY,PRIMEIRA_COMPRA,ABANDONO
SYN02055,52.0,GO,ONLINE,VISTA,RANGER,RECOMPRA,FIEL
SYN02056,37.0,PE,ONLINE,VISTA,RANGER,PRIMEIRA_COMPRA,FIEL
SYN02057,19.0,BA,CONCESSIONARIA,FINANCIAMENTO,  ranger  ,PRIMEIRA_COMPRA,ECONOMICO
SYN02058,36.0,PE,CONCESSIONARIA,VISTA,RANGER,PRIMEIRA_COMPRA,ABANDONO
SYN02059,29.0,PE,ONLINE,CONSORCIO,MAVERICK,RECOMPRA,FIEL
SYN02060,24.0,MG,CONCESSIONARIA,VISTA,MAVERICK,PRIMEIRA_COMPRA,ESQUECIDO
SYN02061,68.0,BA,,CONSORCIO,MAVERICK,RECOMPRA,ESQUECIDO
SYN02062,48.0,RJ,CONCESSIONARIA,VISTA,TERRITORY,PRIMEIRA_COMPRA,ECONOMICO
SYN02063,49.0,MG,CONCESSIONARIA,FINANCIAMENTO,MUSTANG,RECOMPRA,FIEL
SYN02064,40.0,GO,CONCESSIONARIA,CONSORCIO,RANGER,PRIMEIRA_COMPRA,ECONOMICO
SYN02065,42.0,MG,REVENDEDOR,FINANCIAMENTO,TERRITORY,PRIMEIRA_COMPRA,ECONOMICO
SYN02066,58.0,PE,REVENDEDOR,VISTA,MUSTANG,PRIMEIRA_COMPRA,ESQUECIDO
SYN02067,44.0,RS,CONCESSIONARIA,VISTA,MUSTANG,PRIMEIRA_COMPRA,FIEL
SYN02068,51.0,RJ,CONCESSIONARIA,CONSORCIO,BRONCO,RECOMPRA,FIEL
SYN02069,41.0,SP,CONCESSIONARIA,CONSORCIO,MAVERICK,RECOMPRA,FIEL
SYN02070,39.0,PR,CONCESSIONARIA,FINANCIAMENTO,MAVERICK,PRIMEIRA_COMPRA,ECONOMICO
SYN02071,24.0,RS,ONLINE,VISTA,MUSTANG,PRIMEIRA_COMPRA,ESQUECIDO
SYN02072,18.0,PR,CONCESSIONARIA,FINANCIAMENTO,TERRITORY,PRIMEIRA_COMPRA,ABANDONO
SYN02073,40.0,SP,ONLINE,VISTA,RANGER,PRIMEIRA_COMPRA,FIEL
SYN02074,45.0,MG,CONCESSIONARIA,VISTA,RANGER,RECOMPRA,ECONOMICO
SYN02075,26.0,SP,CONCESSIONARIA,FINANCIAMENTO,TERRITORY,PRIMEIRA_COMPRA,ESQUECIDO
SYN02076,44.0,MG,CONCESSIONARIA,CONSORCIO,TERRITORY,PRIMEIRA_COMPRA,ESQUECIDO
SYN02077,45.0,GO,CONCESSIONARIA,  financiamento  ,BRONCO,PRIMEIRA_COMPRA,ECONOMICO
SYN02078,18.0,RJ,CONCESSIONARIA,VISTA,RANGER,RECOMPRA,FIEL
SYN02079,31.0,BA,CONCESSIONARIA,CONSORCIO,BRONCO,  recompra  ,ABANDONO
SYN02080,50.0,SP,CONCESSIONARIA,VISTA,MAVERICK,RECOMPRA,ESQUECIDO
SYN02081,49.0,PR,REVENDEDOR,VISTA,RANGER,PRIMEIRA_COMPRA,ABANDONO
SYN02082,28.0,  go  ,CONCESSIONARIA,FINANCIAMENTO,TERRITORY,PRIMEIRA_COMPRA,ABANDONO
SYN02083,46.0,MG,CONCESSIONARIA,FINANCIAMENTO,BRONCO,PRIMEIRA_COMPRA,ECONOMICO
SYN02084,58.0,RJ,CONCESSIONARIA,FINANCIAMENTO,RANGER,RECOMPRA,FIEL
SYN02085,55.0,PR,ONLINE,FINANCIAMENTO,MAVERICK,,FIEL
SYN02086,43.0,  mg  ,REVENDEDOR,FINANCIAMENTO,MAVERICK,RECOMPRA,FIEL
SYN02087,37.0,GO,ONLINE,VISTA,TERRITORY,PRIMEIRA_COMPRA,ECONOMICO
SYN02088,35.0,PE,ONLINE,VISTA,RANGER,RECOMPRA,FIEL
SYN02089,51.0,BA,REVENDEDOR,FINANCIAMENTO,  bronco  ,PRIMEIRA_COMPRA,ABANDONO
SYN02090,47.0,BA,CONCESSIONARIA,VISTA,MUSTANG,RECOMPRA,FIEL
SYN02091,53.0,PR,REVENDEDOR,CONSORCIO,TERRITORY,PRIMEIRA_COMPRA,ABANDONO
SYN02092,,BA,ONLINE,FINANCIAMENTO,MUSTANG,RECOMPRA,ESQUECIDO
SYN02093,55.0,RS,CONCESSIONARIA,VISTA,MUSTANG,PRIMEIRA_COMPRA,ECONOMICO
SYN02094,45.0,GO,CONCESSIONARIA,FINANCIAMENTO,  territory  ,RECOMPRA,FIEL
SYN02095,55.0,MG,CONCESSIONARIA,VISTA,BRONCO,RECOMPRA,ESQUECIDO
SYN02096,56.0,SP,CONCESSIONARIA,VISTA,RANGER,PRIMEIRA_COMPRA,ESQUECIDO
SYN02097,33.0,BA,REVENDEDOR,FINANCIAMENTO,BRONCO,PRIMEIRA_COMPRA,ECONOMICO
SYN02098,19.0,BA,CONCESSIONARIA,FINANCIAMENTO,  mustang  ,PRIMEIRA_COMPRA,ECONOMICO
SYN02099,66.0,GO,ONLINE,CONSORCIO,MUSTANG,PRIMEIRA_COMPRA,FIEL
SYN02100,48.0,RS,REVENDEDOR,FINANCIAMENTO,RANGER,PRIMEIRA_COMPRA,ECONOMICO
SYN02101,20.0,RS,CONCESSIONARIA,VISTA,MAVERICK,PRIMEIRA_COMPRA,ESQUECIDO
SYN02102,34.0,PR,CONCESSIONARIA,VISTA,RANGER,PRIMEIRA_COMPRA,ESQUECIDO
SYN02103,55.0,RS,  online  ,FINANCIAMENTO,TERRITORY,PRIMEIRA_COMPRA,ABANDONO
SYN02104,40.0,PE,REVENDEDOR,VISTA,MUSTANG,PRIMEIRA_COMPRA,FIEL
SYN02105,37.0,RS,CONCESSIONARIA,VISTA,MAVERICK,PRIMEIRA_COMPRA,FIEL
SYN02106,64.0,PE,CONCESSIONARIA,FINANCIAMENTO,TERRITORY,RECOMPRA,FIEL
SYN02107,29.0,RS,ONLINE,CONSORCIO,MUSTANG,PRIMEIRA_COMPRA,FIEL
SYN02108,33.0,RJ,REVENDEDOR,FINANCIAMENTO,MAVERICK,RECOMPRA,FIEL
SYN02109,47.0,GO,CONCESSIONARIA,VISTA,RANGER,RECOMPRA,FIEL
SYN02110,49.0,PR,CONCESSIONARIA,FINANCIAMENTO,RANGER,PRIMEIRA_COMPRA,ABANDONO
SYN02111,51.0,BA,REVENDEDOR,FINANCIAMENTO,MAVERICK,RECOMPRA,ECONOMICO
SYN02112,57.0,PR,CONCESSIONARIA,VISTA,MUSTANG,PRIMEIRA_COMPRA,ABANDONO
SYN02113,47.0,MG,CONCESSIONARIA,VISTA,RANGER,PRIMEIRA_COMPRA,ABANDONO
SYN02114,51.0,GO,ONLINE,FINANCIAMENTO,BRONCO,PRIMEIRA_COMPRA,ECONOMICO
SYN02115,40.0,  mg  ,CONCESSIONARIA,VISTA,MUSTANG,RECOMPRA,FIEL
SYN02116,45.0,GO,CONCESSIONARIA,VISTA,MUSTANG,PRIMEIRA_COMPRA,FIEL
SYN02117,46.0,RS,ONLINE,FINANCIAMENTO,,PRIMEIRA_COMPRA,ESQUECIDO
SYN02118,47.0,SP,ONLINE,VISTA,MUSTANG,PRIMEIRA_COMPRA,ABANDONO
SYN02119,55.0,SP,ONLINE,VISTA,MUSTANG,PRIMEIRA_COMPRA,ESQUECIDO
SYN02120,52.0,GO,CONCESSIONARIA,VISTA,MUSTANG,PRIMEIRA_COMPRA,FIEL
SYN02121,45.0,PR,ONLINE,VISTA,MAVERICK,PRIMEIRA_COMPRA,ABANDONO
SYN02122,33.0,RS,ONLINE,VISTA,MUSTANG,PRIMEIRA_COMPRA,FIEL
SYN02123,45.0,  pe  ,REVENDEDOR,CONSORCIO,RANGER,RECOMPRA,FIEL
SYN02124,44.0,PR,ONLINE,CONSORCIO,RANGER,PRIMEIRA_COMPRA,ESQUECIDO
SYN02125,47.0,BA,ONLINE,FINANCIAMENTO,BRONCO,PRIMEIRA_COMPRA,ABANDONO
SYN02126,75.0,BA,REVENDEDOR,FINANCIAMENTO,MAVERICK,PRIMEIRA_COMPRA,ABANDONO
SYN02127,37.0,RJ,REVENDEDOR,CONSORCIO,  mustang  ,RECOMPRA,FIEL
SYN02128,50.0,SP,CONCESSIONARIA,CONSORCIO,MAVERICK,RECOMPRA,ESQUECIDO
SYN02129,59.0,BA,REVENDEDOR,FINANCIAMENTO,TERRITORY,PRIMEIRA_COMPRA,ESQUECIDO
SYN02130,45.0,SP,REVENDEDOR,FINANCIAMENTO,MUSTANG,RECOMPRA,ECONOMICO
SYN02131,77.0,BA,CONCESSIONARIA,FINANCIAMENTO,RANGER,RECOMPRA,FIEL
SYN02132,39.0,RJ,CONCESSIONARIA,CONSORCIO,RANGER,RECOMPRA,ECONOMICO
SYN02133,49.0,MG,ONLINE,CONSORCIO,MAVERICK,  recompra  ,FIEL
SYN02134,33.0,BA,CONCESSIONARIA,CONSORCIO,MUSTANG,RECOMPRA,ESQUECIDO
SYN02135,39.0,PR,,FINANCIAMENTO,BRONCO,PRIMEIRA_COMPRA,ABANDONO
SYN02136,47.0,PE,ONLINE,CONSORCIO,,PRIMEIRA_COMPRA,ABANDONO
SYN02137,56.0,PR,CONCESSIONARIA,FINANCIAMENTO,RANGER,PRIMEIRA_COMPRA,ECONOMICO
SYN02138,48.0,SP,CONCESSIONARIA,FINANCIAMENTO,MUSTANG,PRIMEIRA_COMPRA,ECONOMICO
SYN02139,62.0,PE,REVENDEDOR,FINANCIAMENTO,TERRITORY,PRIMEIRA_COMPRA,ECONOMICO
SYN02140,43.0,RJ,CONCESSIONARIA,  vista  ,MAVERICK,RECOMPRA,FIEL
SYN02141,39.0,RJ,ONLINE,VISTA,TERRITORY,RECOMPRA,FIEL
SYN02142,82.0,GO,CONCESSIONARIA,FINANCIAMENTO,TERRITORY,RECOMPRA,FIEL
SYN02143,50.0,RJ,CONCESSIONARIA,FINANCIAMENTO,MAVERICK,RECOMPRA,ESQUECIDO
SYN02144,34.0,  pr  ,ONLINE,CONSORCIO,MAVERICK,RECOMPRA,FIEL
SYN02145,34.0,RS,CONCESSIONARIA,FINANCIAMENTO,BRONCO,RECOMPRA,FIEL
SYN02146,31.0,PE,ONLINE,FINANCIAMENTO,BRONCO,PRIMEIRA_COMPRA,FIEL
SYN02147,57.0,SP,ONLINE,FINANCIAMENTO,BRONCO,PRIMEIRA_COMPRA,ECONOMICO
SYN02148,39.0,SP,CONCESSIONARIA,FINANCIAMENTO,BRONCO,PRIMEIRA_COMPRA,FIEL
SYN02149,46.0,RS,CONCESSIONARIA,FINANCIAMENTO,MUSTANG,PRIMEIRA_COMPRA,ABANDONO
SYN02150,43.0,RS,ONLINE,VISTA,  maverick  ,PRIMEIRA_COMPRA,FIEL
SYN02151,54.0,PE,ONLINE,FINANCIAMENTO,  territory  ,PRIMEIRA_COMPRA,ESQUECIDO
SYN02152,32.0,PR,ONLINE,FINANCIAMENTO,TERRITORY,PRIMEIRA_COMPRA,ABANDONO
SYN02153,29.0,RJ,ONLINE,CONSORCIO,MAVERICK,PRIMEIRA_COMPRA,ECONOMICO
SYN02154,47.0,GO,CONCESSIONARIA,FINANCIAMENTO,MAVERICK,RECOMPRA,FIEL
SYN02155,52.0,RS,CONCESSIONARIA,VISTA,TERRITORY,PRIMEIRA_COMPRA,FIEL
SYN02156,49.0,GO,ONLINE,FINANCIAMENTO,MUSTANG,RECOMPRA,FIEL
SYN02157,33.0,GO,ONLINE,CONSORCIO,BRONCO,PRIMEIRA_COMPRA,ABANDONO
SYN02158,53.0,SP,REVENDEDOR,FINANCIAMENTO,TERRITORY,RECOMPRA,ESQUECIDO
SYN02159,34.0,PR,CONCESSIONARIA,VISTA,BRONCO,RECOMPRA,FIEL
SYN02160,37.0,RS,ONLINE,VISTA,RANGER,RECOMPRA,ABANDONO
SYN02161,31.0,RS,ONLINE,VISTA,MAVERICK,PRIMEIRA_COMPRA,ABANDONO
SYN02162,62.0,MG,CONCESSIONARIA,CONSORCIO,MUSTANG,PRIMEIRA_COMPRA,FIEL
SYN02163,53.0,PR,ONLINE,FINANCIAMENTO,MUSTANG,PRIMEIRA_COMPRA,ABANDONO
SYN02164,52.0,RS,ONLINE,FINANCIAMENTO,BRONCO,PRIMEIRA_COMPRA,ESQUECIDO
SYN02165,61.0,RJ,CONCESSIONARIA,CONSORCIO,TERRITORY,RECOMPRA,FIEL
SYN02166,83.0,MG,CONCESSIONARIA,CONSORCIO,BRONCO,PRIMEIRA_COMPRA,ABANDONO
SYN02167,20.0,RJ,CONCESSIONARIA,FINANCIAMENTO,RANGER,PRIMEIRA_COMPRA,ECONOMICO
SYN02168,34.0,PE,REVENDEDOR,VISTA,MAVERICK,RECOMPRA,FIEL
SYN02169,35.0,BA,CONCESSIONARIA,VISTA,BRONCO,PRIMEIRA_COMPRA,ABANDONO
SYN02170,32.0,RS,CONCESSIONARIA,VISTA,RANGER,RECOMPRA,FIEL
SYN02171,29.0,RS,CONCESSIONARIA,CONSORCIO,,PRIMEIRA_COMPRA,ABANDONO
SYN02172,40.0,SP,CONCESSIONARIA,CONSORCIO,MAVERICK,PRIMEIRA_COMPRA,ABANDONO
SYN02173,27.0,MG,CONCESSIONARIA,FINANCIAMENTO,TERRITORY,PRIMEIRA_COMPRA,ECONOMICO
SYN02174,49.0,GO,ONLINE,VISTA,BRONCO,PRIMEIRA_COMPRA,ESQUECIDO
SYN02175,45.0,SP,CONCESSIONARIA,FINANCIAMENTO,MUSTANG,RECOMPRA,ESQUECIDO
SYN02176,51.0,RJ,CONCESSIONARIA,FINANCIAMENTO,MAVERICK,RECOMPRA,FIEL
SYN02177,51.0,PE,CONCESSIONARIA,CONSORCIO,MAVERICK,PRIMEIRA_COMPRA,ESQUECIDO
SYN02178,52.0,PR,CONCESSIONARIA,VISTA,BRONCO,PRIMEIRA_COMPRA,ECONOMICO
SYN02179,39.0,SP,CONCESSIONARIA,FINANCIAMENTO,BRONCO,RECOMPRA,FIEL
SYN02180,74.0,RS,ONLINE,VISTA,BRONCO,PRIMEIRA_COMPRA,ESQUECIDO
SYN02181,47.0,BA,ONLINE,FINANCIAMENTO,BRONCO,PRIMEIRA_COMPRA,ESQUECIDO
SYN02182,18.0,MG,ONLINE,FINANCIAMENTO,RANGER,PRIMEIRA_COMPRA,ESQUECIDO
SYN02183,30.0,RS,CONCESSIONARIA,VISTA,RANGER,RECOMPRA,FIEL
SYN02184,20.0,BA,REVENDEDOR,VISTA,MUSTANG,PRIMEIRA_COMPRA,ESQUECIDO
SYN02185,44.0,PR,ONLINE,VISTA,BRONCO,PRIMEIRA_COMPRA,ESQUECIDO
SYN02186,42.0,GO,CONCESSIONARIA,FINANCIAMENTO,BRONCO,RECOMPRA,FIEL
SYN02187,37.0,RJ,CONCESSIONARIA,VISTA,BRONCO,RECOMPRA,FIEL
SYN02188,72.0,MG,ONLINE,FINANCIAMENTO,BRONCO,RECOMPRA,FIEL
SYN02189,52.0,RJ,CONCESSIONARIA,CONSORCIO,MUSTANG,RECOMPRA,ABANDONO
SYN02190,54.0,BA,CONCESSIONARIA,FINANCIAMENTO,BRONCO,RECOMPRA,FIEL
SYN02191,31.0,PR,ONLINE,,BRONCO,PRIMEIRA_COMPRA,ECONOMICO
SYN02192,30.0,MG,CONCESSIONARIA,FINANCIAMENTO,BRONCO,RECOMPRA,ECONOMICO
SYN02193,45.0,BA,REVENDEDOR,FINANCIAMENTO,RANGER,PRIMEIRA_COMPRA,ECONOMICO
SYN02194,46.0,RS,CONCESSIONARIA,FINANCIAMENTO,RANGER,PRIMEIRA_COMPRA,ABANDONO
SYN02195,18.0,RJ,CONCESSIONARIA,VISTA,RANGER,RECOMPRA,FIEL
SYN02196,41.0,PR,CONCESSIONARIA,CONSORCIO,TERRITORY,RECOMPRA,ECONOMICO
SYN02197,44.0,RS,CONCESSIONARIA,VISTA,RANGER,PRIMEIRA_COMPRA,ESQUECIDO
SYN02198,41.0,RS,REVENDEDOR,FINANCIAMENTO,TERRITORY,PRIMEIRA_COMPRA,ABANDONO
SYN02199,33.0,RS,REVENDEDOR,FINANCIAMENTO,MUSTANG,RECOMPRA,ECONOMICO
SYN02200,36.0,GO,REVENDEDOR,VISTA,TERRITORY,PRIMEIRA_COMPRA,ABANDONO
SYN02201,42.0,RJ,ONLINE,FINANCIAMENTO,MAVERICK,RECOMPRA,ECONOMICO
SYN02202,45.0,MG,CONCESSIONARIA,CONSORCIO,TERRITORY,  primeira_compra  ,ECONOMICO
SYN02203,52.0,PR,  concessionaria  ,FINANCIAMENTO,MUSTANG,PRIMEIRA_COMPRA,ECONOMICO
SYN02204,59.0,SP,CONCESSIONARIA,VISTA,MAVERICK,RECOMPRA,FIEL
SYN02205,40.0,RJ,REVENDEDOR,CONSORCIO,MUSTANG,RECOMPRA,FIEL
SYN02206,38.0,PR,CONCESSIONARIA,FINANCIAMENTO,TERRITORY,RECOMPRA,ESQUECIDO
SYN02207,50.0,PR,CONCESSIONARIA,FINANCIAMENTO,RANGER,RECOMPRA,ESQUECIDO
SYN02208,53.0,BA,ONLINE,CONSORCIO,TERRITORY,PRIMEIRA_COMPRA,ESQUECIDO
SYN02209,38.0,SP,ONLINE,FINANCIAMENTO,MAVERICK,RECOMPRA,FIEL
SYN02210,55.0,PE,CONCESSIONARIA,VISTA,MAVERICK,PRIMEIRA_COMPRA,ESQUECIDO
SYN02211,58.0,RS,ONLINE,CONSORCIO,MAVERICK,PRIMEIRA_COMPRA,ESQUECIDO
SYN02212,62.0,RJ,ONLINE,FINANCIAMENTO,MUSTANG,PRIMEIRA_COMPRA,ECONOMICO
SYN02213,69.0,MG,REVENDEDOR,CONSORCIO,TERRITORY,PRIMEIRA_COMPRA,ECONOMICO
SYN02214,32.0,RJ,CONCESSIONARIA,FINANCIAMENTO,BRONCO,PRIMEIRA_COMPRA,ABANDONO
SYN02215,44.0,RS,CONCESSIONARIA,VISTA,BRONCO,PRIMEIRA_COMPRA,ESQUECIDO
SYN02216,44.0,RS,CONCESSIONARIA,FINANCIAMENTO,RANGER,PRIMEIRA_COMPRA,ECONOMICO
SYN02217,43.0,RS,REVENDEDOR,VISTA,MAVERICK,PRIMEIRA_COMPRA,ABANDONO
SYN02218,35.0,RS,REVENDEDOR,FINANCIAMENTO,RANGER,PRIMEIRA_COMPRA,FIEL
SYN02219,23.0,GO,ONLINE,  financiamento  ,MUSTANG,PRIMEIRA_COMPRA,ECONOMICO
SYN02220,45.0,GO,CONCESSIONARIA,FINANCIAMENTO,RANGER,  recompra  ,ECONOMICO
SYN02221,33.0,RS,CONCESSIONARIA,FINANCIAMENTO,RANGER,PRIMEIRA_COMPRA,ECONOMICO
SYN02222,45.0,GO,ONLINE,VISTA,RANGER,RECOMPRA,ECONOMICO
SYN02223,33.0,PE,CONCESSIONARIA,  financiamento  ,MUSTANG,PRIMEIRA_COMPRA,ECONOMICO
SYN02224,29.0,PE,ONLINE,FINANCIAMENTO,MUSTANG,RECOMPRA,ECONOMICO
SYN02225,47.0,RJ,REVENDEDOR,  financiamento  ,MUSTANG,RECOMPRA,ECONOMICO
SYN02226,46.0,RS,CONCESSIONARIA,FINANCIAMENTO,MUSTANG,RECOMPRA,FIEL
SYN02227,52.0,MG,CONCESSIONARIA,FINANCIAMENTO,MUSTANG,RECOMPRA,ECONOMICO
SYN02228,75.0,SP,CONCESSIONARIA,FINANCIAMENTO,BRONCO,RECOMPRA,ECONOMICO
SYN02229,48.0,SP,CONCESSIONARIA,VISTA,RANGER,PRIMEIRA_COMPRA,ESQUECIDO
SYN02230,51.0,PR,ONLINE,VISTA,BRONCO,PRIMEIRA_COMPRA,FIEL
SYN02231,29.0,RS,CONCESSIONARIA,VISTA,TERRITORY,PRIMEIRA_COMPRA,FIEL
SYN02232,26.0,PE,CONCESSIONARIA,FINANCIAMENTO,TERRITORY,RECOMPRA,ABANDONO
SYN02233,66.0,BA,CONCESSIONARIA,CONSORCIO,MAVERICK,RECOMPRA,ESQUECIDO
SYN02234,31.0,SP,CONCESSIONARIA,VISTA,RANGER,PRIMEIRA_COMPRA,ABANDONO
SYN02235,29.0,PE,ONLINE,VISTA,TERRITORY,RECOMPRA,ESQUECIDO
SYN02236,43.0,RS,ONLINE,FINANCIAMENTO,TERRITORY,PRIMEIRA_COMPRA,ECONOMICO
SYN02237,43.0,PR,ONLINE,FINANCIAMENTO,RANGER,RECOMPRA,FIEL
SYN02238,31.0,GO,ONLINE,FINANCIAMENTO,MAVERICK,PRIMEIRA_COMPRA,FIEL
SYN02239,40.0,BA,CONCESSIONARIA,FINANCIAMENTO,MAVERICK,PRIMEIRA_COMPRA,ECONOMICO
SYN02240,61.0,SP,ONLINE,VISTA,BRONCO,RECOMPRA,FIEL
SYN02241,33.0,RJ,CONCESSIONARIA,FINANCIAMENTO,RANGER,PRIMEIRA_COMPRA,ECONOMICO
SYN02242,24.0,RS,REVENDEDOR,FINANCIAMENTO,MAVERICK,RECOMPRA,ECONOMICO
SYN02243,57.0,SP,CONCESSIONARIA,FINANCIAMENTO,BRONCO,RECOMPRA,FIEL
SYN02244,51.0,RJ,CONCESSIONARIA,FINANCIAMENTO,TERRITORY,PRIMEIRA_COMPRA,ESQUECIDO
SYN02245,35.0,PE,CONCESSIONARIA,FINANCIAMENTO,  mustang  ,PRIMEIRA_COMPRA,ECONOMICO
SYN02246,22.0,RJ,ONLINE,FINANCIAMENTO,MUSTANG,PRIMEIRA_COMPRA,ECONOMICO
SYN02247,34.0,RJ,CONCESSIONARIA,VISTA,BRONCO,PRIMEIRA_COMPRA,ABANDONO
SYN02248,43.0,PR,REVENDEDOR,  financiamento  ,BRONCO,RECOMPRA,ECONOMICO
SYN02249,60.0,SP,CONCESSIONARIA,VISTA,MUSTANG,PRIMEIRA_COMPRA,ABANDONO
SYN02250,29.0,MG,REVENDEDOR,CONSORCIO,  ranger  ,PRIMEIRA_COMPRA,FIEL
SYN02251,43.0,GO,ONLINE,CONSORCIO,BRONCO,PRIMEIRA_COMPRA,ESQUECIDO
SYN02252,53.0,BA,CONCESSIONARIA,VISTA,BRONCO,PRIMEIRA_COMPRA,ECONOMICO
SYN02253,18.0,GO,  concessionaria  ,FINANCIAMENTO,TERRITORY,PRIMEIRA_COMPRA,ECONOMICO
SYN02254,58.0,MG,,VISTA,TERRITORY,PRIMEIRA_COMPRA,FIEL
SYN02255,27.0,PR,REVENDEDOR,CONSORCIO,RANGER,PRIMEIRA_COMPRA,ABANDONO
SYN02256,49.0,RJ,REVENDEDOR,FINANCIAMENTO,TERRITORY,RECOMPRA,ESQUECIDO
SYN02257,47.0,RS,CONCESSIONARIA,FINANCIAMENTO,TERRITORY,PRIMEIRA_COMPRA,ECONOMICO
SYN02258,59.0,RJ,CONCESSIONARIA,VISTA,MUSTANG,PRIMEIRA_COMPRA,ESQUECIDO
SYN02259,52.0,PE,CONCESSIONARIA,FINANCIAMENTO,TERRITORY,PRIMEIRA_COMPRA,FIEL
SYN02260,18.0,RJ,CONCESSIONARIA,VISTA,RANGER,PRIMEIRA_COMPRA,ECONOMICO
SYN02261,33.0,RJ,ONLINE,FINANCIAMENTO,MUSTANG,PRIMEIRA_COMPRA,ECONOMICO
SYN02262,46.0,RS,CONCESSIONARIA,FINANCIAMENTO,TERRITORY,RECOMPRA,ECONOMICO
SYN02263,41.0,RS,CONCESSIONARIA,VISTA,MUSTANG,RECOMPRA,ECONOMICO
SYN02264,51.0,MG,REVENDEDOR,VISTA,RANGER,PRIMEIRA_COMPRA,FIEL
SYN02265,55.0,MG,ONLINE,VISTA,RANGER,PRIMEIRA_COMPRA,ECONOMICO
SYN02266,53.0,MG,ONLINE,CONSORCIO,MUSTANG,PRIMEIRA_COMPRA,ESQUECIDO
SYN02267,41.0,GO,  concessionaria  ,CONSORCIO,RANGER,PRIMEIRA_COMPRA,ECONOMICO
SYN02268,18.0,PR,REVENDEDOR,FINANCIAMENTO,RANGER,RECOMPRA,FIEL
SYN02269,38.0,GO,ONLINE,CONSORCIO,MAVERICK,PRIMEIRA_COMPRA,ECONOMICO
SYN02270,50.0,GO,ONLINE,FINANCIAMENTO,TERRITORY,RECOMPRA,FIEL
SYN02271,29.0,BA,CONCESSIONARIA,FINANCIAMENTO,BRONCO,PRIMEIRA_COMPRA,FIEL
SYN02272,53.0,PE,REVENDEDOR,CONSORCIO,BRONCO,PRIMEIRA_COMPRA,ECONOMICO
SYN02273,57.0,SP,ONLINE,FINANCIAMENTO,TERRITORY,RECOMPRA,FIEL
SYN02274,46.0,GO,REVENDEDOR,  consorcio  ,BRONCO,PRIMEIRA_COMPRA,FIEL
SYN02275,18.0,RS,ONLINE,FINANCIAMENTO,TERRITORY,RECOMPRA,ECONOMICO
SYN02276,26.0,BA,ONLINE,FINANCIAMENTO,TERRITORY,RECOMPRA,ABANDONO
SYN02277,70.0,RJ,ONLINE,FINANCIAMENTO,  territory  ,PRIMEIRA_COMPRA,ESQUECIDO
SYN02278,36.0,SP,REVENDEDOR,VISTA,RANGER,PRIMEIRA_COMPRA,ECONOMICO
SYN02279,18.0,GO,CONCESSIONARIA,CONSORCIO,BRONCO,PRIMEIRA_COMPRA,ESQUECIDO
SYN02280,61.0,RS,CONCESSIONARIA,FINANCIAMENTO,BRONCO,PRIMEIRA_COMPRA,FIEL
SYN02281,44.0,RJ,ONLINE,FINANCIAMENTO,RANGER,RECOMPRA,ESQUECIDO
SYN02282,59.0,BA,  online  ,FINANCIAMENTO,BRONCO,PRIMEIRA_COMPRA,ECONOMICO
SYN02283,48.0,SP,ONLINE,FINANCIAMENTO,MAVERICK,PRIMEIRA_COMPRA,FIEL
SYN02284,50.0,RS,ONLINE,VISTA,RANGER,RECOMPRA,FIEL
SYN02285,,BA,ONLINE,VISTA,TERRITORY,RECOMPRA,FIEL
SYN02286,54.0,BA,ONLINE,FINANCIAMENTO,MUSTANG,RECOMPRA,FIEL
SYN02287,76.0,RS,CONCESSIONARIA,FINANCIAMENTO,BRONCO,PRIMEIRA_COMPRA,FIEL
SYN02288,58.0,MG,REVENDEDOR,VISTA,RANGER,PRIMEIRA_COMPRA,ECONOMICO
SYN02289,22.0,PE,CONCESSIONARIA,FINANCIAMENTO,BRONCO,PRIMEIRA_COMPRA,ABANDONO
SYN02290,50.0,RJ,ONLINE,FINANCIAMENTO,BRONCO,RECOMPRA,FIEL
SYN02291,60.0,SP,REVENDEDOR,VISTA,TERRITORY,RECOMPRA,ECONOMICO
SYN02292,61.0,RJ,CONCESSIONARIA,FINANCIAMENTO,RANGER,RECOMPRA,FIEL
SYN02293,38.0,  pe  ,CONCESSIONARIA,FINANCIAMENTO,MUSTANG,,ECONOMICO
SYN02294,60.0,RS,CONCESSIONARIA,FINANCIAMENTO,MUSTANG,RECOMPRA,ECONOMICO
SYN02295,57.0,SP,  online  ,VISTA,MAVERICK,RECOMPRA,FIEL
SYN02296,80.0,RJ,CONCESSIONARIA,FINANCIAMENTO,  ranger  ,PRIMEIRA_COMPRA,ABANDONO
SYN02297,33.0,SP,CONCESSIONARIA,CONSORCIO,MUSTANG,PRIMEIRA_COMPRA,FIEL
SYN02298,37.0,PE,REVENDEDOR,FINANCIAMENTO,BRONCO,PRIMEIRA_COMPRA,ABANDONO
SYN02299,40.0,RS,CONCESSIONARIA,FINANCIAMENTO,BRONCO,PRIMEIRA_COMPRA,FIEL
SYN02300,37.0,SP,ONLINE,VISTA,MUSTANG,PRIMEIRA_COMPRA,ABANDONO
SYN02301,32.0,RJ,ONLINE,FINANCIAMENTO,BRONCO,PRIMEIRA_COMPRA,ABANDONO
SYN02302,18.0,PR,CONCESSIONARIA,FINANCIAMENTO,TERRITORY,PRIMEIRA_COMPRA,ECONOMICO
SYN02303,38.0,PR,CONCESSIONARIA,FINANCIAMENTO,TERRITORY,RECOMPRA,FIEL
SYN02304,49.0,PE,REVENDEDOR,VISTA,MUSTANG,RECOMPRA,FIEL
SYN02305,37.0,SP,,FINANCIAMENTO,BRONCO,RECOMPRA,FIEL
SYN02306,71.0,SP,CONCESSIONARIA,CONSORCIO,BRONCO,RECOMPRA,FIEL
SYN02307,44.0,SP,ONLINE,FINANCIAMENTO,BRONCO,PRIMEIRA_COMPRA,ECONOMICO
SYN02308,62.0,RS,ONLINE,FINANCIAMENTO,TERRITORY,RECOMPRA,ESQUECIDO
SYN02309,48.0,BA,CONCESSIONARIA,FINANCIAMENTO,BRONCO,PRIMEIRA_COMPRA,ABANDONO
SYN02310,56.0,BA,ONLINE,FINANCIAMENTO,MUSTANG,RECOMPRA,ESQUECIDO
SYN02311,48.0,RJ,CONCESSIONARIA,CONSORCIO,RANGER,RECOMPRA,FIEL
SYN02312,63.0,BA,CONCESSIONARIA,FINANCIAMENTO,MUSTANG,RECOMPRA,ECONOMICO
SYN02313,45.0,BA,REVENDEDOR,CONSORCIO,TERRITORY,PRIMEIRA_COMPRA,ABANDONO
SYN02314,51.0,RJ,CONCESSIONARIA,FINANCIAMENTO,TERRITORY,,ECONOMICO
SYN02315,49.0,BA,CONCESSIONARIA,VISTA,RANGER,PRIMEIRA_COMPRA,FIEL
SYN02316,40.0,RS,CONCESSIONARIA,FINANCIAMENTO,MAVERICK,PRIMEIRA_COMPRA,ESQUECIDO
SYN02317,50.0,SP,ONLINE,VISTA,TERRITORY,PRIMEIRA_COMPRA,ESQUECIDO
SYN02318,75.0,  rs  ,ONLINE,FINANCIAMENTO,  bronco  ,PRIMEIRA_COMPRA,FIEL
SYN02319,40.0,PE,REVENDEDOR,VISTA,BRONCO,PRIMEIRA_COMPRA,ABANDONO
SYN02320,50.0,BA,CONCESSIONARIA,CONSORCIO,MAVERICK,RECOMPRA,FIEL
SYN02321,62.0,MG,ONLINE,VISTA,MUSTANG,PRIMEIRA_COMPRA,FIEL
SYN02322,60.0,PE,ONLINE,FINANCIAMENTO,BRONCO,RECOMPRA,ECONOMICO
SYN02323,44.0,RS,CONCESSIONARIA,VISTA,RANGER,PRIMEIRA_COMPRA,FIEL
SYN02324,18.0,RS,CONCESSIONARIA,FINANCIAMENTO,MAVERICK,PRIMEIRA_COMPRA,ECONOMICO
SYN02325,51.0,SP,REVENDEDOR,FINANCIAMENTO,RANGER,PRIMEIRA_COMPRA,ESQUECIDO
SYN02326,18.0,GO,CONCESSIONARIA,FINANCIAMENTO,MUSTANG,RECOMPRA,FIEL
SYN02327,65.0,PE,ONLINE,CONSORCIO,TERRITORY,PRIMEIRA_COMPRA,FIEL
SYN02328,46.0,RJ,ONLINE,FINANCIAMENTO,MAVERICK,RECOMPRA,ESQUECIDO
SYN02329,58.0,PR,  concessionaria  ,VISTA,RANGER,PRIMEIRA_COMPRA,ESQUECIDO
SYN02330,31.0,PE,REVENDEDOR,VISTA,BRONCO,PRIMEIRA_COMPRA,ESQUECIDO
SYN02331,22.0,PR,REVENDEDOR,FINANCIAMENTO,MAVERICK,PRIMEIRA_COMPRA,ABANDONO
SYN02332,48.0,RJ,CONCESSIONARIA,FINANCIAMENTO,MAVERICK,PRIMEIRA_COMPRA,FIEL
SYN02333,44.0,GO,ONLINE,VISTA,RANGER,PRIMEIRA_COMPRA,ECONOMICO
SYN02334,37.0,MG,CONCESSIONARIA,FINANCIAMENTO,RANGER,RECOMPRA,ECONOMICO
SYN02335,45.0,MG,ONLINE,FINANCIAMENTO,MUSTANG,PRIMEIRA_COMPRA,ABANDONO
SYN02336,83.0,MG,CONCESSIONARIA,FINANCIAMENTO,BRONCO,PRIMEIRA_COMPRA,ECONOMICO
SYN02337,56.0,GO,CONCESSIONARIA,CONSORCIO,MUSTANG,PRIMEIRA_COMPRA,ESQUECIDO
SYN02338,59.0,PR,CONCESSIONARIA,FINANCIAMENTO,RANGER,RECOMPRA,FIEL
SYN02339,56.0,BA,CONCESSIONARIA,FINANCIAMENTO,BRONCO,PRIMEIRA_COMPRA,ESQUECIDO
SYN02340,65.0,GO,CONCESSIONARIA,FINANCIAMENTO,BRONCO,PRIMEIRA_COMPRA,FIEL
SYN02341,41.0,GO,CONCESSIONARIA,FINANCIAMENTO,MUSTANG,PRIMEIRA_COMPRA,FIEL
SYN02342,18.0,PE,REVENDEDOR,CONSORCIO,MAVERICK,RECOMPRA,ESQUECIDO
SYN02343,41.0,GO,CONCESSIONARIA,VISTA,MAVERICK,PRIMEIRA_COMPRA,ECONOMICO
SYN02344,55.0,GO,CONCESSIONARIA,VISTA,TERRITORY,RECOMPRA,FIEL
SYN02345,30.0,GO,CONCESSIONARIA,VISTA,MUSTANG,RECOMPRA,FIEL
SYN02346,42.0,BA,ONLINE,FINANCIAMENTO,TERRITORY,PRIMEIRA_COMPRA,FIEL
SYN02347,34.0,RJ,CONCESSIONARIA,VISTA,TERRITORY,PRIMEIRA_COMPRA,ABANDONO
SYN02348,65.0,SP,ONLINE,CONSORCIO,MAVERICK,PRIMEIRA_COMPRA,ESQUECIDO
SYN02349,54.0,PE,ONLINE,VISTA,MUSTANG,PRIMEIRA_COMPRA,FIEL
SYN02350,53.0,MG,CONCESSIONARIA,VISTA,MUSTANG,PRIMEIRA_COMPRA,FIEL
SYN02351,53.0,PE,REVENDEDOR,FINANCIAMENTO,RANGER,PRIMEIRA_COMPRA,ECONOMICO
SYN02352,43.0,GO,CONCESSIONARIA,CONSORCIO,MUSTANG,PRIMEIRA_COMPRA,FIEL
SYN02353,47.0,BA,ONLINE,FINANCIAMENTO,TERRITORY,RECOMPRA,FIEL
SYN02354,27.0,PE,CONCESSIONARIA,VISTA,TERRITORY,PRIMEIRA_COMPRA,ECONOMICO
SYN02355,18.0,MG,ONLINE,FINANCIAMENTO,MUSTANG,PRIMEIRA_COMPRA,FIEL
SYN02356,46.0,RS,REVENDEDOR,VISTA,MUSTANG,PRIMEIRA_COMPRA,ABANDONO
SYN02357,49.0,GO,CONCESSIONARIA,CONSORCIO,TERRITORY,PRIMEIRA_COMPRA,FIEL
SYN02358,61.0,PE,CONCESSIONARIA,VISTA,RANGER,PRIMEIRA_COMPRA,FIEL
SYN02359,66.0,RJ,CONCESSIONARIA,FINANCIAMENTO,TERRITORY,RECOMPRA,ECONOMICO
SYN02360,66.0,GO,CONCESSIONARIA,VISTA,BRONCO,PRIMEIRA_COMPRA,ESQUECIDO
SYN02361,30.0,RS,REVENDEDOR,CONSORCIO,,PRIMEIRA_COMPRA,FIEL
SYN02362,39.0,PE,ONLINE,VISTA,TERRITORY,RECOMPRA,FIEL
SYN02363,51.0,PR,ONLINE,CONSORCIO,RANGER,PRIMEIRA_COMPRA,ABANDONO
SYN02364,79.0,PR,REVENDEDOR,CONSORCIO,MUSTANG,PRIMEIRA_COMPRA,ECONOMICO
SYN02365,65.0,RJ,REVENDEDOR,CONSORCIO,TERRITORY,PRIMEIRA_COMPRA,ESQUECIDO
SYN02366,60.0,MG,REVENDEDOR,FINANCIAMENTO,TERRITORY,PRIMEIRA_COMPRA,ESQUECIDO
SYN02367,39.0,BA,CONCESSIONARIA,FINANCIAMENTO,BRONCO,RECOMPRA,FIEL
SYN02368,,PE,CONCESSIONARIA,CONSORCIO,  ranger  ,RECOMPRA,ECONOMICO
SYN02369,55.0,SP,CONCESSIONARIA,CONSORCIO,BRONCO,RECOMPRA,ESQUECIDO
SYN02370,29.0,SP,CONCESSIONARIA,FINANCIAMENTO,MUSTANG,PRIMEIRA_COMPRA,ABANDONO
SYN02371,41.0,BA,  concessionaria  ,FINANCIAMENTO,MUSTANG,RECOMPRA,FIEL
SYN02372,42.0,RS,CONCESSIONARIA,FINANCIAMENTO,TERRITORY,PRIMEIRA_COMPRA,ABANDONO
SYN02373,66.0,PE,CONCESSIONARIA,VISTA,RANGER,RECOMPRA,FIEL
SYN02374,39.0,SP,CONCESSIONARIA,CONSORCIO,MAVERICK,RECOMPRA,FIEL
SYN02375,18.0,MG,CONCESSIONARIA,VISTA,MUSTANG,PRIMEIRA_COMPRA,FIEL
SYN02376,51.0,SP,CONCESSIONARIA,FINANCIAMENTO,MUSTANG,RECOMPRA,ESQUECIDO
SYN02377,34.0,BA,CONCESSIONARIA,FINANCIAMENTO,BRONCO,PRIMEIRA_COMPRA,ECONOMICO
SYN02378,45.0,PE,CONCESSIONARIA,CONSORCIO,BRONCO,PRIMEIRA_COMPRA,ABANDONO
SYN02379,43.0,RJ,ONLINE,FINANCIAMENTO,MAVERICK,PRIMEIRA_COMPRA,ESQUECIDO
SYN02380,40.0,MG,ONLINE,FINANCIAMENTO,MAVERICK,PRIMEIRA_COMPRA,FIEL
SYN02381,,PE,CONCESSIONARIA,FINANCIAMENTO,MAVERICK,  primeira_compra  ,ESQUECIDO
SYN02382,23.0,SP,CONCESSIONARIA,CONSORCIO,TERRITORY,RECOMPRA,ECONOMICO
SYN02383,37.0,GO,CONCESSIONARIA,FINANCIAMENTO,MUSTANG,PRIMEIRA_COMPRA,ECONOMICO
SYN02384,54.0,GO,CONCESSIONARIA,FINANCIAMENTO,RANGER,RECOMPRA,ECONOMICO
SYN02385,35.0,RJ,CONCESSIONARIA,FINANCIAMENTO,RANGER,  primeira_compra  ,ECONOMICO
SYN02386,21.0,RJ,REVENDEDOR,CONSORCIO,MAVERICK,RECOMPRA,ESQUECIDO
SYN02387,53.0,BA,CONCESSIONARIA,FINANCIAMENTO,BRONCO,RECOMPRA,FIEL
SYN02388,60.0,SP,CONCESSIONARIA,FINANCIAMENTO,BRONCO,RECOMPRA,FIEL
SYN02389,43.0,PR,ONLINE,FINANCIAMENTO,MUSTANG,PRIMEIRA_COMPRA,ECONOMICO
SYN02390,18.0,SP,ONLINE,FINANCIAMENTO,MUSTANG,RECOMPRA,ESQUECIDO
SYN02391,54.0,PR,CONCESSIONARIA,CONSORCIO,MAVERICK,PRIMEIRA_COMPRA,ECONOMICO
SYN02392,21.0,MG,CONCESSIONARIA,VISTA,RANGER,RECOMPRA,ABANDONO
SYN02393,48.0,BA,REVENDEDOR,FINANCIAMENTO,RANGER,PRIMEIRA_COMPRA,ESQUECIDO
SYN02394,32.0,GO,CONCESSIONARIA,CONSORCIO,RANGER,PRIMEIRA_COMPRA,FIEL
SYN02395,28.0,RS,ONLINE,FINANCIAMENTO,MAVERICK,PRIMEIRA_COMPRA,ABANDONO
SYN02396,38.0,BA,ONLINE,CONSORCIO,MAVERICK,PRIMEIRA_COMPRA,ESQUECIDO
SYN02397,41.0,PR,CONCESSIONARIA,FINANCIAMENTO,MAVERICK,PRIMEIRA_COMPRA,ECONOMICO
SYN02398,35.0,GO,ONLINE,FINANCIAMENTO,RANGER,PRIMEIRA_COMPRA,ECONOMICO
SYN02399,52.0,RJ,CONCESSIONARIA,CONSORCIO,TERRITORY,PRIMEIRA_COMPRA,ESQUECIDO
SYN02400,38.0,RJ,CONCESSIONARIA,CONSORCIO,TERRITORY,RECOMPRA,FIEL
SYN02401,58.0,RS,CONCESSIONARIA,VISTA,MAVERICK,PRIMEIRA_COMPRA,FIEL
SYN02402,48.0,BA,REVENDEDOR,VISTA,RANGER,PRIMEIRA_COMPRA,ABANDONO
SYN02403,34.0,PE,CONCESSIONARIA,CONSORCIO,MUSTANG,RECOMPRA,ECONOMICO
SYN02404,32.0,MG,CONCESSIONARIA,VISTA,RANGER,PRIMEIRA_COMPRA,ECONOMICO
SYN02405,21.0,SP,REVENDEDOR,FINANCIAMENTO,BRONCO,RECOMPRA,ABANDONO
SYN02406,48.0,PR,CONCESSIONARIA,FINANCIAMENTO,MUSTANG,PRIMEIRA_COMPRA,ECONOMICO
SYN02407,39.0,PR,REVENDEDOR,VISTA,RANGER,PRIMEIRA_COMPRA,FIEL
SYN02408,18.0,MG,ONLINE,VISTA,MAVERICK,PRIMEIRA_COMPRA,ECONOMICO
SYN02409,36.0,RJ,ONLINE,CONSORCIO,BRONCO,RECOMPRA,ESQUECIDO
SYN02410,31.0,  pe  ,ONLINE,FINANCIAMENTO,MUSTANG,RECOMPRA,FIEL
SYN02411,66.0,PE,ONLINE,FINANCIAMENTO,BRONCO,RECOMPRA,ESQUECIDO
SYN02412,20.0,BA,CONCESSIONARIA,FINANCIAMENTO,MUSTANG,PRIMEIRA_COMPRA,FIEL
SYN02413,24.0,PR,REVENDEDOR,CONSORCIO,  bronco  ,RECOMPRA,ESQUECIDO
SYN02414,60.0,MG,REVENDEDOR,FINANCIAMENTO,RANGER,PRIMEIRA_COMPRA,ABANDONO
SYN02415,63.0,RS,REVENDEDOR,CONSORCIO,MAVERICK,RECOMPRA,FIEL
SYN02416,34.0,SP,ONLINE,FINANCIAMENTO,MUSTANG,PRIMEIRA_COMPRA,ECONOMICO
SYN02417,35.0,RJ,ONLINE,FINANCIAMENTO,BRONCO,RECOMPRA,FIEL
SYN02418,53.0,RS,ONLINE,CONSORCIO,MUSTANG,  recompra  ,FIEL
SYN02419,18.0,RS,CONCESSIONARIA,FINANCIAMENTO,MUSTANG,PRIMEIRA_COMPRA,ECONOMICO
SYN02420,18.0,SP,CONCESSIONARIA,  consorcio  ,MAVERICK,RECOMPRA,FIEL
SYN02421,40.0,  go  ,ONLINE,FINANCIAMENTO,MAVERICK,PRIMEIRA_COMPRA,ECONOMICO
SYN02422,66.0,MG,ONLINE,VISTA,BRONCO,PRIMEIRA_COMPRA,ESQUECIDO
SYN02423,,PR,CONCESSIONARIA,VISTA,MUSTANG,PRIMEIRA_COMPRA,FIEL
SYN02424,45.0,RS,CONCESSIONARIA,CONSORCIO,TERRITORY,RECOMPRA,ECONOMICO
SYN02425,60.0,RS,ONLINE,FINANCIAMENTO,BRONCO,PRIMEIRA_COMPRA,ESQUECIDO
SYN02426,73.0,PE,CONCESSIONARIA,FINANCIAMENTO,RANGER,PRIMEIRA_COMPRA,FIEL
SYN02427,36.0,BA,REVENDEDOR,VISTA,RANGER,RECOMPRA,FIEL
SYN02428,44.0,PE,ONLINE,CONSORCIO,BRONCO,PRIMEIRA_COMPRA,ESQUECIDO
SYN02429,70.0,RS,CONCESSIONARIA,CONSORCIO,MAVERICK,RECOMPRA,FIEL
SYN02430,23.0,MG,CONCESSIONARIA,CONSORCIO,RANGER,PRIMEIRA_COMPRA,ABANDONO
SYN02431,58.0,RS,ONLINE,VISTA,RANGER,PRIMEIRA_COMPRA,ESQUECIDO
SYN02432,30.0,PR,CONCESSIONARIA,VISTA,RANGER,RECOMPRA,ABANDONO
SYN02433,45.0,MG,REVENDEDOR,CONSORCIO,BRONCO,PRIMEIRA_COMPRA,ABANDONO
SYN02434,41.0,RS,CONCESSIONARIA,CONSORCIO,TERRITORY,PRIMEIRA_COMPRA,ABANDONO
SYN02435,31.0,RJ,CONCESSIONARIA,CONSORCIO,RANGER,PRIMEIRA_COMPRA,FIEL
SYN02436,30.0,PR,CONCESSIONARIA,CONSORCIO,MAVERICK,RECOMPRA,FIEL
SYN02437,48.0,BA,ONLINE,CONSORCIO,BRONCO,PRIMEIRA_COMPRA,ESQUECIDO
SYN02438,58.0,PR,REVENDEDOR,FINANCIAMENTO,RANGER,RECOMPRA,FIEL
SYN02439,42.0,PE,REVENDEDOR,FINANCIAMENTO,MAVERICK,RECOMPRA,FIEL
SYN02440,45.0,GO,CONCESSIONARIA,CONSORCIO,MUSTANG,PRIMEIRA_COMPRA,ABANDONO
SYN02441,52.0,GO,REVENDEDOR,VISTA,BRONCO,PRIMEIRA_COMPRA,ESQUECIDO
SYN02442,30.0,SP,CONCESSIONARIA,FINANCIAMENTO,MUSTANG,PRIMEIRA_COMPRA,ECONOMICO
SYN02443,54.0,GO,ONLINE,VISTA,BRONCO,PRIMEIRA_COMPRA,ABANDONO
SYN02444,55.0,MG,REVENDEDOR,VISTA,RANGER,PRIMEIRA_COMPRA,ESQUECIDO
SYN02445,80.0,RS,CONCESSIONARIA,CONSORCIO,RANGER,PRIMEIRA_COMPRA,ESQUECIDO
SYN02446,39.0,RS,REVENDEDOR,CONSORCIO,RANGER,PRIMEIRA_COMPRA,FIEL
SYN02447,38.0,MG,CONCESSIONARIA,FINANCIAMENTO,TERRITORY,RECOMPRA,FIEL
SYN02448,55.0,GO,CONCESSIONARIA,FINANCIAMENTO,TERRITORY,PRIMEIRA_COMPRA,FIEL
SYN02449,55.0,BA,ONLINE,FINANCIAMENTO,BRONCO,PRIMEIRA_COMPRA,ECONOMICO
SYN02450,37.0,GO,REVENDEDOR,CONSORCIO,BRONCO,PRIMEIRA_COMPRA,ABANDONO
SYN02451,38.0,GO,CONCESSIONARIA,FINANCIAMENTO,MUSTANG,  primeira_compra  ,ABANDONO
SYN02452,52.0,,REVENDEDOR,VISTA,RANGER,PRIMEIRA_COMPRA,ABANDONO
SYN02453,32.0,BA,CONCESSIONARIA,VISTA,MUSTANG,RECOMPRA,FIEL
SYN02454,38.0,PR,ONLINE,VISTA,TERRITORY,PRIMEIRA_COMPRA,ECONOMICO
SYN02455,45.0,RS,ONLINE,VISTA,MUSTANG,PRIMEIRA_COMPRA,ABANDONO
SYN02456,58.0,BA,CONCESSIONARIA,VISTA,RANGER,RECOMPRA,FIEL
SYN02457,36.0,BA,ONLINE,VISTA,RANGER,PRIMEIRA_COMPRA,ESQUECIDO
SYN02458,18.0,GO,ONLINE,FINANCIAMENTO,RANGER,RECOMPRA,ECONOMICO
SYN02459,18.0,PE,ONLINE,FINANCIAMENTO,TERRITORY,PRIMEIRA_COMPRA,ECONOMICO
SYN02460,26.0,PR,CONCESSIONARIA,VISTA,MUSTANG,RECOMPRA,ABANDONO
SYN02461,,GO,CONCESSIONARIA,FINANCIAMENTO,BRONCO,RECOMPRA,ABANDONO
SYN02462,42.0,SP,REVENDEDOR,VISTA,RANGER,RECOMPRA,FIEL
SYN02463,27.0,PE,ONLINE,FINANCIAMENTO,MAVERICK,PRIMEIRA_COMPRA,ECONOMICO
SYN02464,34.0,RS,REVENDEDOR,CONSORCIO,  bronco  ,PRIMEIRA_COMPRA,ESQUECIDO
SYN02465,33.0,RS,ONLINE,FINANCIAMENTO,MAVERICK,RECOMPRA,FIEL
SYN02466,38.0,PE,REVENDEDOR,VISTA,MAVERICK,PRIMEIRA_COMPRA,ABANDONO
SYN02467,63.0,  mg  ,CONCESSIONARIA,FINANCIAMENTO,MAVERICK,PRIMEIRA_COMPRA,ECONOMICO
SYN02468,53.0,GO,  concessionaria  ,VISTA,RANGER,PRIMEIRA_COMPRA,FIEL
SYN02469,44.0,RS,ONLINE,FINANCIAMENTO,BRONCO,PRIMEIRA_COMPRA,ECONOMICO
SYN02470,38.0,MG,CONCESSIONARIA,VISTA,MAVERICK,PRIMEIRA_COMPRA,ESQUECIDO
SYN02471,38.0,MG,CONCESSIONARIA,FINANCIAMENTO,BRONCO,PRIMEIRA_COMPRA,FIEL
SYN02472,49.0,RS,ONLINE,VISTA,MUSTANG,PRIMEIRA_COMPRA,ECONOMICO
SYN02473,52.0,GO,  revendedor  ,VISTA,MUSTANG,PRIMEIRA_COMPRA,ECONOMICO
SYN02474,31.0,SP,ONLINE,CONSORCIO,MUSTANG,PRIMEIRA_COMPRA,ABANDONO
SYN02475,45.0,PR,CONCESSIONARIA,VISTA,TERRITORY,PRIMEIRA_COMPRA,ABANDONO
SYN02476,18.0,PE,REVENDEDOR,VISTA,  bronco  ,RECOMPRA,ECONOMICO
SYN02477,47.0,RS,CONCESSIONARIA,CONSORCIO,MUSTANG,PRIMEIRA_COMPRA,ABANDONO
SYN02478,55.0,PR,CONCESSIONARIA,FINANCIAMENTO,TERRITORY,PRIMEIRA_COMPRA,ECONOMICO
SYN02479,40.0,MG,REVENDEDOR,VISTA,MAVERICK,RECOMPRA,FIEL
SYN02480,69.0,RJ,ONLINE,FINANCIAMENTO,TERRITORY,PRIMEIRA_COMPRA,ECONOMICO
SYN02481,32.0,BA,REVENDEDOR,VISTA,RANGER,PRIMEIRA_COMPRA,ABANDONO
SYN02482,47.0,GO,REVENDEDOR,FINANCIAMENTO,TERRITORY,PRIMEIRA_COMPRA,ABANDONO
SYN02483,43.0,  pr  ,ONLINE,FINANCIAMENTO,MUSTANG,PRIMEIRA_COMPRA,ECONOMICO
SYN02484,43.0,RS,CONCESSIONARIA,VISTA,,PRIMEIRA_COMPRA,FIEL
SYN02485,42.0,RJ,CONCESSIONARIA,FINANCIAMENTO,MUSTANG,PRIMEIRA_COMPRA,FIEL
SYN02486,45.0,GO,REVENDEDOR,FINANCIAMENTO,TERRITORY,RECOMPRA,FIEL
SYN02487,56.0,PE,REVENDEDOR,FINANCIAMENTO,MAVERICK,PRIMEIRA_COMPRA,FIEL
SYN02488,63.0,GO,CONCESSIONARIA,CONSORCIO,TERRITORY,PRIMEIRA_COMPRA,FIEL
SYN02489,44.0,MG,CONCESSIONARIA,FINANCIAMENTO,RANGER,PRIMEIRA_COMPRA,ABANDONO
SYN02490,55.0,BA,CONCESSIONARIA,FINANCIAMENTO,TERRITORY,PRIMEIRA_COMPRA,FIEL
SYN02491,34.0,RS,CONCESSIONARIA,CONSORCIO,RANGER,PRIMEIRA_COMPRA,FIEL
SYN02492,55.0,RJ,REVENDEDOR,CONSORCIO,MAVERICK,RECOMPRA,FIEL
SYN02493,33.0,RJ,CONCESSIONARIA,FINANCIAMENTO,MAVERICK,RECOMPRA,ECONOMICO
SYN02494,59.0,RS,CONCESSIONARIA,VISTA,RANGER,RECOMPRA,FIEL
SYN02495,75.0,PR,REVENDEDOR,FINANCIAMENTO,RANGER,PRIMEIRA_COMPRA,ECONOMICO
SYN02496,42.0,SP,ONLINE,CONSORCIO,BRONCO,PRIMEIRA_COMPRA,FIEL
SYN02497,18.0,BA,CONCESSIONARIA,FINANCIAMENTO,RANGER,PRIMEIRA_COMPRA,FIEL
SYN02498,36.0,RS,  concessionaria  ,FINANCIAMENTO,MUSTANG,PRIMEIRA_COMPRA,ESQUECIDO
SYN02499,61.0,GO,CONCESSIONARIA,FINANCIAMENTO,BRONCO,PRIMEIRA_COMPRA,ABANDONO
SYN02500,52.0,MG,CONCESSIONARIA,VISTA,BRONCO,PRIMEIRA_COMPRA,ESQUECIDO
SYN02501,47.0,SP,CONCESSIONARIA,FINANCIAMENTO,RANGER,PRIMEIRA_COMPRA,ECONOMICO
SYN02502,58.0,MG,CONCESSIONARIA,VISTA,MAVERICK,PRIMEIRA_COMPRA,FIEL
SYN02503,51.0,GO,CONCESSIONARIA,FINANCIAMENTO,MAVERICK,PRIMEIRA_COMPRA,FIEL
SYN02504,61.0,MG,CONCESSIONARIA,VISTA,MAVERICK,PRIMEIRA_COMPRA,ECONOMICO
SYN02505,57.0,BA,CONCESSIONARIA,CONSORCIO,BRONCO,PRIMEIRA_COMPRA,FIEL
SYN02506,65.0,PE,REVENDEDOR,FINANCIAMENTO,TERRITORY,PRIMEIRA_COMPRA,ECONOMICO
SYN02507,49.0,MG,CONCESSIONARIA,FINANCIAMENTO,RANGER,PRIMEIRA_COMPRA,ECONOMICO
SYN02508,57.0,BA,  concessionaria  ,FINANCIAMENTO,TERRITORY,PRIMEIRA_COMPRA,ABANDONO
SYN02509,40.0,RJ,REVENDEDOR,VISTA,BRONCO,PRIMEIRA_COMPRA,ABANDONO
SYN02510,36.0,MG,CONCESSIONARIA,FINANCIAMENTO,RANGER,RECOMPRA,FIEL
SYN02511,68.0,MG,CONCESSIONARIA,VISTA,RANGER,PRIMEIRA_COMPRA,ESQUECIDO
SYN02512,47.0,BA,REVENDEDOR,VISTA,TERRITORY,PRIMEIRA_COMPRA,ECONOMICO
SYN02513,55.0,GO,ONLINE,,RANGER,PRIMEIRA_COMPRA,ABANDONO
SYN02514,46.0,MG,CONCESSIONARIA,VISTA,RANGER,PRIMEIRA_COMPRA,ECONOMICO
SYN02515,36.0,MG,ONLINE,FINANCIAMENTO,BRONCO,PRIMEIRA_COMPRA,ABANDONO
SYN02516,44.0,PE,ONLINE,FINANCIAMENTO,MAVERICK,PRIMEIRA_COMPRA,FIEL
SYN02517,64.0,RS,CONCESSIONARIA,VISTA,BRONCO,PRIMEIRA_COMPRA,ABANDONO
SYN02518,52.0,PR,CONCESSIONARIA,,RANGER,RECOMPRA,ECONOMICO
SYN02519,20.0,BA,CONCESSIONARIA,VISTA,TERRITORY,RECOMPRA,FIEL
SYN02520,41.0,RJ,REVENDEDOR,CONSORCIO,RANGER,PRIMEIRA_COMPRA,ECONOMICO
SYN02521,69.0,PE,CONCESSIONARIA,FINANCIAMENTO,MAVERICK,PRIMEIRA_COMPRA,ESQUECIDO
SYN02522,41.0,MG,CONCESSIONARIA,FINANCIAMENTO,TERRITORY,RECOMPRA,ECONOMICO
SYN02523,19.0,BA,ONLINE,FINANCIAMENTO,TERRITORY,PRIMEIRA_COMPRA,ECONOMICO
SYN02524,71.0,RS,REVENDEDOR,FINANCIAMENTO,MUSTANG,RECOMPRA,ESQUECIDO
SYN02525,54.0,PE,CONCESSIONARIA,CONSORCIO,BRONCO,RECOMPRA,ABANDONO
SYN02526,43.0,PR,CONCESSIONARIA,CONSORCIO,MAVERICK,PRIMEIRA_COMPRA,ESQUECIDO
SYN02527,39.0,RJ,CONCESSIONARIA,FINANCIAMENTO,TERRITORY,PRIMEIRA_COMPRA,ECONOMICO
SYN02528,59.0,RJ,ONLINE,CONSORCIO,MUSTANG,PRIMEIRA_COMPRA,ESQUECIDO
SYN02529,36.0,GO,CONCESSIONARIA,FINANCIAMENTO,MAVERICK,RECOMPRA,FIEL
SYN02530,60.0,PR,REVENDEDOR,CONSORCIO,BRONCO,PRIMEIRA_COMPRA,ECONOMICO
SYN02531,52.0,MG,CONCESSIONARIA,CONSORCIO,,RECOMPRA,ESQUECIDO
SYN02532,47.0,RJ,CONCESSIONARIA,FINANCIAMENTO,MAVERICK,PRIMEIRA_COMPRA,ECONOMICO
SYN02533,46.0,RJ,CONCESSIONARIA,VISTA,RANGER,RECOMPRA,ABANDONO
SYN02534,42.0,GO,CONCESSIONARIA,VISTA,TERRITORY,RECOMPRA,FIEL
SYN02535,59.0,GO,CONCESSIONARIA,FINANCIAMENTO,MAVERICK,PRIMEIRA_COMPRA,ESQUECIDO
SYN02536,32.0,RS,ONLINE,FINANCIAMENTO,BRONCO,PRIMEIRA_COMPRA,ABANDONO
SYN02537,21.0,  rj  ,CONCESSIONARIA,,MAVERICK,PRIMEIRA_COMPRA,ECONOMICO
SYN02538,53.0,RS,  online  ,FINANCIAMENTO,BRONCO,RECOMPRA,ESQUECIDO
SYN02539,53.0,RJ,CONCESSIONARIA,FINANCIAMENTO,RANGER,RECOMPRA,ECONOMICO
SYN02540,51.0,PR,ONLINE,FINANCIAMENTO,MAVERICK,PRIMEIRA_COMPRA,ABANDONO
SYN02541,50.0,BA,CONCESSIONARIA,VISTA,MAVERICK,RECOMPRA,ECONOMICO
SYN02542,40.0,GO,ONLINE,FINANCIAMENTO,TERRITORY,PRIMEIRA_COMPRA,ABANDONO
SYN02543,55.0,MG,CONCESSIONARIA,,MAVERICK,PRIMEIRA_COMPRA,ABANDONO
SYN02544,43.0,RJ,REVENDEDOR,FINANCIAMENTO,TERRITORY,RECOMPRA,ECONOMICO
SYN02545,,RJ,REVENDEDOR,FINANCIAMENTO,RANGER,PRIMEIRA_COMPRA,ECONOMICO
SYN02546,40.0,RS,REVENDEDOR,VISTA,RANGER,RECOMPRA,ECONOMICO
SYN02547,72.0,PR,REVENDEDOR,FINANCIAMENTO,MUSTANG,PRIMEIRA_COMPRA,ECONOMICO
SYN02548,20.0,SP,CONCESSIONARIA,VISTA,TERRITORY,PRIMEIRA_COMPRA,ABANDONO
SYN02549,51.0,PE,ONLINE,FINANCIAMENTO,BRONCO,PRIMEIRA_COMPRA,ABANDONO
SYN02550,20.0,RS,CONCESSIONARIA,VISTA,TERRITORY,PRIMEIRA_COMPRA,ECONOMICO
SYN02551,42.0,PE,REVENDEDOR,FINANCIAMENTO,MAVERICK,PRIMEIRA_COMPRA,ESQUECIDO
SYN02552,38.0,RS,CONCESSIONARIA,CONSORCIO,MAVERICK,RECOMPRA,ESQUECIDO
SYN02553,18.0,RJ,CONCESSIONARIA,FINANCIAMENTO,MUSTANG,PRIMEIRA_COMPRA,FIEL
SYN02554,49.0,SP,ONLINE,CONSORCIO,MUSTANG,PRIMEIRA_COMPRA,ABANDONO
SYN02555,39.0,PR,CONCESSIONARIA,FINANCIAMENTO,MUSTANG,PRIMEIRA_COMPRA,ECONOMICO
SYN02556,18.0,PR,  online  ,FINANCIAMENTO,TERRITORY,PRIMEIRA_COMPRA,ECONOMICO
SYN02557,56.0,PE,CONCESSIONARIA,VISTA,BRONCO,PRIMEIRA_COMPRA,FIEL
SYN02558,64.0,GO,ONLINE,FINANCIAMENTO,TERRITORY,RECOMPRA,FIEL
SYN02559,65.0,RJ,REVENDEDOR,FINANCIAMENTO,MAVERICK,RECOMPRA,FIEL
SYN02560,49.0,MG,ONLINE,CONSORCIO,MAVERICK,,FIEL
SYN02561,45.0,RJ,CONCESSIONARIA,VISTA,TERRITORY,PRIMEIRA_COMPRA,ECONOMICO
SYN02562,63.0,SP,CONCESSIONARIA,VISTA,MUSTANG,PRIMEIRA_COMPRA,ABANDONO
SYN02563,68.0,SP,CONCESSIONARIA,CONSORCIO,TERRITORY,PRIMEIRA_COMPRA,FIEL
SYN02564,60.0,SP,CONCESSIONARIA,FINANCIAMENTO,MUSTANG,RECOMPRA,ECONOMICO
SYN02565,31.0,PR,ONLINE,FINANCIAMENTO,MUSTANG,PRIMEIRA_COMPRA,ECONOMICO
SYN02566,47.0,RJ,CONCESSIONARIA,CONSORCIO,RANGER,RECOMPRA,FIEL
SYN02567,50.0,RJ,CONCESSIONARIA,FINANCIAMENTO,TERRITORY,PRIMEIRA_COMPRA,ECONOMICO
SYN02568,19.0,SP,CONCESSIONARIA,FINANCIAMENTO,TERRITORY,RECOMPRA,ABANDONO
SYN02569,51.0,BA,REVENDEDOR,FINANCIAMENTO,MUSTANG,RECOMPRA,FIEL
SYN02570,76.0,BA,CONCESSIONARIA,FINANCIAMENTO,MAVERICK,RECOMPRA,ECONOMICO
SYN02571,53.0,GO,CONCESSIONARIA,FINANCIAMENTO,RANGER,RECOMPRA,FIEL
SYN02572,65.0,SP,CONCESSIONARIA,FINANCIAMENTO,MUSTANG,PRIMEIRA_COMPRA,ECONOMICO
SYN02573,47.0,RJ,CONCESSIONARIA,VISTA,TERRITORY,RECOMPRA,ABANDONO
SYN02574,43.0,RS,REVENDEDOR,VISTA,TERRITORY,PRIMEIRA_COMPRA,ECONOMICO
SYN02575,49.0,BA,CONCESSIONARIA,CONSORCIO,RANGER,PRIMEIRA_COMPRA,FIEL
SYN02576,33.0,RJ,ONLINE,FINANCIAMENTO,RANGER,PRIMEIRA_COMPRA,ABANDONO
SYN02577,31.0,RJ,ONLINE,FINANCIAMENTO,BRONCO,PRIMEIRA_COMPRA,ECONOMICO
SYN02578,62.0,RS,REVENDEDOR,VISTA,RANGER,RECOMPRA,ESQUECIDO
SYN02579,63.0,SP,ONLINE,FINANCIAMENTO,RANGER,PRIMEIRA_COMPRA,ECONOMICO
SYN02580,30.0,RS,ONLINE,FINANCIAMENTO,MAVERICK,PRIMEIRA_COMPRA,ABANDONO
SYN02581,58.0,PE,CONCESSIONARIA,VISTA,TERRITORY,PRIMEIRA_COMPRA,ESQUECIDO
SYN02582,43.0,PR,CONCESSIONARIA,VISTA,MAVERICK,PRIMEIRA_COMPRA,ABANDONO
SYN02583,49.0,RS,ONLINE,FINANCIAMENTO,MUSTANG,RECOMPRA,FIEL
SYN02584,50.0,RS,ONLINE,,RANGER,RECOMPRA,FIEL
SYN02585,58.0,GO,  online  ,VISTA,MAVERICK,PRIMEIRA_COMPRA,ESQUECIDO
SYN02586,45.0,PR,CONCESSIONARIA,CONSORCIO,RANGER,PRIMEIRA_COMPRA,ESQUECIDO
SYN02587,64.0,PR,CONCESSIONARIA,FINANCIAMENTO,MAVERICK,PRIMEIRA_COMPRA,FIEL
SYN02588,48.0,GO,CONCESSIONARIA,VISTA,TERRITORY,PRIMEIRA_COMPRA,ECONOMICO
SYN02589,53.0,RJ,CONCESSIONARIA,VISTA,RANGER,PRIMEIRA_COMPRA,ECONOMICO
SYN02590,32.0,SP,CONCESSIONARIA,FINANCIAMENTO,TERRITORY,RECOMPRA,FIEL
SYN02591,74.0,RS,CONCESSIONARIA,VISTA,TERRITORY,PRIMEIRA_COMPRA,ECONOMICO
SYN02592,51.0,MG,ONLINE,VISTA,MAVERICK,PRIMEIRA_COMPRA,ECONOMICO
SYN02593,54.0,RJ,ONLINE,FINANCIAMENTO,MAVERICK,RECOMPRA,FIEL
SYN02594,21.0,SP,ONLINE,FINANCIAMENTO,MAVERICK,PRIMEIRA_COMPRA,ECONOMICO
SYN02595,32.0,GO,ONLINE,FINANCIAMENTO,RANGER,RECOMPRA,ECONOMICO
SYN02596,61.0,PR,CONCESSIONARIA,VISTA,MUSTANG,PRIMEIRA_COMPRA,ESQUECIDO
SYN02597,48.0,BA,CONCESSIONARIA,  financiamento  ,BRONCO,PRIMEIRA_COMPRA,FIEL
SYN02598,18.0,SP,ONLINE,VISTA,RANGER,PRIMEIRA_COMPRA,ESQUECIDO
SYN02599,59.0,MG,REVENDEDOR,FINANCIAMENTO,MUSTANG,PRIMEIRA_COMPRA,ECONOMICO
SYN02600,36.0,PR,ONLINE,VISTA,MAVERICK,RECOMPRA,ABANDONO
SYN02601,64.0,PR,ONLINE,VISTA,RANGER,PRIMEIRA_COMPRA,FIEL
SYN02602,43.0,BA,ONLINE,VISTA,BRONCO,PRIMEIRA_COMPRA,FIEL
SYN02603,47.0,BA,ONLINE,VISTA,MUSTANG,RECOMPRA,ESQUECIDO
SYN02604,61.0,RS,ONLINE,FINANCIAMENTO,MAVERICK,PRIMEIRA_COMPRA,ESQUECIDO
SYN02605,31.0,PE,ONLINE,FINANCIAMENTO,RANGER,PRIMEIRA_COMPRA,ECONOMICO
SYN02606,30.0,MG,CONCESSIONARIA,VISTA,MAVERICK,RECOMPRA,FIEL
SYN02607,41.0,SP,,FINANCIAMENTO,RANGER,PRIMEIRA_COMPRA,ECONOMICO
SYN02608,56.0,GO,CONCESSIONARIA,VISTA,TERRITORY,RECOMPRA,FIEL
SYN02609,25.0,SP,ONLINE,  vista  ,RANGER,PRIMEIRA_COMPRA,ECONOMICO
SYN02610,21.0,MG,ONLINE,CONSORCIO,MAVERICK,RECOMPRA,ECONOMICO
SYN02611,56.0,SP,CONCESSIONARIA,FINANCIAMENTO,MUSTANG,PRIMEIRA_COMPRA,ABANDONO
SYN02612,36.0,RJ,CONCESSIONARIA,VISTA,RANGER,PRIMEIRA_COMPRA,ABANDONO
SYN02613,39.0,RS,ONLINE,FINANCIAMENTO,MAVERICK,RECOMPRA,ECONOMICO
SYN02614,18.0,RJ,CONCESSIONARIA,CONSORCIO,TERRITORY,PRIMEIRA_COMPRA,ECONOMICO
SYN02615,34.0,RS,REVENDEDOR,VISTA,MAVERICK,PRIMEIRA_COMPRA,ABANDONO
SYN02616,44.0,GO,CONCESSIONARIA,VISTA,RANGER,PRIMEIRA_COMPRA,ABANDONO
SYN02617,57.0,RJ,CONCESSIONARIA,VISTA,TERRITORY,PRIMEIRA_COMPRA,ECONOMICO
SYN02618,33.0,GO,CONCESSIONARIA,FINANCIAMENTO,TERRITORY,PRIMEIRA_COMPRA,ECONOMICO
SYN02619,67.0,RS,CONCESSIONARIA,VISTA,MUSTANG,PRIMEIRA_COMPRA,ABANDONO
SYN02620,34.0,PR,CONCESSIONARIA,CONSORCIO,RANGER,PRIMEIRA_COMPRA,ABANDONO
SYN02621,34.0,RS,CONCESSIONARIA,FINANCIAMENTO,BRONCO,RECOMPRA,FIEL
SYN02622,66.0,MG,CONCESSIONARIA,,RANGER,RECOMPRA,ESQUECIDO
SYN02623,47.0,SP,CONCESSIONARIA,CONSORCIO,BRONCO,RECOMPRA,ECONOMICO
SYN02624,36.0,PR,ONLINE,CONSORCIO,MAVERICK,PRIMEIRA_COMPRA,ABANDONO
SYN02625,42.0,GO,CONCESSIONARIA,CONSORCIO,MAVERICK,PRIMEIRA_COMPRA,ABANDONO
SYN02626,63.0,PR,CONCESSIONARIA,FINANCIAMENTO,RANGER,PRIMEIRA_COMPRA,FIEL
SYN02627,65.0,PR,CONCESSIONARIA,VISTA,MAVERICK,,FIEL
SYN02628,33.0,BA,REVENDEDOR,FINANCIAMENTO,TERRITORY,PRIMEIRA_COMPRA,ECONOMICO
SYN02629,43.0,RS,ONLINE,VISTA,MAVERICK,RECOMPRA,ESQUECIDO
SYN02630,45.0,SP,REVENDEDOR,FINANCIAMENTO,MUSTANG,RECOMPRA,ABANDONO
SYN02631,30.0,PR,REVENDEDOR,CONSORCIO,RANGER,PRIMEIRA_COMPRA,FIEL
SYN02632,43.0,PE,CONCESSIONARIA,FINANCIAMENTO,TERRITORY,PRIMEIRA_COMPRA,FIEL
SYN02633,44.0,MG,ONLINE,FINANCIAMENTO,MUSTANG,PRIMEIRA_COMPRA,ECONOMICO
SYN02634,60.0,PE,CONCESSIONARIA,FINANCIAMENTO,RANGER,PRIMEIRA_COMPRA,FIEL
SYN02635,61.0,PE,REVENDEDOR,VISTA,TERRITORY,PRIMEIRA_COMPRA,ABANDONO
SYN02636,39.0,RJ,  concessionaria  ,FINANCIAMENTO,BRONCO,  recompra  ,ECONOMICO
SYN02637,41.0,PR,CONCESSIONARIA,FINANCIAMENTO,MUSTANG,PRIMEIRA_COMPRA,ECONOMICO
SYN02638,53.0,BA,REVENDEDOR,FINANCIAMENTO,TERRITORY,  primeira_compra  ,ECONOMICO
SYN02639,36.0,RS,REVENDEDOR,FINANCIAMENTO,TERRITORY,RECOMPRA,FIEL
SYN02640,52.0,BA,REVENDEDOR,CONSORCIO,MAVERICK,RECOMPRA,FIEL
SYN02641,43.0,GO,CONCESSIONARIA,FINANCIAMENTO,RANGER,RECOMPRA,ECONOMICO
SYN02642,30.0,BA,CONCESSIONARIA,FINANCIAMENTO,TERRITORY,PRIMEIRA_COMPRA,ECONOMICO
SYN02643,31.0,PE,CONCESSIONARIA,FINANCIAMENTO,TERRITORY,PRIMEIRA_COMPRA,ECONOMICO
SYN02644,64.0,PE,  concessionaria  ,FINANCIAMENTO,BRONCO,RECOMPRA,ABANDONO
SYN02645,42.0,PE,CONCESSIONARIA,FINANCIAMENTO,,RECOMPRA,FIEL
SYN02646,67.0,PE,CONCESSIONARIA,FINANCIAMENTO,TERRITORY,RECOMPRA,FIEL
SYN02647,37.0,RJ,ONLINE,FINANCIAMENTO,TERRITORY,PRIMEIRA_COMPRA,FIEL
SYN02648,,SP,CONCESSIONARIA,FINANCIAMENTO,MUSTANG,RECOMPRA,FIEL
SYN02649,77.0,RJ,ONLINE,FINANCIAMENTO,MUSTANG,PRIMEIRA_COMPRA,ESQUECIDO
SYN02650,29.0,RJ,REVENDEDOR,VISTA,MUSTANG,PRIMEIRA_COMPRA,FIEL
SYN02651,18.0,BA,ONLINE,FINANCIAMENTO,MAVERICK,PRIMEIRA_COMPRA,ABANDONO
SYN02652,62.0,PR,CONCESSIONARIA,,BRONCO,PRIMEIRA_COMPRA,FIEL
SYN02653,32.0,RS,CONCESSIONARIA,VISTA,TERRITORY,PRIMEIRA_COMPRA,ABANDONO
SYN02654,44.0,SP,CONCESSIONARIA,CONSORCIO,RANGER,PRIMEIRA_COMPRA,ECONOMICO
SYN02655,36.0,BA,ONLINE,FINANCIAMENTO,BRONCO,RECOMPRA,ECONOMICO
SYN02656,48.0,MG,CONCESSIONARIA,VISTA,BRONCO,PRIMEIRA_COMPRA,FIEL
SYN02657,31.0,PE,CONCESSIONARIA,CONSORCIO,MAVERICK,PRIMEIRA_COMPRA,FIEL
SYN02658,41.0,SP,REVENDEDOR,CONSORCIO,RANGER,RECOMPRA,ECONOMICO
SYN02659,50.0,MG,ONLINE,CONSORCIO,MUSTANG,PRIMEIRA_COMPRA,FIEL
SYN02660,30.0,SP,REVENDEDOR,FINANCIAMENTO,RANGER,PRIMEIRA_COMPRA,ECONOMICO
SYN02661,34.0,MG,CONCESSIONARIA,CONSORCIO,TERRITORY,RECOMPRA,FIEL
SYN02662,39.0,GO,REVENDEDOR,CONSORCIO,TERRITORY,PRIMEIRA_COMPRA,ESQUECIDO
SYN02663,24.0,RS,CONCESSIONARIA,FINANCIAMENTO,MUSTANG,PRIMEIRA_COMPRA,ABANDONO
SYN02664,38.0,RS,CONCESSIONARIA,FINANCIAMENTO,MAVERICK,PRIMEIRA_COMPRA,ECONOMICO
SYN02665,46.0,MG,REVENDEDOR,CONSORCIO,RANGER,PRIMEIRA_COMPRA,ESQUECIDO
SYN02666,38.0,MG,REVENDEDOR,FINANCIAMENTO,MUSTANG,PRIMEIRA_COMPRA,ABANDONO
SYN02667,40.0,BA,CONCESSIONARIA,VISTA,MAVERICK,RECOMPRA,FIEL
SYN02668,44.0,GO,CONCESSIONARIA,FINANCIAMENTO,RANGER,PRIMEIRA_COMPRA,ECONOMICO
SYN02669,35.0,BA,CONCESSIONARIA,VISTA,MAVERICK,PRIMEIRA_COMPRA,ECONOMICO
SYN02670,54.0,BA,ONLINE,FINANCIAMENTO,RANGER,RECOMPRA,FIEL
SYN02671,64.0,RS,REVENDEDOR,VISTA,BRONCO,PRIMEIRA_COMPRA,FIEL
SYN02672,37.0,SP,CONCESSIONARIA,VISTA,RANGER,PRIMEIRA_COMPRA,ABANDONO
SYN02673,51.0,BA,CONCESSIONARIA,CONSORCIO,RANGER,PRIMEIRA_COMPRA,FIEL
SYN02674,41.0,PE,ONLINE,FINANCIAMENTO,BRONCO,PRIMEIRA_COMPRA,ECONOMICO
SYN02675,49.0,PR,ONLINE,FINANCIAMENTO,MAVERICK,RECOMPRA,ECONOMICO
SYN02676,66.0,SP,CONCESSIONARIA,FINANCIAMENTO,BRONCO,RECOMPRA,FIEL
SYN02677,51.0,BA,ONLINE,FINANCIAMENTO,TERRITORY,PRIMEIRA_COMPRA,ESQUECIDO
SYN02678,19.0,GO,REVENDEDOR,CONSORCIO,BRONCO,PRIMEIRA_COMPRA,ESQUECIDO
SYN02679,50.0,RJ,CONCESSIONARIA,FINANCIAMENTO,RANGER,PRIMEIRA_COMPRA,ABANDONO
SYN02680,61.0,RJ,  online  ,  financiamento  ,RANGER,RECOMPRA,ESQUECIDO
SYN02681,41.0,BA,ONLINE,CONSORCIO,RANGER,PRIMEIRA_COMPRA,ABANDONO
SYN02682,58.0,MG,ONLINE,FINANCIAMENTO,RANGER,RECOMPRA,FIEL
SYN02683,34.0,BA,REVENDEDOR,FINANCIAMENTO,MAVERICK,PRIMEIRA_COMPRA,ECONOMICO
SYN02684,23.0,BA,ONLINE,VISTA,MAVERICK,PRIMEIRA_COMPRA,ESQUECIDO
SYN02685,46.0,MG,ONLINE,FINANCIAMENTO,RANGER,RECOMPRA,ESQUECIDO
SYN02686,19.0,SP,CONCESSIONARIA,CONSORCIO,BRONCO,RECOMPRA,ABANDONO
SYN02687,41.0,PR,  online  ,VISTA,BRONCO,PRIMEIRA_COMPRA,ESQUECIDO
SYN02688,62.0,RS,CONCESSIONARIA,FINANCIAMENTO,RANGER,PRIMEIRA_COMPRA,ESQUECIDO
SYN02689,18.0,PE,CONCESSIONARIA,VISTA,MUSTANG,RECOMPRA,ESQUECIDO
SYN02690,26.0,MG,CONCESSIONARIA,CONSORCIO,MUSTANG,RECOMPRA,FIEL
SYN02691,30.0,RJ,ONLINE,FINANCIAMENTO,MAVERICK,PRIMEIRA_COMPRA,ECONOMICO
SYN02692,43.0,PE,REVENDEDOR,VISTA,MUSTANG,RECOMPRA,ABANDONO
SYN02693,39.0,BA,ONLINE,FINANCIAMENTO,BRONCO,RECOMPRA,FIEL
SYN02694,64.0,PR,REVENDEDOR,VISTA,MUSTANG,PRIMEIRA_COMPRA,FIEL
SYN02695,57.0,GO,CONCESSIONARIA,VISTA,BRONCO,PRIMEIRA_COMPRA,ABANDONO
SYN02696,51.0,PE,ONLINE,FINANCIAMENTO,RANGER,PRIMEIRA_COMPRA,FIEL
SYN02697,46.0,PE,REVENDEDOR,FINANCIAMENTO,RANGER,RECOMPRA,FIEL
SYN02698,50.0,PE,,FINANCIAMENTO,MUSTANG,PRIMEIRA_COMPRA,ABANDONO
SYN02699,32.0,RS,REVENDEDOR,VISTA,BRONCO,PRIMEIRA_COMPRA,ESQUECIDO
SYN02700,56.0,SP,ONLINE,VISTA,MAVERICK,RECOMPRA,ECONOMICO
SYN02701,28.0,PR,CONCESSIONARIA,FINANCIAMENTO,RANGER,PRIMEIRA_COMPRA,ECONOMICO
SYN02702,56.0,PE,ONLINE,FINANCIAMENTO,,RECOMPRA,ECONOMICO
SYN02703,61.0,GO,CONCESSIONARIA,CONSORCIO,RANGER,PRIMEIRA_COMPRA,ECONOMICO
SYN02704,47.0,BA,CONCESSIONARIA,FINANCIAMENTO,TERRITORY,RECOMPRA,FIEL
SYN02705,42.0,PR,CONCESSIONARIA,,RANGER,PRIMEIRA_COMPRA,ABANDONO
SYN02706,50.0,PR,CONCESSIONARIA,FINANCIAMENTO,TERRITORY,PRIMEIRA_COMPRA,ABANDONO
SYN02707,18.0,SP,CONCESSIONARIA,VISTA,MAVERICK,PRIMEIRA_COMPRA,FIEL
SYN02708,48.0,SP,REVENDEDOR,FINANCIAMENTO,RANGER,PRIMEIRA_COMPRA,ECONOMICO
SYN02709,42.0,SP,CONCESSIONARIA,CONSORCIO,RANGER,RECOMPRA,ECONOMICO
SYN02710,43.0,GO,REVENDEDOR,VISTA,MAVERICK,RECOMPRA,ABANDONO
SYN02711,54.0,PE,ONLINE,FINANCIAMENTO,RANGER,PRIMEIRA_COMPRA,ECONOMICO
SYN02712,43.0,MG,CONCESSIONARIA,VISTA,BRONCO,PRIMEIRA_COMPRA,ESQUECIDO
SYN02713,28.0,RS,CONCESSIONARIA,FINANCIAMENTO,MUSTANG,RECOMPRA,FIEL
SYN02714,42.0,RS,REVENDEDOR,FINANCIAMENTO,MAVERICK,PRIMEIRA_COMPRA,ABANDONO
SYN02715,45.0,RJ,ONLINE,VISTA,RANGER,RECOMPRA,ECONOMICO
SYN02716,46.0,RS,REVENDEDOR,FINANCIAMENTO,RANGER,PRIMEIRA_COMPRA,ECONOMICO
SYN02717,46.0,MG,CONCESSIONARIA,CONSORCIO,MAVERICK,PRIMEIRA_COMPRA,ABANDONO
SYN02718,59.0,BA,ONLINE,VISTA,TERRITORY,PRIMEIRA_COMPRA,FIEL
SYN02719,29.0,PE,ONLINE,FINANCIAMENTO,BRONCO,PRIMEIRA_COMPRA,ECONOMICO
SYN02720,46.0,SP,REVENDEDOR,CONSORCIO,BRONCO,RECOMPRA,ESQUECIDO
SYN02721,62.0,RS,CONCESSIONARIA,VISTA,BRONCO,RECOMPRA,FIEL
SYN02722,20.0,GO,REVENDEDOR,FINANCIAMENTO,BRONCO,RECOMPRA,ECONOMICO
SYN02723,47.0,PE,CONCESSIONARIA,VISTA,RANGER,RECOMPRA,FIEL
SYN02724,36.0,PE,REVENDEDOR,CONSORCIO,RANGER,RECOMPRA,ECONOMICO
SYN02725,39.0,BA,  online  ,FINANCIAMENTO,RANGER,RECOMPRA,ESQUECIDO
SYN02726,31.0,SP,ONLINE,FINANCIAMENTO,TERRITORY,RECOMPRA,ECONOMICO
SYN02727,42.0,GO,CONCESSIONARIA,FINANCIAMENTO,MUSTANG,RECOMPRA,ECONOMICO
SYN02728,70.0,BA,REVENDEDOR,FINANCIAMENTO,MUSTANG,PRIMEIRA_COMPRA,ECONOMICO
SYN02729,,GO,CONCESSIONARIA,FINANCIAMENTO,BRONCO,PRIMEIRA_COMPRA,ABANDONO
SYN02730,28.0,GO,CONCESSIONARIA,VISTA,RANGER,PRIMEIRA_COMPRA,ECONOMICO
SYN02731,26.0,MG,ONLINE,CONSORCIO,RANGER,PRIMEIRA_COMPRA,ESQUECIDO
SYN02732,68.0,SP,ONLINE,VISTA,MUSTANG,PRIMEIRA_COMPRA,FIEL
SYN02733,,BA,CONCESSIONARIA,FINANCIAMENTO,TERRITORY,PRIMEIRA_COMPRA,ECONOMICO
SYN02734,44.0,RS,ONLINE,FINANCIAMENTO,MUSTANG,  primeira_compra  ,ESQUECIDO
SYN02735,38.0,SP,CONCESSIONARIA,FINANCIAMENTO,BRONCO,PRIMEIRA_COMPRA,ESQUECIDO
SYN02736,31.0,MG,ONLINE,FINANCIAMENTO,MUSTANG,RECOMPRA,FIEL
SYN02737,41.0,GO,ONLINE,VISTA,RANGER,RECOMPRA,FIEL
SYN02738,78.0,MG,ONLINE,FINANCIAMENTO,MUSTANG,PRIMEIRA_COMPRA,FIEL
SYN02739,63.0,MG,REVENDEDOR,CONSORCIO,BRONCO,RECOMPRA,ESQUECIDO
SYN02740,32.0,BA,ONLINE,FINANCIAMENTO,BRONCO,RECOMPRA,FIEL
SYN02741,53.0,BA,CONCESSIONARIA,VISTA,BRONCO,RECOMPRA,ABANDONO
SYN02742,32.0,MG,ONLINE,CONSORCIO,TERRITORY,PRIMEIRA_COMPRA,ESQUECIDO
SYN02743,19.0,PE,CONCESSIONARIA,VISTA,MAVERICK,PRIMEIRA_COMPRA,FIEL
SYN02744,58.0,PR,CONCESSIONARIA,CONSORCIO,MAVERICK,PRIMEIRA_COMPRA,FIEL
SYN02745,60.0,RJ,ONLINE,CONSORCIO,MUSTANG,RECOMPRA,FIEL
SYN02746,59.0,MG,CONCESSIONARIA,VISTA,MUSTANG,PRIMEIRA_COMPRA,ECONOMICO
SYN02747,37.0,PE,CONCESSIONARIA,FINANCIAMENTO,BRONCO,RECOMPRA,ECONOMICO
SYN02748,42.0,SP,REVENDEDOR,FINANCIAMENTO,MAVERICK,RECOMPRA,FIEL
SYN02749,54.0,SP,CONCESSIONARIA,CONSORCIO,MUSTANG,RECOMPRA,FIEL
SYN02750,49.0,BA,CONCESSIONARIA,FINANCIAMENTO,RANGER,PRIMEIRA_COMPRA,ECONOMICO
SYN02751,38.0,RS,CONCESSIONARIA,CONSORCIO,BRONCO,RECOMPRA,FIEL
SYN02752,21.0,MG,CONCESSIONARIA,FINANCIAMENTO,MAVERICK,RECOMPRA,ABANDONO
SYN02753,46.0,RS,ONLINE,VISTA,BRONCO,PRIMEIRA_COMPRA,ABANDONO
SYN02754,59.0,RJ,ONLINE,FINANCIAMENTO,RANGER,RECOMPRA,ESQUECIDO
SYN02755,27.0,MG,ONLINE,CONSORCIO,MAVERICK,PRIMEIRA_COMPRA,ABANDONO
SYN02756,53.0,RJ,CONCESSIONARIA,FINANCIAMENTO,BRONCO,PRIMEIRA_COMPRA,ECONOMICO
SYN02757,49.0,PR,ONLINE,FINANCIAMENTO,MAVERICK,RECOMPRA,FIEL
SYN02758,55.0,BA,CONCESSIONARIA,CONSORCIO,RANGER,PRIMEIRA_COMPRA,ABANDONO
SYN02759,56.0,GO,ONLINE,FINANCIAMENTO,RANGER,PRIMEIRA_COMPRA,ECONOMICO
SYN02760,34.0,SP,ONLINE,FINANCIAMENTO,MAVERICK,RECOMPRA,FIEL
SYN02761,21.0,MG,CONCESSIONARIA,CONSORCIO,MUSTANG,PRIMEIRA_COMPRA,FIEL
SYN02762,37.0,MG,REVENDEDOR,CONSORCIO,MAVERICK,PRIMEIRA_COMPRA,FIEL
SYN02763,56.0,PR,ONLINE,FINANCIAMENTO,MUSTANG,PRIMEIRA_COMPRA,ECONOMICO
SYN02764,36.0,PR,CONCESSIONARIA,VISTA,MUSTANG,PRIMEIRA_COMPRA,ESQUECIDO
SYN02765,34.0,GO,ONLINE,FINANCIAMENTO,TERRITORY,PRIMEIRA_COMPRA,ESQUECIDO
SYN02766,19.0,GO,ONLINE,FINANCIAMENTO,RANGER,PRIMEIRA_COMPRA,FIEL
SYN02767,69.0,  pe  ,CONCESSIONARIA,VISTA,BRONCO,RECOMPRA,FIEL
SYN02768,56.0,RJ,CONCESSIONARIA,FINANCIAMENTO,MAVERICK,PRIMEIRA_COMPRA,ESQUECIDO
SYN02769,55.0,SP,ONLINE,FINANCIAMENTO,MAVERICK,PRIMEIRA_COMPRA,ESQUECIDO
SYN02770,58.0,GO,REVENDEDOR,FINANCIAMENTO,BRONCO,PRIMEIRA_COMPRA,ABANDONO
SYN02771,52.0,GO,ONLINE,CONSORCIO,MUSTANG,PRIMEIRA_COMPRA,ESQUECIDO
SYN02772,41.0,MG,ONLINE,VISTA,MUSTANG,PRIMEIRA_COMPRA,ESQUECIDO
SYN02773,42.0,SP,ONLINE,FINANCIAMENTO,BRONCO,PRIMEIRA_COMPRA,ECONOMICO
SYN02774,38.0,BA,CONCESSIONARIA,CONSORCIO,BRONCO,PRIMEIRA_COMPRA,ESQUECIDO
SYN02775,81.0,PR,CONCESSIONARIA,CONSORCIO,RANGER,PRIMEIRA_COMPRA,ABANDONO
SYN02776,52.0,GO,  concessionaria  ,FINANCIAMENTO,MAVERICK,PRIMEIRA_COMPRA,FIEL
SYN02777,38.0,PR,REVENDEDOR,CONSORCIO,MAVERICK,PRIMEIRA_COMPRA,ESQUECIDO
SYN02778,51.0,PE,REVENDEDOR,FINANCIAMENTO,MUSTANG,PRIMEIRA_COMPRA,FIEL
SYN02779,30.0,PE,REVENDEDOR,FINANCIAMENTO,RANGER,PRIMEIRA_COMPRA,ECONOMICO
SYN02780,65.0,SP,CONCESSIONARIA,FINANCIAMENTO,RANGER,PRIMEIRA_COMPRA,ESQUECIDO
SYN02781,35.0,RJ,ONLINE,FINANCIAMENTO,MAVERICK,PRIMEIRA_COMPRA,ECONOMICO
SYN02782,51.0,PE,ONLINE,VISTA,BRONCO,RECOMPRA,ESQUECIDO
SYN02783,59.0,RJ,CONCESSIONARIA,VISTA,BRONCO,PRIMEIRA_COMPRA,ABANDONO
SYN02784,49.0,RJ,CONCESSIONARIA,CONSORCIO,BRONCO,PRIMEIRA_COMPRA,FIEL
SYN02785,45.0,PE,ONLINE,FINANCIAMENTO,MAVERICK,PRIMEIRA_COMPRA,ECONOMICO
SYN02786,44.0,RJ,ONLINE,  financiamento  ,MAVERICK,PRIMEIRA_COMPRA,ABANDONO
SYN02787,150.0,RJ,ONLINE,FINANCIAMENTO,RANGER,PRIMEIRA_COMPRA,ESQUECIDO
SYN02788,36.0,SP,CONCESSIONARIA,FINANCIAMENTO,MAVERICK,PRIMEIRA_COMPRA,ABANDONO
SYN02789,38.0,RS,ONLINE,CONSORCIO,BRONCO,PRIMEIRA_COMPRA,ABANDONO
SYN02790,65.0,BA,CONCESSIONARIA,  vista  ,BRONCO,PRIMEIRA_COMPRA,ABANDONO
SYN02791,42.0,BA,CONCESSIONARIA,,MAVERICK,PRIMEIRA_COMPRA,ECONOMICO
SYN02792,,GO,ONLINE,VISTA,MAVERICK,RECOMPRA,ESQUECIDO
SYN02793,37.0,BA,CONCESSIONARIA,FINANCIAMENTO,TERRITORY,RECOMPRA,ABANDONO
SYN02794,59.0,PE,  revendedor  ,FINANCIAMENTO,RANGER,PRIMEIRA_COMPRA,ECONOMICO
SYN02795,53.0,RJ,CONCESSIONARIA,FINANCIAMENTO,RANGER,RECOMPRA,ECONOMICO
SYN02796,52.0,  mg  ,,CONSORCIO,MUSTANG,PRIMEIRA_COMPRA,FIEL
SYN02797,40.0,MG,CONCESSIONARIA,FINANCIAMENTO,TERRITORY,PRIMEIRA_COMPRA,ECONOMICO
SYN02798,52.0,SP,ONLINE,FINANCIAMENTO,TERRITORY,PRIMEIRA_COMPRA,FIEL
SYN02799,35.0,GO,CONCESSIONARIA,VISTA,MUSTANG,RECOMPRA,FIEL
SYN02800,40.0,  rj  ,CONCESSIONARIA,FINANCIAMENTO,TERRITORY,PRIMEIRA_COMPRA,ECONOMICO
SYN02801,58.0,RS,CONCESSIONARIA,VISTA,BRONCO,RECOMPRA,ESQUECIDO
SYN02802,56.0,MG,CONCESSIONARIA,FINANCIAMENTO,TERRITORY,PRIMEIRA_COMPRA,ECONOMICO
SYN02803,30.0,SP,ONLINE,VISTA,MAVERICK,PRIMEIRA_COMPRA,ABANDONO
SYN02804,32.0,GO,,FINANCIAMENTO,BRONCO,PRIMEIRA_COMPRA,FIEL
SYN02805,46.0,RJ,CONCESSIONARIA,CONSORCIO,BRONCO,PRIMEIRA_COMPRA,FIEL
SYN02806,68.0,SP,ONLINE,VISTA,BRONCO,RECOMPRA,FIEL
SYN02807,18.0,MG,CONCESSIONARIA,FINANCIAMENTO,MUSTANG,PRIMEIRA_COMPRA,ABANDONO
SYN02808,48.0,RJ,ONLINE,VISTA,BRONCO,PRIMEIRA_COMPRA,ESQUECIDO
SYN02809,25.0,GO,CONCESSIONARIA,VISTA,BRONCO,PRIMEIRA_COMPRA,ESQUECIDO
SYN02810,35.0,RJ,ONLINE,VISTA,MUSTANG,RECOMPRA,FIEL
SYN02811,39.0,MG,CONCESSIONARIA,CONSORCIO,RANGER,RECOMPRA,FIEL
SYN02812,38.0,MG,CONCESSIONARIA,CONSORCIO,MUSTANG,PRIMEIRA_COMPRA,FIEL
SYN02813,37.0,SP,CONCESSIONARIA,FINANCIAMENTO,RANGER,PRIMEIRA_COMPRA,ECONOMICO
SYN02814,44.0,SP,REVENDEDOR,FINANCIAMENTO,TERRITORY,  primeira_compra  ,ABANDONO
SYN02815,37.0,PR,CONCESSIONARIA,FINANCIAMENTO,RANGER,PRIMEIRA_COMPRA,FIEL
SYN02816,24.0,RJ,REVENDEDOR,VISTA,BRONCO,PRIMEIRA_COMPRA,ABANDONO
SYN02817,55.0,SP,REVENDEDOR,CONSORCIO,MUSTANG,RECOMPRA,FIEL
SYN02818,55.0,MG,CONCESSIONARIA,VISTA,TERRITORY,PRIMEIRA_COMPRA,ABANDONO
SYN02819,56.0,MG,,FINANCIAMENTO,MAVERICK,PRIMEIRA_COMPRA,ECONOMICO
SYN02820,22.0,RS,CONCESSIONARIA,CONSORCIO,TERRITORY,PRIMEIRA_COMPRA,ABANDONO
SYN02821,48.0,GO,REVENDEDOR,VISTA,MAVERICK,PRIMEIRA_COMPRA,FIEL
SYN02822,53.0,MG,ONLINE,FINANCIAMENTO,MUSTANG,PRIMEIRA_COMPRA,ABANDONO
SYN02823,30.0,BA,ONLINE,CONSORCIO,MAVERICK,RECOMPRA,FIEL
SYN02824,44.0,PE,CONCESSIONARIA,FINANCIAMENTO,TERRITORY,PRIMEIRA_COMPRA,ECONOMICO
SYN02825,42.0,SP,REVENDEDOR,VISTA,MUSTANG,PRIMEIRA_COMPRA,ESQUECIDO
SYN02826,70.0,PR,CONCESSIONARIA,FINANCIAMENTO,RANGER,PRIMEIRA_COMPRA,ESQUECIDO
SYN02827,71.0,RS,CONCESSIONARIA,CONSORCIO,MUSTANG,PRIMEIRA_COMPRA,ESQUECIDO
SYN02828,21.0,PR,CONCESSIONARIA,FINANCIAMENTO,MUSTANG,RECOMPRA,FIEL
SYN02829,79.0,RJ,CONCESSIONARIA,FINANCIAMENTO,MAVERICK,RECOMPRA,FIEL
SYN02830,31.0,RS,REVENDEDOR,VISTA,MAVERICK,RECOMPRA,FIEL
SYN02831,58.0,SP,ONLINE,CONSORCIO,TERRITORY,RECOMPRA,ESQUECIDO
SYN02832,58.0,GO,CONCESSIONARIA,FINANCIAMENTO,BRONCO,RECOMPRA,ESQUECIDO
SYN02833,30.0,PR,CONCESSIONARIA,FINANCIAMENTO,RANGER,PRIMEIRA_COMPRA,ABANDONO
SYN02834,51.0,SP,ONLINE,CONSORCIO,TERRITORY,PRIMEIRA_COMPRA,ESQUECIDO
SYN02835,42.0,PR,ONLINE,VISTA,BRONCO,RECOMPRA,FIEL
SYN02836,52.0,GO,CONCESSIONARIA,FINANCIAMENTO,TERRITORY,PRIMEIRA_COMPRA,FIEL
SYN02837,47.0,BA,CONCESSIONARIA,FINANCIAMENTO,MAVERICK,PRIMEIRA_COMPRA,FIEL
SYN02838,61.0,MG,ONLINE,FINANCIAMENTO,MUSTANG,RECOMPRA,FIEL
SYN02839,45.0,GO,REVENDEDOR,VISTA,BRONCO,PRIMEIRA_COMPRA,ABANDONO
SYN02840,42.0,RJ,ONLINE,VISTA,TERRITORY,PRIMEIRA_COMPRA,ECONOMICO
SYN02841,59.0,RJ,CONCESSIONARIA,VISTA,TERRITORY,PRIMEIRA_COMPRA,FIEL
SYN02842,52.0,RJ,ONLINE,FINANCIAMENTO,BRONCO,PRIMEIRA_COMPRA,ABANDONO
SYN02843,54.0,GO,CONCESSIONARIA,  consorcio  ,MAVERICK,PRIMEIRA_COMPRA,FIEL
SYN02844,35.0,BA,REVENDEDOR,  financiamento  ,RANGER,PRIMEIRA_COMPRA,FIEL
SYN02845,29.0,PR,CONCESSIONARIA,CONSORCIO,  bronco  ,PRIMEIRA_COMPRA,FIEL
SYN02846,36.0,BA,CONCESSIONARIA,FINANCIAMENTO,BRONCO,PRIMEIRA_COMPRA,FIEL
SYN02847,35.0,MG,CONCESSIONARIA,FINANCIAMENTO,TERRITORY,PRIMEIRA_COMPRA,ABANDONO
SYN02848,55.0,SP,CONCESSIONARIA,FINANCIAMENTO,TERRITORY,PRIMEIRA_COMPRA,FIEL
SYN02849,58.0,PE,CONCESSIONARIA,  financiamento  ,MUSTANG,PRIMEIRA_COMPRA,FIEL
SYN02850,42.0,GO,ONLINE,FINANCIAMENTO,BRONCO,PRIMEIRA_COMPRA,ECONOMICO
SYN02851,64.0,SP,ONLINE,VISTA,BRONCO,PRIMEIRA_COMPRA,ECONOMICO
SYN02852,63.0,SP,REVENDEDOR,CONSORCIO,RANGER,PRIMEIRA_COMPRA,FIEL
SYN02853,47.0,PR,CONCESSIONARIA,VISTA,TERRITORY,RECOMPRA,ESQUECIDO
SYN02854,32.0,SP,CONCESSIONARIA,VISTA,TERRITORY,PRIMEIRA_COMPRA,ESQUECIDO
SYN02855,66.0,BA,CONCESSIONARIA,FINANCIAMENTO,TERRITORY,PRIMEIRA_COMPRA,ESQUECIDO
SYN02856,43.0,GO,CONCESSIONARIA,CONSORCIO,MUSTANG,PRIMEIRA_COMPRA,ESQUECIDO
SYN02857,46.0,MG,CONCESSIONARIA,FINANCIAMENTO,BRONCO,PRIMEIRA_COMPRA,ESQUECIDO
SYN02858,39.0,MG,REVENDEDOR,FINANCIAMENTO,MUSTANG,PRIMEIRA_COMPRA,ECONOMICO
SYN02859,32.0,PE,REVENDEDOR,FINANCIAMENTO,BRONCO,RECOMPRA,FIEL
SYN02860,23.0,MG,CONCESSIONARIA,FINANCIAMENTO,MAVERICK,RECOMPRA,ABANDONO
SYN02861,53.0,RJ,ONLINE,VISTA,RANGER,RECOMPRA,ABANDONO
SYN02862,33.0,SP,ONLINE,FINANCIAMENTO,MUSTANG,PRIMEIRA_COMPRA,ECONOMICO
SYN02863,87.0,PE,CONCESSIONARIA,FINANCIAMENTO,MAVERICK,RECOMPRA,FIEL
SYN02864,29.0,GO,ONLINE,  consorcio  ,RANGER,RECOMPRA,ECONOMICO
SYN02865,26.0,SP,CONCESSIONARIA,FINANCIAMENTO,MAVERICK,PRIMEIRA_COMPRA,ECONOMICO
SYN02866,51.0,PE,CONCESSIONARIA,VISTA,BRONCO,PRIMEIRA_COMPRA,ESQUECIDO
SYN02867,65.0,RJ,REVENDEDOR,FINANCIAMENTO,RANGER,PRIMEIRA_COMPRA,ECONOMICO
SYN02868,45.0,RJ,ONLINE,CONSORCIO,MUSTANG,PRIMEIRA_COMPRA,ESQUECIDO
SYN02869,52.0,RS,CONCESSIONARIA,VISTA,BRONCO,PRIMEIRA_COMPRA,ESQUECIDO
SYN02870,18.0,RS,CONCESSIONARIA,FINANCIAMENTO,MAVERICK,PRIMEIRA_COMPRA,ECONOMICO
SYN02871,35.0,PE,REVENDEDOR,CONSORCIO,BRONCO,RECOMPRA,FIEL
SYN02872,29.0,BA,CONCESSIONARIA,FINANCIAMENTO,RANGER,PRIMEIRA_COMPRA,ECONOMICO
SYN02873,18.0,RJ,REVENDEDOR,FINANCIAMENTO,TERRITORY,RECOMPRA,ECONOMICO
SYN02874,46.0,PR,REVENDEDOR,VISTA,MAVERICK,PRIMEIRA_COMPRA,ESQUECIDO
SYN02875,18.0,GO,CONCESSIONARIA,VISTA,TERRITORY,PRIMEIRA_COMPRA,FIEL
SYN02876,25.0,BA,ONLINE,FINANCIAMENTO,MUSTANG,RECOMPRA,FIEL
SYN02877,36.0,RJ,ONLINE,FINANCIAMENTO,TERRITORY,PRIMEIRA_COMPRA,ABANDONO
SYN02878,32.0,RJ,ONLINE,FINANCIAMENTO,BRONCO,RECOMPRA,FIEL
SYN02879,50.0,RS,CONCESSIONARIA,VISTA,BRONCO,RECOMPRA,ABANDONO
SYN02880,48.0,RS,CONCESSIONARIA,CONSORCIO,RANGER,PRIMEIRA_COMPRA,ECONOMICO
SYN02881,57.0,MG,CONCESSIONARIA,FINANCIAMENTO,MUSTANG,PRIMEIRA_COMPRA,ECONOMICO
SYN02882,55.0,SP,ONLINE,CONSORCIO,RANGER,PRIMEIRA_COMPRA,ABANDONO
SYN02883,60.0,SP,ONLINE,FINANCIAMENTO,BRONCO,PRIMEIRA_COMPRA,ECONOMICO
SYN02884,44.0,PR,ONLINE,VISTA,MUSTANG,RECOMPRA,ECONOMICO
SYN02885,48.0,GO,ONLINE,CONSORCIO,MUSTANG,RECOMPRA,ESQUECIDO
SYN02886,51.0,PR,CONCESSIONARIA,VISTA,TERRITORY,PRIMEIRA_COMPRA,ABANDONO
SYN02887,46.0,RS,CONCESSIONARIA,FINANCIAMENTO,TERRITORY,RECOMPRA,ESQUECIDO
SYN02888,38.0,GO,ONLINE,FINANCIAMENTO,BRONCO,RECOMPRA,FIEL
SYN02889,39.0,BA,ONLINE,FINANCIAMENTO,  maverick  ,PRIMEIRA_COMPRA,FIEL
SYN02890,33.0,BA,ONLINE,VISTA,TERRITORY,PRIMEIRA_COMPRA,ESQUECIDO
SYN02891,50.0,,CONCESSIONARIA,CONSORCIO,BRONCO,RECOMPRA,ESQUECIDO
SYN02892,43.0,PE,CONCESSIONARIA,FINANCIAMENTO,MUSTANG,RECOMPRA,FIEL
SYN02893,35.0,PR,REVENDEDOR,FINANCIAMENTO,MAVERICK,PRIMEIRA_COMPRA,ECONOMICO
SYN02894,35.0,PR,CONCESSIONARIA,FINANCIAMENTO,MUSTANG,PRIMEIRA_COMPRA,ECONOMICO
SYN02895,27.0,PR,CONCESSIONARIA,VISTA,  mustang  ,PRIMEIRA_COMPRA,ESQUECIDO
SYN02896,58.0,PE,ONLINE,VISTA,MUSTANG,PRIMEIRA_COMPRA,FIEL
SYN02897,45.0,GO,ONLINE,FINANCIAMENTO,BRONCO,PRIMEIRA_COMPRA,FIEL
SYN02898,32.0,MG,REVENDEDOR,VISTA,MUSTANG,PRIMEIRA_COMPRA,ESQUECIDO
SYN02899,55.0,BA,REVENDEDOR,FINANCIAMENTO,BRONCO,RECOMPRA,ECONOMICO
SYN02900,36.0,SP,ONLINE,VISTA,,PRIMEIRA_COMPRA,ABANDONO
SYN02901,24.0,PR,CONCESSIONARIA,FINANCIAMENTO,MUSTANG,RECOMPRA,FIEL
SYN02902,58.0,GO,CONCESSIONARIA,FINANCIAMENTO,RANGER,PRIMEIRA_COMPRA,FIEL
SYN02903,36.0,BA,REVENDEDOR,VISTA,MUSTANG,PRIMEIRA_COMPRA,ABANDONO
SYN02904,38.0,MG,CONCESSIONARIA,VISTA,MUSTANG,PRIMEIRA_COMPRA,ESQUECIDO
SYN02905,45.0,PR,REVENDEDOR,FINANCIAMENTO,MUSTANG,PRIMEIRA_COMPRA,ESQUECIDO
SYN02906,60.0,MG,ONLINE,VISTA,MAVERICK,RECOMPRA,FIEL
SYN02907,44.0,RS,CONCESSIONARIA,VISTA,RANGER,PRIMEIRA_COMPRA,ABANDONO
SYN02908,27.0,  rj  ,ONLINE,FINANCIAMENTO,TERRITORY,PRIMEIRA_COMPRA,ECONOMICO
SYN02909,52.0,PR,ONLINE,CONSORCIO,RANGER,RECOMPRA,FIEL
SYN02910,37.0,RJ,CONCESSIONARIA,CONSORCIO,MAVERICK,RECOMPRA,FIEL
SYN02911,70.0,RS,CONCESSIONARIA,FINANCIAMENTO,BRONCO,PRIMEIRA_COMPRA,ESQUECIDO
SYN02912,44.0,GO,ONLINE,CONSORCIO,  bronco  ,PRIMEIRA_COMPRA,ECONOMICO
SYN02913,18.0,PE,CONCESSIONARIA,VISTA,MAVERICK,PRIMEIRA_COMPRA,FIEL
SYN02914,49.0,RS,CONCESSIONARIA,FINANCIAMENTO,MUSTANG,PRIMEIRA_COMPRA,FIEL
SYN02915,71.0,GO,ONLINE,VISTA,RANGER,RECOMPRA,FIEL
SYN02916,66.0,SP,ONLINE,FINANCIAMENTO,MUSTANG,PRIMEIRA_COMPRA,ABANDONO
SYN02917,70.0,GO,ONLINE,VISTA,TERRITORY,PRIMEIRA_COMPRA,ECONOMICO
SYN02918,30.0,MG,REVENDEDOR,CONSORCIO,MAVERICK,PRIMEIRA_COMPRA,ESQUECIDO
SYN02919,57.0,PE,REVENDEDOR,FINANCIAMENTO,BRONCO,PRIMEIRA_COMPRA,FIEL
SYN02920,34.0,GO,CONCESSIONARIA,VISTA,BRONCO,PRIMEIRA_COMPRA,ECONOMICO
SYN02921,47.0,PR,CONCESSIONARIA,FINANCIAMENTO,TERRITORY,PRIMEIRA_COMPRA,ECONOMICO
SYN02922,26.0,PR,ONLINE,VISTA,RANGER,RECOMPRA,FIEL
SYN02923,35.0,BA,CONCESSIONARIA,CONSORCIO,MAVERICK,RECOMPRA,FIEL
SYN02924,35.0,RJ,REVENDEDOR,FINANCIAMENTO,TERRITORY,RECOMPRA,ESQUECIDO
SYN02925,57.0,RJ,ONLINE,VISTA,TERRITORY,PRIMEIRA_COMPRA,ECONOMICO
SYN02926,55.0,MG,CONCESSIONARIA,FINANCIAMENTO,RANGER,PRIMEIRA_COMPRA,FIEL
SYN02927,48.0,RS,ONLINE,VISTA,MUSTANG,RECOMPRA,FIEL
SYN02928,25.0,BA,ONLINE,VISTA,TERRITORY,PRIMEIRA_COMPRA,ECONOMICO
SYN02929,40.0,MG,REVENDEDOR,VISTA,TERRITORY,PRIMEIRA_COMPRA,ABANDONO
SYN02930,34.0,  pr  ,CONCESSIONARIA,FINANCIAMENTO,TERRITORY,RECOMPRA,FIEL
SYN02931,56.0,SP,REVENDEDOR,VISTA,BRONCO,RECOMPRA,FIEL
SYN02932,60.0,SP,CONCESSIONARIA,VISTA,BRONCO,RECOMPRA,ABANDONO
SYN02933,59.0,GO,ONLINE,VISTA,BRONCO,PRIMEIRA_COMPRA,ESQUECIDO
SYN02934,33.0,PE,REVENDEDOR,VISTA,TERRITORY,PRIMEIRA_COMPRA,FIEL
SYN02935,18.0,PE,CONCESSIONARIA,CONSORCIO,TERRITORY,PRIMEIRA_COMPRA,ABANDONO
SYN02936,19.0,MG,CONCESSIONARIA,FINANCIAMENTO,MUSTANG,PRIMEIRA_COMPRA,ECONOMICO
SYN02937,64.0,PR,REVENDEDOR,FINANCIAMENTO,BRONCO,PRIMEIRA_COMPRA,ECONOMICO
SYN02938,38.0,BA,REVENDEDOR,CONSORCIO,MUSTANG,RECOMPRA,FIEL
SYN02939,33.0,MG,CONCESSIONARIA,FINANCIAMENTO,MUSTANG,PRIMEIRA_COMPRA,ESQUECIDO
SYN02940,67.0,BA,ONLINE,CONSORCIO,MAVERICK,PRIMEIRA_COMPRA,ESQUECIDO
SYN02941,62.0,BA,REVENDEDOR,VISTA,BRONCO,RECOMPRA,FIEL
SYN02942,44.0,RS,CONCESSIONARIA,CONSORCIO,MUSTANG,RECOMPRA,FIEL
SYN02943,40.0,RS,ONLINE,VISTA,RANGER,PRIMEIRA_COMPRA,ECONOMICO
SYN02944,42.0,MG,CONCESSIONARIA,CONSORCIO,BRONCO,PRIMEIRA_COMPRA,ECONOMICO
SYN02945,47.0,PE,CONCESSIONARIA,VISTA,MAVERICK,PRIMEIRA_COMPRA,FIEL
SYN02946,66.0,GO,REVENDEDOR,VISTA,RANGER,PRIMEIRA_COMPRA,ECONOMICO
SYN02947,50.0,GO,CONCESSIONARIA,FINANCIAMENTO,,PRIMEIRA_COMPRA,ECONOMICO
SYN02948,54.0,,REVENDEDOR,FINANCIAMENTO,RANGER,PRIMEIRA_COMPRA,ECONOMICO
SYN02949,60.0,MG,ONLINE,FINANCIAMENTO,BRONCO,RECOMPRA,ECONOMICO
SYN02950,28.0,PE,ONLINE,CONSORCIO,BRONCO,RECOMPRA,ESQUECIDO
SYN02951,55.0,RJ,CONCESSIONARIA,FINANCIAMENTO,BRONCO,PRIMEIRA_COMPRA,ESQUECIDO
SYN02952,40.0,GO,CONCESSIONARIA,VISTA,RANGER,PRIMEIRA_COMPRA,FIEL
SYN02953,18.0,MG,REVENDEDOR,VISTA,BRONCO,PRIMEIRA_COMPRA,ABANDONO
SYN02954,18.0,RS,ONLINE,FINANCIAMENTO,MUSTANG,RECOMPRA,ABANDONO
SYN02955,30.0,SP,,CONSORCIO,RANGER,RECOMPRA,ABANDONO
SYN02956,51.0,SP,CONCESSIONARIA,FINANCIAMENTO,MAVERICK,RECOMPRA,FIEL
SYN02957,46.0,RS,CONCESSIONARIA,VISTA,TERRITORY,  primeira_compra  ,ECONOMICO
SYN02958,47.0,PR,CONCESSIONARIA,FINANCIAMENTO,RANGER,PRIMEIRA_COMPRA,ECONOMICO
SYN02959,71.0,SP,ONLINE,FINANCIAMENTO,RANGER,PRIMEIRA_COMPRA,FIEL
SYN02960,26.0,PE,CONCESSIONARIA,FINANCIAMENTO,RANGER,PRIMEIRA_COMPRA,ECONOMICO
SYN02961,44.0,SP,ONLINE,VISTA,BRONCO,PRIMEIRA_COMPRA,ECONOMICO
SYN02962,48.0,GO,CONCESSIONARIA,FINANCIAMENTO,BRONCO,PRIMEIRA_COMPRA,ESQUECIDO
SYN02963,34.0,MG,CONCESSIONARIA,CONSORCIO,MAVERICK,PRIMEIRA_COMPRA,ECONOMICO
SYN02964,44.0,RS,ONLINE,VISTA,RANGER,PRIMEIRA_COMPRA,ABANDONO
SYN02965,22.0,RJ,ONLINE,FINANCIAMENTO,MAVERICK,  recompra  ,FIEL
SYN02966,64.0,PE,REVENDEDOR,FINANCIAMENTO,MAVERICK,RECOMPRA,FIEL
SYN02967,34.0,BA,CONCESSIONARIA,FINANCIAMENTO,RANGER,RECOMPRA,FIEL
SYN02968,72.0,SP,ONLINE,VISTA,MAVERICK,PRIMEIRA_COMPRA,FIEL
SYN02969,44.0,,CONCESSIONARIA,VISTA,RANGER,RECOMPRA,ESQUECIDO
SYN02970,58.0,PR,REVENDEDOR,FINANCIAMENTO,BRONCO,PRIMEIRA_COMPRA,ESQUECIDO
SYN02971,43.0,PE,ONLINE,VISTA,MAVERICK,PRIMEIRA_COMPRA,ABANDONO
SYN02972,44.0,SP,CONCESSIONARIA,FINANCIAMENTO,MUSTANG,PRIMEIRA_COMPRA,ABANDONO
SYN02973,36.0,RJ,,VISTA,  bronco  ,PRIMEIRA_COMPRA,ABANDONO
SYN02974,46.0,PR,CONCESSIONARIA,FINANCIAMENTO,BRONCO,RECOMPRA,FIEL
SYN02975,48.0,SP,CONCESSIONARIA,FINANCIAMENTO,MUSTANG,RECOMPRA,ABANDONO
SYN02976,33.0,MG,CONCESSIONARIA,FINANCIAMENTO,TERRITORY,PRIMEIRA_COMPRA,ABANDONO
SYN02977,42.0,SP,CONCESSIONARIA,VISTA,TERRITORY,PRIMEIRA_COMPRA,ECONOMICO
SYN02978,35.0,RS,,VISTA,BRONCO,PRIMEIRA_COMPRA,ECONOMICO
SYN02979,76.0,BA,ONLINE,FINANCIAMENTO,RANGER,PRIMEIRA_COMPRA,ESQUECIDO
SYN02980,43.0,RS,ONLINE,FINANCIAMENTO,RANGER,PRIMEIRA_COMPRA,ECONOMICO
SYN02981,66.0,MG,REVENDEDOR,VISTA,TERRITORY,RECOMPRA,ECONOMICO
SYN02982,41.0,RS,ONLINE,FINANCIAMENTO,RANGER,RECOMPRA,FIEL
SYN02983,48.0,PR,CONCESSIONARIA,VISTA,MAVERICK,PRIMEIRA_COMPRA,FIEL
SYN02984,26.0,RJ,CONCESSIONARIA,FINANCIAMENTO,BRONCO,PRIMEIRA_COMPRA,FIEL
SYN02985,38.0,SP,CONCESSIONARIA,FINANCIAMENTO,BRONCO,PRIMEIRA_COMPRA,ESQUECIDO
SYN02986,47.0,RJ,REVENDEDOR,VISTA,BRONCO,PRIMEIRA_COMPRA,ABANDONO
SYN02987,66.0,GO,REVENDEDOR,FINANCIAMENTO,RANGER,PRIMEIRA_COMPRA,ECONOMICO
SYN02988,47.0,BA,ONLINE,VISTA,BRONCO,PRIMEIRA_COMPRA,ABANDONO
SYN02989,63.0,RJ,CONCESSIONARIA,FINANCIAMENTO,RANGER,PRIMEIRA_COMPRA,FIEL
SYN02990,53.0,MG,CONCESSIONARIA,FINANCIAMENTO,TERRITORY,PRIMEIRA_COMPRA,ABANDONO
SYN02991,67.0,RS,REVENDEDOR,VISTA,MAVERICK,RECOMPRA,FIEL
SYN02992,43.0,RJ,CONCESSIONARIA,FINANCIAMENTO,MUSTANG,PRIMEIRA_COMPRA,ESQUECIDO
SYN02993,77.0,PE,ONLINE,VISTA,TERRITORY,  primeira_compra  ,FIEL
SYN02994,37.0,GO,CONCESSIONARIA,VISTA,TERRITORY,  recompra  ,FIEL
SYN02995,33.0,RJ,CONCESSIONARIA,CONSORCIO,MAVERICK,RECOMPRA,FIEL
SYN02996,27.0,SP,ONLINE,FINANCIAMENTO,MUSTANG,PRIMEIRA_COMPRA,ECONOMICO
SYN02997,77.0,MG,REVENDEDOR,FINANCIAMENTO,TERRITORY,PRIMEIRA_COMPRA,FIEL
SYN02998,55.0,PR,ONLINE,FINANCIAMENTO,MUSTANG,PRIMEIRA_COMPRA,ESQUECIDO
SYN02999,39.0,PE,CONCESSIONARIA,CONSORCIO,TERRITORY,RECOMPRA,ECONOMICO
SYN03000,61.0,MG,CONCESSIONARIA,FINANCIAMENTO,MAVERICK,PRIMEIRA_COMPRA,ESQUECIDO
SYN03001,54.0,MG,REVENDEDOR,FINANCIAMENTO,TERRITORY,PRIMEIRA_COMPRA,FIEL
SYN03002,72.0,RJ,ONLINE,VISTA,TERRITORY,RECOMPRA,FIEL
SYN03003,22.0,SP,CONCESSIONARIA,FINANCIAMENTO,MUSTANG,RECOMPRA,FIEL
SYN03004,40.0,SP,ONLINE,VISTA,TERRITORY,PRIMEIRA_COMPRA,ECONOMICO
SYN03005,38.0,RS,CONCESSIONARIA,FINANCIAMENTO,RANGER,PRIMEIRA_COMPRA,ECONOMICO
SYN03006,18.0,PR,CONCESSIONARIA,VISTA,MAVERICK,PRIMEIRA_COMPRA,ABANDONO
SYN03007,59.0,,REVENDEDOR,VISTA,RANGER,PRIMEIRA_COMPRA,ABANDONO
SYN03008,40.0,RJ,ONLINE,FINANCIAMENTO,RANGER,PRIMEIRA_COMPRA,ECONOMICO
SYN03009,54.0,GO,CONCESSIONARIA,VISTA,MUSTANG,RECOMPRA,FIEL
SYN03010,77.0,GO,CONCESSIONARIA,VISTA,TERRITORY,RECOMPRA,FIEL
SYN03011,39.0,BA,REVENDEDOR,FINANCIAMENTO,RANGER,RECOMPRA,ECONOMICO
SYN03012,38.0,PR,ONLINE,CONSORCIO,MUSTANG,RECOMPRA,FIEL
SYN03013,46.0,PR,ONLINE,VISTA,TERRITORY,PRIMEIRA_COMPRA,ECONOMICO
SYN03014,58.0,MG,CONCESSIONARIA,CONSORCIO,MAVERICK,PRIMEIRA_COMPRA,ECONOMICO
SYN03015,36.0,RJ,REVENDEDOR,VISTA,TERRITORY,RECOMPRA,FIEL
SYN03016,35.0,RS,REVENDEDOR,FINANCIAMENTO,BRONCO,PRIMEIRA_COMPRA,ABANDONO
SYN03017,59.0,BA,ONLINE,FINANCIAMENTO,MAVERICK,PRIMEIRA_COMPRA,ESQUECIDO
SYN03018,49.0,BA,CONCESSIONARIA,FINANCIAMENTO,MAVERICK,PRIMEIRA_COMPRA,ECONOMICO
SYN03019,18.0,BA,ONLINE,FINANCIAMENTO,BRONCO,RECOMPRA,FIEL
SYN03020,27.0,PR,REVENDEDOR,FINANCIAMENTO,MAVERICK,PRIMEIRA_COMPRA,ABANDONO
SYN03021,65.0,SP,ONLINE,FINANCIAMENTO,MUSTANG,PRIMEIRA_COMPRA,ESQUECIDO
SYN03022,50.0,BA,REVENDEDOR,FINANCIAMENTO,MUSTANG,PRIMEIRA_COMPRA,FIEL
SYN03023,33.0,GO,ONLINE,CONSORCIO,MAVERICK,RECOMPRA,FIEL
SYN03024,42.0,BA,CONCESSIONARIA,FINANCIAMENTO,TERRITORY,PRIMEIRA_COMPRA,ECONOMICO
SYN03025,44.0,PR,CONCESSIONARIA,VISTA,BRONCO,PRIMEIRA_COMPRA,ABANDONO
SYN03026,54.0,RJ,  revendedor  ,VISTA,MUSTANG,RECOMPRA,ABANDONO
SYN03027,25.0,PE,,VISTA,TERRITORY,RECOMPRA,FIEL
SYN03028,32.0,RS,CONCESSIONARIA,FINANCIAMENTO,MAVERICK,PRIMEIRA_COMPRA,ECONOMICO
SYN03029,48.0,MG,ONLINE,VISTA,MAVERICK,PRIMEIRA_COMPRA,ESQUECIDO
SYN03030,43.0,RS,CONCESSIONARIA,,BRONCO,RECOMPRA,FIEL
SYN03031,52.0,SP,REVENDEDOR,CONSORCIO,MUSTANG,PRIMEIRA_COMPRA,ECONOMICO
SYN03032,27.0,GO,CONCESSIONARIA,FINANCIAMENTO,BRONCO,RECOMPRA,FIEL
SYN03033,49.0,BA,CONCESSIONARIA,FINANCIAMENTO,MUSTANG,RECOMPRA,FIEL
SYN03034,150.0,MG,CONCESSIONARIA,VISTA,MAVERICK,RECOMPRA,ESQUECIDO
SYN03035,51.0,PE,ONLINE,FINANCIAMENTO,RANGER,PRIMEIRA_COMPRA,ABANDONO
SYN03036,46.0,SP,ONLINE,VISTA,MUSTANG,PRIMEIRA_COMPRA,ECONOMICO
SYN03037,43.0,RS,CONCESSIONARIA,VISTA,MAVERICK,PRIMEIRA_COMPRA,ABANDONO
SYN03038,32.0,BA,CONCESSIONARIA,VISTA,TERRITORY,PRIMEIRA_COMPRA,FIEL
SYN03039,43.0,SP,CONCESSIONARIA,CONSORCIO,MAVERICK,PRIMEIRA_COMPRA,FIEL
SYN03040,62.0,BA,ONLINE,VISTA,BRONCO,PRIMEIRA_COMPRA,ABANDONO
SYN03041,42.0,PE,REVENDEDOR,CONSORCIO,MUSTANG,PRIMEIRA_COMPRA,ECONOMICO
SYN03042,32.0,PR,ONLINE,VISTA,TERRITORY,PRIMEIRA_COMPRA,ECONOMICO
SYN03043,37.0,RJ,CONCESSIONARIA,FINANCIAMENTO,TERRITORY,PRIMEIRA_COMPRA,ECONOMICO
SYN03044,47.0,BA,ONLINE,VISTA,RANGER,PRIMEIRA_COMPRA,FIEL
SYN03045,39.0,MG,CONCESSIONARIA,VISTA,MAVERICK,PRIMEIRA_COMPRA,ABANDONO
SYN03046,51.0,BA,CONCESSIONARIA,CONSORCIO,MUSTANG,RECOMPRA,FIEL
SYN03047,51.0,BA,CONCESSIONARIA,FINANCIAMENTO,MAVERICK,PRIMEIRA_COMPRA,ABANDONO
SYN03048,56.0,SP,CONCESSIONARIA,FINANCIAMENTO,TERRITORY,RECOMPRA,FIEL
SYN03049,64.0,SP,CONCESSIONARIA,CONSORCIO,MUSTANG,PRIMEIRA_COMPRA,ABANDONO
SYN03050,58.0,SP,ONLINE,FINANCIAMENTO,TERRITORY,PRIMEIRA_COMPRA,ABANDONO
SYN03051,31.0,SP,CONCESSIONARIA,VISTA,MAVERICK,RECOMPRA,ABANDONO
SYN03052,31.0,MG,ONLINE,VISTA,BRONCO,PRIMEIRA_COMPRA,ABANDONO
SYN03053,43.0,SP,REVENDEDOR,FINANCIAMENTO,MUSTANG,PRIMEIRA_COMPRA,FIEL
SYN03054,38.0,GO,ONLINE,FINANCIAMENTO,MUSTANG,RECOMPRA,FIEL
SYN03055,28.0,GO,CONCESSIONARIA,CONSORCIO,TERRITORY,PRIMEIRA_COMPRA,ECONOMICO
SYN03056,38.0,RJ,ONLINE,FINANCIAMENTO,RANGER,PRIMEIRA_COMPRA,ECONOMICO
SYN03057,37.0,MG,CONCESSIONARIA,VISTA,RANGER,RECOMPRA,FIEL
SYN03058,35.0,BA,CONCESSIONARIA,VISTA,MAVERICK,RECOMPRA,ECONOMICO
SYN03059,40.0,BA,CONCESSIONARIA,VISTA,TERRITORY,PRIMEIRA_COMPRA,ESQUECIDO
SYN03060,60.0,PR,REVENDEDOR,FINANCIAMENTO,RANGER,PRIMEIRA_COMPRA,FIEL
SYN03061,47.0,GO,REVENDEDOR,FINANCIAMENTO,MUSTANG,PRIMEIRA_COMPRA,ABANDONO
SYN03062,79.0,BA,REVENDEDOR,CONSORCIO,MAVERICK,RECOMPRA,ECONOMICO
SYN03063,46.0,BA,ONLINE,FINANCIAMENTO,RANGER,RECOMPRA,FIEL
SYN03064,40.0,PR,ONLINE,FINANCIAMENTO,MAVERICK,PRIMEIRA_COMPRA,ABANDONO
SYN03065,44.0,PR,REVENDEDOR,CONSORCIO,MAVERICK,PRIMEIRA_COMPRA,ESQUECIDO
SYN03066,48.0,MG,REVENDEDOR,FINANCIAMENTO,MUSTANG,RECOMPRA,FIEL
SYN03067,50.0,PR,CONCESSIONARIA,FINANCIAMENTO,MUSTANG,PRIMEIRA_COMPRA,ECONOMICO
SYN03068,73.0,GO,REVENDEDOR,CONSORCIO,MUSTANG,RECOMPRA,ESQUECIDO
SYN03069,32.0,RS,REVENDEDOR,FINANCIAMENTO,MUSTANG,PRIMEIRA_COMPRA,ECONOMICO
SYN03070,56.0,RJ,ONLINE,FINANCIAMENTO,MAVERICK,PRIMEIRA_COMPRA,ECONOMICO
SYN03071,47.0,PR,  concessionaria  ,FINANCIAMENTO,MAVERICK,PRIMEIRA_COMPRA,ECONOMICO
SYN03072,22.0,  pe  ,CONCESSIONARIA,VISTA,BRONCO,PRIMEIRA_COMPRA,ABANDONO
SYN03073,,  go  ,ONLINE,CONSORCIO,MAVERICK,PRIMEIRA_COMPRA,ECONOMICO
SYN03074,,PR,CONCESSIONARIA,VISTA,MUSTANG,PRIMEIRA_COMPRA,FIEL
SYN03075,32.0,PE,CONCESSIONARIA,CONSORCIO,RANGER,PRIMEIRA_COMPRA,FIEL
SYN03076,44.0,  mg  ,ONLINE,FINANCIAMENTO,RANGER,PRIMEIRA_COMPRA,ECONOMICO
SYN03077,20.0,RS,REVENDEDOR,  vista  ,BRONCO,RECOMPRA,ECONOMICO
SYN03078,26.0,RS,REVENDEDOR,FINANCIAMENTO,TERRITORY,PRIMEIRA_COMPRA,ESQUECIDO
SYN03079,59.0,MG,ONLINE,CONSORCIO,BRONCO,,ESQUECIDO
SYN03080,37.0,BA,CONCESSIONARIA,CONSORCIO,TERRITORY,RECOMPRA,FIEL
SYN03081,28.0,GO,CONCESSIONARIA,FINANCIAMENTO,MAVERICK,PRIMEIRA_COMPRA,ECONOMICO
SYN03082,47.0,MG,ONLINE,CONSORCIO,MUSTANG,PRIMEIRA_COMPRA,FIEL
SYN03083,37.0,RJ,,VISTA,TERRITORY,  recompra  ,FIEL
SYN03084,37.0,PE,ONLINE,FINANCIAMENTO,MAVERICK,PRIMEIRA_COMPRA,ESQUECIDO
SYN03085,54.0,PE,REVENDEDOR,VISTA,RANGER,PRIMEIRA_COMPRA,ECONOMICO
SYN03086,28.0,GO,ONLINE,CONSORCIO,MAVERICK,RECOMPRA,ECONOMICO
SYN03087,31.0,MG,ONLINE,  financiamento  ,MAVERICK,RECOMPRA,ECONOMICO
SYN03088,46.0,BA,ONLINE,FINANCIAMENTO,MAVERICK,RECOMPRA,ECONOMICO
SYN03089,58.0,  ba  ,REVENDEDOR,CONSORCIO,BRONCO,PRIMEIRA_COMPRA,ABANDONO
SYN03090,61.0,PE,CONCESSIONARIA,FINANCIAMENTO,RANGER,PRIMEIRA_COMPRA,FIEL
SYN03091,35.0,  pe  ,CONCESSIONARIA,FINANCIAMENTO,MUSTANG,PRIMEIRA_COMPRA,ABANDONO
SYN03092,57.0,GO,CONCESSIONARIA,VISTA,RANGER,PRIMEIRA_COMPRA,FIEL
SYN03093,33.0,RS,ONLINE,VISTA,BRONCO,PRIMEIRA_COMPRA,ESQUECIDO
SYN03094,70.0,SP,CONCESSIONARIA,FINANCIAMENTO,RANGER,RECOMPRA,FIEL
SYN03095,28.0,RJ,ONLINE,FINANCIAMENTO,MUSTANG,PRIMEIRA_COMPRA,ECONOMICO
SYN03096,63.0,GO,ONLINE,CONSORCIO,BRONCO,RECOMPRA,FIEL
SYN03097,35.0,PE,CONCESSIONARIA,FINANCIAMENTO,BRONCO,RECOMPRA,FIEL
SYN03098,72.0,SP,ONLINE,VISTA,TERRITORY,PRIMEIRA_COMPRA,ESQUECIDO
SYN03099,52.0,MG,CONCESSIONARIA,CONSORCIO,MAVERICK,PRIMEIRA_COMPRA,ESQUECIDO
SYN03100,30.0,RJ,CONCESSIONARIA,FINANCIAMENTO,TERRITORY,RECOMPRA,FIEL
SYN03101,37.0,MG,CONCESSIONARIA,CONSORCIO,MAVERICK,PRIMEIRA_COMPRA,ESQUECIDO
SYN03102,55.0,BA,CONCESSIONARIA,VISTA,MUSTANG,RECOMPRA,FIEL
SYN03103,59.0,PR,REVENDEDOR,CONSORCIO,TERRITORY,PRIMEIRA_COMPRA,FIEL
SYN03104,43.0,RS,REVENDEDOR,FINANCIAMENTO,MAVERICK,PRIMEIRA_COMPRA,ESQUECIDO
SYN03105,45.0,RS,ONLINE,FINANCIAMENTO,TERRITORY,PRIMEIRA_COMPRA,ECONOMICO
SYN03106,55.0,BA,ONLINE,VISTA,MUSTANG,PRIMEIRA_COMPRA,FIEL
SYN03107,46.0,BA,ONLINE,CONSORCIO,MUSTANG,RECOMPRA,FIEL
SYN03108,26.0,SP,REVENDEDOR,CONSORCIO,TERRITORY,PRIMEIRA_COMPRA,ABANDONO
SYN03109,33.0,RJ,ONLINE,FINANCIAMENTO,TERRITORY,PRIMEIRA_COMPRA,ESQUECIDO
SYN03110,47.0,MG,CONCESSIONARIA,VISTA,,RECOMPRA,ECONOMICO
SYN03111,61.0,RS,ONLINE,FINANCIAMENTO,MAVERICK,RECOMPRA,FIEL
SYN03112,67.0,GO,REVENDEDOR,VISTA,MUSTANG,PRIMEIRA_COMPRA,ECONOMICO
SYN03113,55.0,GO,CONCESSIONARIA,CONSORCIO,RANGER,RECOMPRA,ESQUECIDO
SYN03114,48.0,BA,CONCESSIONARIA,VISTA,MUSTANG,PRIMEIRA_COMPRA,FIEL
SYN03115,54.0,SP,CONCESSIONARIA,FINANCIAMENTO,MAVERICK,RECOMPRA,ECONOMICO
SYN03116,35.0,SP,CONCESSIONARIA,CONSORCIO,BRONCO,RECOMPRA,ECONOMICO
SYN03117,42.0,RS,ONLINE,FINANCIAMENTO,TERRITORY,RECOMPRA,ECONOMICO
SYN03118,32.0,PR,CONCESSIONARIA,FINANCIAMENTO,MAVERICK,PRIMEIRA_COMPRA,ECONOMICO
SYN03119,27.0,BA,  revendedor  ,  vista  ,BRONCO,RECOMPRA,FIEL
SYN03120,49.0,RJ,ONLINE,VISTA,MUSTANG,PRIMEIRA_COMPRA,FIEL
SYN03121,47.0,GO,CONCESSIONARIA,VISTA,BRONCO,RECOMPRA,FIEL
SYN03122,54.0,RS,REVENDEDOR,VISTA,RANGER,RECOMPRA,ABANDONO
SYN03123,52.0,PR,ONLINE,FINANCIAMENTO,TERRITORY,PRIMEIRA_COMPRA,ABANDONO
SYN03124,47.0,SP,ONLINE,FINANCIAMENTO,TERRITORY,RECOMPRA,ESQUECIDO
SYN03125,52.0,PE,CONCESSIONARIA,VISTA,BRONCO,RECOMPRA,ESQUECIDO
SYN03126,43.0,PR,REVENDEDOR,VISTA,TERRITORY,RECOMPRA,FIEL
SYN03127,50.0,RJ,CONCESSIONARIA,VISTA,MUSTANG,PRIMEIRA_COMPRA,ECONOMICO
SYN03128,34.0,MG,CONCESSIONARIA,FINANCIAMENTO,TERRITORY,RECOMPRA,FIEL
SYN03129,49.0,MG,CONCESSIONARIA,FINANCIAMENTO,MAVERICK,PRIMEIRA_COMPRA,ABANDONO
SYN03130,53.0,SP,CONCESSIONARIA,VISTA,TERRITORY,RECOMPRA,ESQUECIDO
SYN03131,35.0,GO,  online  ,FINANCIAMENTO,MUSTANG,PRIMEIRA_COMPRA,FIEL
SYN03132,45.0,PE,CONCESSIONARIA,VISTA,MUSTANG,PRIMEIRA_COMPRA,FIEL
SYN03133,35.0,GO,ONLINE,FINANCIAMENTO,MAVERICK,PRIMEIRA_COMPRA,ECONOMICO
SYN03134,37.0,MG,CONCESSIONARIA,FINANCIAMENTO,MAVERICK,RECOMPRA,ECONOMICO
SYN03135,28.0,PR,REVENDEDOR,FINANCIAMENTO,MAVERICK,  primeira_compra  ,ECONOMICO
SYN03136,62.0,RS,CONCESSIONARIA,FINANCIAMENTO,BRONCO,RECOMPRA,FIEL
SYN03137,59.0,RS,REVENDEDOR,VISTA,BRONCO,RECOMPRA,FIEL
SYN03138,,PR,REVENDEDOR,FINANCIAMENTO,RANGER,PRIMEIRA_COMPRA,ABANDONO
SYN03139,72.0,RS,CONCESSIONARIA,FINANCIAMENTO,MUSTANG,RECOMPRA,FIEL
SYN03140,41.0,PE,ONLINE,CONSORCIO,MUSTANG,RECOMPRA,ECONOMICO
SYN03141,86.0,SP,CONCESSIONARIA,FINANCIAMENTO,BRONCO,PRIMEIRA_COMPRA,FIEL
SYN03142,41.0,RJ,REVENDEDOR,VISTA,MUSTANG,PRIMEIRA_COMPRA,ESQUECIDO
SYN03143,48.0,GO,ONLINE,FINANCIAMENTO,BRONCO,  primeira_compra  ,FIEL
SYN03144,38.0,GO,CONCESSIONARIA,FINANCIAMENTO,RANGER,PRIMEIRA_COMPRA,ECONOMICO
SYN03145,49.0,PE,CONCESSIONARIA,FINANCIAMENTO,MUSTANG,PRIMEIRA_COMPRA,FIEL
SYN03146,56.0,MG,CONCESSIONARIA,CONSORCIO,BRONCO,PRIMEIRA_COMPRA,FIEL
SYN03147,42.0,RS,REVENDEDOR,FINANCIAMENTO,MUSTANG,PRIMEIRA_COMPRA,ABANDONO
SYN03148,69.0,SP,ONLINE,VISTA,TERRITORY,RECOMPRA,ECONOMICO
SYN03149,47.0,MG,CONCESSIONARIA,CONSORCIO,BRONCO,PRIMEIRA_COMPRA,ESQUECIDO
SYN03150,48.0,BA,CONCESSIONARIA,FINANCIAMENTO,MAVERICK,RECOMPRA,ESQUECIDO
SYN03151,31.0,  mg  ,CONCESSIONARIA,VISTA,RANGER,RECOMPRA,FIEL
SYN03152,50.0,RS,ONLINE,FINANCIAMENTO,MUSTANG,RECOMPRA,ESQUECIDO
SYN03153,42.0,SP,CONCESSIONARIA,FINANCIAMENTO,MAVERICK,PRIMEIRA_COMPRA,ECONOMICO
SYN03154,35.0,RS,CONCESSIONARIA,CONSORCIO,RANGER,PRIMEIRA_COMPRA,ABANDONO
SYN03155,33.0,BA,REVENDEDOR,FINANCIAMENTO,MAVERICK,RECOMPRA,ECONOMICO
SYN03156,81.0,PR,CONCESSIONARIA,  consorcio  ,MUSTANG,RECOMPRA,ECONOMICO
SYN03157,40.0,PR,ONLINE,VISTA,TERRITORY,RECOMPRA,ECONOMICO
SYN03158,24.0,GO,CONCESSIONARIA,FINANCIAMENTO,MAVERICK,PRIMEIRA_COMPRA,ECONOMICO
SYN03159,34.0,RJ,CONCESSIONARIA,FINANCIAMENTO,MAVERICK,PRIMEIRA_COMPRA,ECONOMICO
SYN03160,43.0,MG,ONLINE,VISTA,RANGER,PRIMEIRA_COMPRA,FIEL
SYN03161,52.0,PR,CONCESSIONARIA,FINANCIAMENTO,BRONCO,PRIMEIRA_COMPRA,FIEL
SYN03162,52.0,RS,CONCESSIONARIA,FINANCIAMENTO,BRONCO,RECOMPRA,FIEL
SYN03163,53.0,GO,REVENDEDOR,FINANCIAMENTO,TERRITORY,PRIMEIRA_COMPRA,ABANDONO
SYN03164,35.0,SP,REVENDEDOR,FINANCIAMENTO,TERRITORY,PRIMEIRA_COMPRA,ABANDONO
SYN03165,49.0,SP,ONLINE,CONSORCIO,MAVERICK,PRIMEIRA_COMPRA,ESQUECIDO
SYN03166,32.0,MG,CONCESSIONARIA,FINANCIAMENTO,MAVERICK,PRIMEIRA_COMPRA,ECONOMICO
SYN03167,35.0,RS,CONCESSIONARIA,FINANCIAMENTO,TERRITORY,PRIMEIRA_COMPRA,ECONOMICO
SYN03168,31.0,GO,CONCESSIONARIA,VISTA,RANGER,PRIMEIRA_COMPRA,ECONOMICO
SYN03169,27.0,RS,REVENDEDOR,VISTA,MAVERICK,,FIEL
SYN03170,59.0,RS,REVENDEDOR,CONSORCIO,RANGER,RECOMPRA,FIEL
SYN03171,54.0,RJ,ONLINE,CONSORCIO,RANGER,RECOMPRA,ESQUECIDO
SYN03172,58.0,RS,REVENDEDOR,FINANCIAMENTO,TERRITORY,PRIMEIRA_COMPRA,ESQUECIDO
SYN03173,45.0,PR,CONCESSIONARIA,FINANCIAMENTO,MUSTANG,PRIMEIRA_COMPRA,ESQUECIDO
SYN03174,55.0,PR,ONLINE,VISTA,MAVERICK,RECOMPRA,ESQUECIDO
SYN03175,19.0,PR,CONCESSIONARIA,FINANCIAMENTO,TERRITORY,PRIMEIRA_COMPRA,FIEL
SYN03176,56.0,RS,CONCESSIONARIA,VISTA,BRONCO,PRIMEIRA_COMPRA,ESQUECIDO
SYN03177,46.0,RJ,REVENDEDOR,FINANCIAMENTO,MUSTANG,PRIMEIRA_COMPRA,ECONOMICO
SYN03178,53.0,RJ,REVENDEDOR,CONSORCIO,MAVERICK,RECOMPRA,FIEL
SYN03179,49.0,RJ,CONCESSIONARIA,VISTA,MAVERICK,PRIMEIRA_COMPRA,ESQUECIDO
SYN03180,30.0,PR,CONCESSIONARIA,VISTA,RANGER,RECOMPRA,FIEL
SYN03181,23.0,PE,ONLINE,FINANCIAMENTO,TERRITORY,PRIMEIRA_COMPRA,ABANDONO
SYN03182,34.0,GO,  concessionaria  ,CONSORCIO,RANGER,PRIMEIRA_COMPRA,FIEL
SYN03183,52.0,MG,  online  ,VISTA,MUSTANG,PRIMEIRA_COMPRA,ESQUECIDO
SYN03184,54.0,SP,ONLINE,CONSORCIO,  territory  ,RECOMPRA,ESQUECIDO
SYN03185,25.0,BA,CONCESSIONARIA,CONSORCIO,BRONCO,PRIMEIRA_COMPRA,ECONOMICO
SYN03186,30.0,SP,CONCESSIONARIA,FINANCIAMENTO,BRONCO,PRIMEIRA_COMPRA,ECONOMICO
SYN03187,34.0,BA,CONCESSIONARIA,FINANCIAMENTO,BRONCO,RECOMPRA,FIEL
SYN03188,39.0,RS,REVENDEDOR,FINANCIAMENTO,RANGER,PRIMEIRA_COMPRA,ECONOMICO
SYN03189,25.0,PE,CONCESSIONARIA,VISTA,MUSTANG,PRIMEIRA_COMPRA,ABANDONO
SYN03190,24.0,BA,ONLINE,VISTA,TERRITORY,RECOMPRA,ESQUECIDO
SYN03191,0.0,BA,CONCESSIONARIA,FINANCIAMENTO,MUSTANG,PRIMEIRA_COMPRA,ABANDONO
SYN03192,45.0,RS,ONLINE,CONSORCIO,MAVERICK,PRIMEIRA_COMPRA,ESQUECIDO
SYN03193,27.0,PE,CONCESSIONARIA,FINANCIAMENTO,MAVERICK,RECOMPRA,ECONOMICO
SYN03194,42.0,PR,CONCESSIONARIA,VISTA,MAVERICK,PRIMEIRA_COMPRA,FIEL
SYN03195,59.0,BA,ONLINE,FINANCIAMENTO,MUSTANG,PRIMEIRA_COMPRA,ESQUECIDO
SYN03196,26.0,MG,ONLINE,FINANCIAMENTO,TERRITORY,PRIMEIRA_COMPRA,ESQUECIDO
SYN03197,41.0,RS,CONCESSIONARIA,FINANCIAMENTO,TERRITORY,PRIMEIRA_COMPRA,ABANDONO
SYN03198,58.0,PE,CONCESSIONARIA,VISTA,MAVERICK,PRIMEIRA_COMPRA,FIEL
SYN03199,38.0,RS,REVENDEDOR,VISTA,TERRITORY,PRIMEIRA_COMPRA,ESQUECIDO
SYN03200,36.0,SP,CONCESSIONARIA,FINANCIAMENTO,  mustang  ,PRIMEIRA_COMPRA,ABANDONO
SYN03201,60.0,RS,CONCESSIONARIA,VISTA,RANGER,PRIMEIRA_COMPRA,FIEL
SYN03202,40.0,RS,CONCESSIONARIA,VISTA,MUSTANG,PRIMEIRA_COMPRA,ECONOMICO
SYN03203,59.0,RS,CONCESSIONARIA,FINANCIAMENTO,TERRITORY,PRIMEIRA_COMPRA,ECONOMICO
SYN03204,50.0,SP,ONLINE,VISTA,RANGER,PRIMEIRA_COMPRA,FIEL
SYN03205,39.0,RJ,ONLINE,FINANCIAMENTO,MAVERICK,RECOMPRA,ECONOMICO
SYN03206,51.0,MG,ONLINE,CONSORCIO,TERRITORY,PRIMEIRA_COMPRA,ECONOMICO
SYN03207,48.0,RS,ONLINE,VISTA,TERRITORY,PRIMEIRA_COMPRA,ECONOMICO
SYN03208,58.0,SP,CONCESSIONARIA,FINANCIAMENTO,BRONCO,RECOMPRA,FIEL
SYN03209,36.0,RS,  online  ,VISTA,BRONCO,PRIMEIRA_COMPRA,FIEL
SYN03210,45.0,MG,CONCESSIONARIA,FINANCIAMENTO,RANGER,RECOMPRA,FIEL
SYN03211,43.0,SP,  concessionaria  ,CONSORCIO,RANGER,RECOMPRA,ECONOMICO
SYN03212,54.0,MG,ONLINE,VISTA,BRONCO,PRIMEIRA_COMPRA,ECONOMICO
SYN03213,30.0,MG,CONCESSIONARIA,FINANCIAMENTO,TERRITORY,PRIMEIRA_COMPRA,ECONOMICO
SYN03214,58.0,RJ,CONCESSIONARIA,VISTA,BRONCO,PRIMEIRA_COMPRA,ABANDONO
SYN03215,51.0,PE,CONCESSIONARIA,FINANCIAMENTO,MAVERICK,RECOMPRA,FIEL
SYN03216,26.0,SP,ONLINE,CONSORCIO,MAVERICK,PRIMEIRA_COMPRA,ESQUECIDO
SYN03217,61.0,PR,CONCESSIONARIA,CONSORCIO,RANGER,RECOMPRA,FIEL
SYN03218,75.0,BA,ONLINE,VISTA,MUSTANG,RECOMPRA,FIEL
SYN03219,58.0,PE,ONLINE,  vista  ,MAVERICK,RECOMPRA,ABANDONO
SYN03220,64.0,PR,ONLINE,VISTA,RANGER,PRIMEIRA_COMPRA,ESQUECIDO
SYN03221,45.0,PR,CONCESSIONARIA,FINANCIAMENTO,MAVERICK,RECOMPRA,FIEL
SYN03222,21.0,  pe  ,REVENDEDOR,FINANCIAMENTO,MUSTANG,RECOMPRA,ECONOMICO
SYN03223,18.0,PE,CONCESSIONARIA,CONSORCIO,BRONCO,PRIMEIRA_COMPRA,FIEL
SYN03224,48.0,RJ,REVENDEDOR,FINANCIAMENTO,  mustang  ,RECOMPRA,FIEL
SYN03225,36.0,PE,ONLINE,FINANCIAMENTO,MUSTANG,PRIMEIRA_COMPRA,FIEL
SYN03226,31.0,RS,CONCESSIONARIA,FINANCIAMENTO,MUSTANG,RECOMPRA,FIEL
SYN03227,43.0,SP,ONLINE,CONSORCIO,MUSTANG,PRIMEIRA_COMPRA,ABANDONO
SYN03228,53.0,PR,ONLINE,CONSORCIO,RANGER,PRIMEIRA_COMPRA,ABANDONO
SYN03229,24.0,GO,CONCESSIONARIA,FINANCIAMENTO,RANGER,RECOMPRA,ABANDONO
SYN03230,38.0,RJ,CONCESSIONARIA,  financiamento  ,MAVERICK,PRIMEIRA_COMPRA,ESQUECIDO
SYN03231,65.0,SP,ONLINE,CONSORCIO,MAVERICK,PRIMEIRA_COMPRA,ESQUECIDO
SYN03232,29.0,GO,ONLINE,FINANCIAMENTO,BRONCO,PRIMEIRA_COMPRA,ECONOMICO
SYN03233,56.0,PR,REVENDEDOR,CONSORCIO,TERRITORY,RECOMPRA,FIEL
SYN03234,37.0,RJ,CONCESSIONARIA,CONSORCIO,MUSTANG,PRIMEIRA_COMPRA,ABANDONO
SYN03235,52.0,PE,ONLINE,VISTA,BRONCO,PRIMEIRA_COMPRA,FIEL
SYN03236,59.0,RS,ONLINE,FINANCIAMENTO,MAVERICK,  primeira_compra  ,FIEL
SYN03237,54.0,MG,ONLINE,VISTA,MAVERICK,PRIMEIRA_COMPRA,ESQUECIDO
SYN03238,57.0,MG,CONCESSIONARIA,CONSORCIO,MUSTANG,PRIMEIRA_COMPRA,ECONOMICO
SYN03239,28.0,PR,CONCESSIONARIA,  financiamento  ,MAVERICK,PRIMEIRA_COMPRA,ABANDONO
SYN03240,60.0,RJ,ONLINE,CONSORCIO,MAVERICK,RECOMPRA,FIEL
SYN03241,32.0,MG,CONCESSIONARIA,FINANCIAMENTO,MUSTANG,RECOMPRA,FIEL
SYN03242,48.0,MG,CONCESSIONARIA,CONSORCIO,RANGER,RECOMPRA,FIEL
SYN03243,48.0,SP,ONLINE,VISTA,MAVERICK,RECOMPRA,ESQUECIDO
SYN03244,51.0,PE,CONCESSIONARIA,FINANCIAMENTO,BRONCO,RECOMPRA,ABANDONO
SYN03245,49.0,SP,CONCESSIONARIA,FINANCIAMENTO,MAVERICK,RECOMPRA,ESQUECIDO
SYN03246,32.0,GO,CONCESSIONARIA,FINANCIAMENTO,TERRITORY,PRIMEIRA_COMPRA,ECONOMICO
SYN03247,25.0,SP,ONLINE,FINANCIAMENTO,  bronco  ,RECOMPRA,ESQUECIDO
SYN03248,56.0,MG,REVENDEDOR,CONSORCIO,TERRITORY,PRIMEIRA_COMPRA,FIEL
SYN03249,47.0,SP,CONCESSIONARIA,FINANCIAMENTO,RANGER,PRIMEIRA_COMPRA,ECONOMICO
SYN03250,60.0,MG,CONCESSIONARIA,CONSORCIO,BRONCO,PRIMEIRA_COMPRA,ECONOMICO
SYN03251,-5.0,  pr  ,REVENDEDOR,FINANCIAMENTO,RANGER,PRIMEIRA_COMPRA,ABANDONO
SYN03252,24.0,SP,CONCESSIONARIA,VISTA,RANGER,PRIMEIRA_COMPRA,ESQUECIDO
SYN03253,58.0,PR,REVENDEDOR,CONSORCIO,BRONCO,PRIMEIRA_COMPRA,ESQUECIDO
SYN03254,39.0,PE,ONLINE,VISTA,MUSTANG,PRIMEIRA_COMPRA,ABANDONO
SYN03255,49.0,RS,CONCESSIONARIA,CONSORCIO,MAVERICK,RECOMPRA,ABANDONO
SYN03256,35.0,SP,CONCESSIONARIA,CONSORCIO,RANGER,PRIMEIRA_COMPRA,FIEL
SYN03257,67.0,BA,CONCESSIONARIA,VISTA,RANGER,PRIMEIRA_COMPRA,FIEL
SYN03258,32.0,RJ,ONLINE,VISTA,BRONCO,  recompra  ,FIEL
SYN03259,39.0,SP,CONCESSIONARIA,FINANCIAMENTO,BRONCO,,ECONOMICO
SYN03260,46.0,RS,REVENDEDOR,FINANCIAMENTO,RANGER,RECOMPRA,ECONOMICO
SYN03261,29.0,MG,ONLINE,FINANCIAMENTO,TERRITORY,PRIMEIRA_COMPRA,ECONOMICO
SYN03262,49.0,SP,REVENDEDOR,CONSORCIO,RANGER,PRIMEIRA_COMPRA,ESQUECIDO
SYN03263,250.0,PE,REVENDEDOR,VISTA,BRONCO,RECOMPRA,FIEL
SYN03264,37.0,PR,CONCESSIONARIA,VISTA,MAVERICK,PRIMEIRA_COMPRA,ESQUECIDO
SYN03265,50.0,GO,ONLINE,CONSORCIO,TERRITORY,RECOMPRA,FIEL
SYN03266,18.0,RS,REVENDEDOR,FINANCIAMENTO,BRONCO,PRIMEIRA_COMPRA,ABANDONO
SYN03267,43.0,,CONCESSIONARIA,CONSORCIO,TERRITORY,PRIMEIRA_COMPRA,ESQUECIDO
SYN03268,40.0,PE,CONCESSIONARIA,FINANCIAMENTO,MUSTANG,RECOMPRA,FIEL
SYN03269,33.0,SP,CONCESSIONARIA,FINANCIAMENTO,RANGER,PRIMEIRA_COMPRA,ECONOMICO
SYN03270,59.0,MG,CONCESSIONARIA,VISTA,BRONCO,PRIMEIRA_COMPRA,ABANDONO
SYN03271,39.0,PE,REVENDEDOR,FINANCIAMENTO,TERRITORY,RECOMPRA,ESQUECIDO
SYN03272,42.0,MG,CONCESSIONARIA,VISTA,BRONCO,PRIMEIRA_COMPRA,ABANDONO
SYN03273,39.0,GO,ONLINE,VISTA,BRONCO,PRIMEIRA_COMPRA,ESQUECIDO
SYN03274,18.0,MG,REVENDEDOR,CONSORCIO,MAVERICK,  primeira_compra  ,ESQUECIDO
SYN03275,28.0,RS,CONCESSIONARIA,FINANCIAMENTO,MUSTANG,PRIMEIRA_COMPRA,FIEL
SYN03276,57.0,GO,ONLINE,FINANCIAMENTO,BRONCO,,ECONOMICO
SYN03277,18.0,RJ,CONCESSIONARIA,FINANCIAMENTO,TERRITORY,PRIMEIRA_COMPRA,ECONOMICO
SYN03278,33.0,GO,CONCESSIONARIA,FINANCIAMENTO,BRONCO,PRIMEIRA_COMPRA,ESQUECIDO
SYN03279,38.0,SP,CONCESSIONARIA,FINANCIAMENTO,BRONCO,PRIMEIRA_COMPRA,ECONOMICO
SYN03280,68.0,MG,CONCESSIONARIA,FINANCIAMENTO,MUSTANG,RECOMPRA,FIEL
SYN03281,55.0,PR,CONCESSIONARIA,CONSORCIO,BRONCO,PRIMEIRA_COMPRA,ECONOMICO
SYN03282,36.0,PR,CONCESSIONARIA,CONSORCIO,MUSTANG,RECOMPRA,FIEL
SYN03283,62.0,GO,CONCESSIONARIA,CONSORCIO,MAVERICK,PRIMEIRA_COMPRA,ECONOMICO
SYN03284,34.0,GO,CONCESSIONARIA,FINANCIAMENTO,BRONCO,PRIMEIRA_COMPRA,ABANDONO
SYN03285,58.0,BA,ONLINE,VISTA,TERRITORY,RECOMPRA,ESQUECIDO
SYN03286,25.0,BA,CONCESSIONARIA,FINANCIAMENTO,TERRITORY,PRIMEIRA_COMPRA,ECONOMICO
SYN03287,59.0,MG,REVENDEDOR,FINANCIAMENTO,RANGER,PRIMEIRA_COMPRA,ECONOMICO
SYN03288,38.0,PE,REVENDEDOR,FINANCIAMENTO,BRONCO,RECOMPRA,ECONOMICO
SYN03289,30.0,BA,ONLINE,CONSORCIO,MUSTANG,RECOMPRA,ESQUECIDO
SYN03290,41.0,SP,ONLINE,VISTA,RANGER,PRIMEIRA_COMPRA,ABANDONO
SYN03291,48.0,PE,ONLINE,FINANCIAMENTO,MUSTANG,RECOMPRA,FIEL
SYN03292,37.0,MG,ONLINE,VISTA,MUSTANG,PRIMEIRA_COMPRA,ESQUECIDO
SYN03293,52.0,RS,REVENDEDOR,CONSORCIO,BRONCO,RECOMPRA,ABANDONO
SYN03294,36.0,RS,REVENDEDOR,,TERRITORY,PRIMEIRA_COMPRA,FIEL
SYN03295,53.0,PE,CONCESSIONARIA,CONSORCIO,BRONCO,PRIMEIRA_COMPRA,ESQUECIDO
SYN03296,50.0,MG,ONLINE,FINANCIAMENTO,MUSTANG,PRIMEIRA_COMPRA,FIEL
SYN03297,43.0,RS,REVENDEDOR,FINANCIAMENTO,RANGER,PRIMEIRA_COMPRA,ECONOMICO
SYN03298,38.0,SP,CONCESSIONARIA,CONSORCIO,BRONCO,RECOMPRA,FIEL
SYN03299,46.0,MG,ONLINE,FINANCIAMENTO,RANGER,PRIMEIRA_COMPRA,ECONOMICO
SYN03300,52.0,SP,ONLINE,VISTA,  maverick  ,PRIMEIRA_COMPRA,FIEL
SYN03301,73.0,PR,ONLINE,FINANCIAMENTO,RANGER,RECOMPRA,FIEL
SYN03302,57.0,GO,CONCESSIONARIA,VISTA,TERRITORY,PRIMEIRA_COMPRA,ESQUECIDO
SYN03303,58.0,RS,CONCESSIONARIA,VISTA,MAVERICK,RECOMPRA,FIEL
SYN03304,87.0,GO,CONCESSIONARIA,CONSORCIO,MAVERICK,PRIMEIRA_COMPRA,FIEL
SYN03305,51.0,GO,ONLINE,CONSORCIO,TERRITORY,PRIMEIRA_COMPRA,ESQUECIDO
SYN03306,51.0,SP,REVENDEDOR,VISTA,BRONCO,PRIMEIRA_COMPRA,ECONOMICO
SYN03307,54.0,PR,REVENDEDOR,FINANCIAMENTO,RANGER,PRIMEIRA_COMPRA,ECONOMICO
SYN03308,30.0,PR,CONCESSIONARIA,FINANCIAMENTO,BRONCO,PRIMEIRA_COMPRA,FIEL
SYN03309,38.0,RS,CONCESSIONARIA,VISTA,RANGER,RECOMPRA,FIEL
SYN03310,37.0,PE,ONLINE,FINANCIAMENTO,MUSTANG,PRIMEIRA_COMPRA,ESQUECIDO
SYN03311,53.0,RS,ONLINE,FINANCIAMENTO,RANGER,RECOMPRA,ESQUECIDO
SYN03312,42.0,SP,ONLINE,CONSORCIO,MAVERICK,PRIMEIRA_COMPRA,ECONOMICO
SYN03313,46.0,PR,CONCESSIONARIA,FINANCIAMENTO,BRONCO,RECOMPRA,FIEL
SYN03314,59.0,RJ,CONCESSIONARIA,FINANCIAMENTO,TERRITORY,PRIMEIRA_COMPRA,ESQUECIDO
SYN03315,56.0,MG,ONLINE,CONSORCIO,BRONCO,PRIMEIRA_COMPRA,ECONOMICO
SYN03316,42.0,PR,ONLINE,VISTA,RANGER,PRIMEIRA_COMPRA,FIEL
SYN03317,35.0,BA,CONCESSIONARIA,VISTA,BRONCO,PRIMEIRA_COMPRA,ECONOMICO
SYN03318,60.0,MG,REVENDEDOR,FINANCIAMENTO,MAVERICK,PRIMEIRA_COMPRA,ESQUECIDO
SYN03319,55.0,RS,ONLINE,FINANCIAMENTO,BRONCO,PRIMEIRA_COMPRA,ECONOMICO
SYN03320,22.0,SP,REVENDEDOR,VISTA,TERRITORY,PRIMEIRA_COMPRA,ABANDONO
SYN03321,40.0,RS,CONCESSIONARIA,FINANCIAMENTO,  bronco  ,  recompra  ,ECONOMICO
SYN03322,46.0,PR,CONCESSIONARIA,VISTA,MUSTANG,PRIMEIRA_COMPRA,ECONOMICO
SYN03323,55.0,PR,REVENDEDOR,FINANCIAMENTO,MAVERICK,PRIMEIRA_COMPRA,FIEL
SYN03324,57.0,MG,REVENDEDOR,FINANCIAMENTO,RANGER,PRIMEIRA_COMPRA,ECONOMICO
SYN03325,48.0,SP,REVENDEDOR,FINANCIAMENTO,TERRITORY,PRIMEIRA_COMPRA,FIEL
SYN03326,52.0,PR,REVENDEDOR,FINANCIAMENTO,RANGER,PRIMEIRA_COMPRA,ABANDONO
SYN03327,45.0,BA,CONCESSIONARIA,FINANCIAMENTO,TERRITORY,PRIMEIRA_COMPRA,ESQUECIDO
SYN03328,35.0,SP,CONCESSIONARIA,VISTA,MAVERICK,PRIMEIRA_COMPRA,ESQUECIDO
SYN03329,40.0,PR,CONCESSIONARIA,VISTA,MUSTANG,RECOMPRA,FIEL
SYN03330,44.0,SP,REVENDEDOR,FINANCIAMENTO,BRONCO,PRIMEIRA_COMPRA,ABANDONO
SYN03331,44.0,RS,CONCESSIONARIA,VISTA,MAVERICK,PRIMEIRA_COMPRA,FIEL
SYN03332,18.0,BA,ONLINE,FINANCIAMENTO,TERRITORY,RECOMPRA,FIEL
SYN03333,38.0,BA,REVENDEDOR,FINANCIAMENTO,BRONCO,PRIMEIRA_COMPRA,FIEL
SYN03334,45.0,BA,  revendedor  ,CONSORCIO,MUSTANG,PRIMEIRA_COMPRA,ABANDONO
SYN03335,40.0,PE,REVENDEDOR,VISTA,TERRITORY,PRIMEIRA_COMPRA,ECONOMICO
SYN03336,41.0,RJ,ONLINE,VISTA,TERRITORY,RECOMPRA,FIEL
SYN03337,51.0,PE,CONCESSIONARIA,FINANCIAMENTO,RANGER,PRIMEIRA_COMPRA,ECONOMICO
SYN03338,29.0,MG,REVENDEDOR,FINANCIAMENTO,TERRITORY,RECOMPRA,FIEL
SYN03339,21.0,MG,CONCESSIONARIA,VISTA,RANGER,PRIMEIRA_COMPRA,ABANDONO
SYN03340,39.0,PE,CONCESSIONARIA,VISTA,MUSTANG,RECOMPRA,FIEL
SYN03341,55.0,MG,REVENDEDOR,VISTA,MUSTANG,PRIMEIRA_COMPRA,FIEL
SYN03342,68.0,SP,ONLINE,CONSORCIO,BRONCO,RECOMPRA,ESQUECIDO
SYN03343,55.0,BA,ONLINE,FINANCIAMENTO,BRONCO,PRIMEIRA_COMPRA,ABANDONO
SYN03344,23.0,BA,CONCESSIONARIA,  consorcio  ,TERRITORY,RECOMPRA,FIEL
SYN03345,41.0,PR,ONLINE,VISTA,RANGER,PRIMEIRA_COMPRA,ABANDONO
SYN03346,48.0,RJ,REVENDEDOR,FINANCIAMENTO,BRONCO,RECOMPRA,ECONOMICO
SYN03347,46.0,BA,ONLINE,FINANCIAMENTO,RANGER,RECOMPRA,FIEL
SYN03348,52.0,RJ,CONCESSIONARIA,VISTA,MUSTANG,PRIMEIRA_COMPRA,FIEL
SYN03349,31.0,PR,ONLINE,FINANCIAMENTO,TERRITORY,PRIMEIRA_COMPRA,ABANDONO
SYN03350,45.0,PR,REVENDEDOR,VISTA,MAVERICK,PRIMEIRA_COMPRA,ABANDONO
SYN03351,50.0,PE,REVENDEDOR,VISTA,TERRITORY,RECOMPRA,ECONOMICO
SYN03352,56.0,GO,,FINANCIAMENTO,RANGER,RECOMPRA,FIEL
SYN03353,33.0,RJ,ONLINE,VISTA,BRONCO,PRIMEIRA_COMPRA,ABANDONO
SYN03354,39.0,SP,CONCESSIONARIA,VISTA,RANGER,PRIMEIRA_COMPRA,ABANDONO
SYN03355,18.0,PR,,FINANCIAMENTO,TERRITORY,PRIMEIRA_COMPRA,ECONOMICO
SYN03356,35.0,GO,CONCESSIONARIA,CONSORCIO,TERRITORY,PRIMEIRA_COMPRA,FIEL
SYN03357,37.0,RJ,ONLINE,FINANCIAMENTO,MUSTANG,PRIMEIRA_COMPRA,ECONOMICO
SYN03358,30.0,RS,ONLINE,CONSORCIO,BRONCO,RECOMPRA,ESQUECIDO
SYN03359,46.0,RS,CONCESSIONARIA,FINANCIAMENTO,MAVERICK,PRIMEIRA_COMPRA,ABANDONO
SYN03360,43.0,MG,CONCESSIONARIA,FINANCIAMENTO,BRONCO,RECOMPRA,ECONOMICO
SYN03361,18.0,BA,CONCESSIONARIA,VISTA,MUSTANG,RECOMPRA,ABANDONO
SYN03362,47.0,MG,CONCESSIONARIA,FINANCIAMENTO,BRONCO,PRIMEIRA_COMPRA,FIEL
SYN03363,31.0,RS,ONLINE,FINANCIAMENTO,MUSTANG,PRIMEIRA_COMPRA,ABANDONO
SYN03364,51.0,PE,CONCESSIONARIA,FINANCIAMENTO,MUSTANG,PRIMEIRA_COMPRA,ABANDONO
SYN03365,26.0,RS,CONCESSIONARIA,VISTA,MUSTANG,PRIMEIRA_COMPRA,ABANDONO
SYN03366,44.0,,REVENDEDOR,VISTA,MAVERICK,RECOMPRA,ESQUECIDO
SYN03367,40.0,GO,CONCESSIONARIA,FINANCIAMENTO,MUSTANG,,ECONOMICO
SYN03368,48.0,MG,REVENDEDOR,FINANCIAMENTO,MAVERICK,PRIMEIRA_COMPRA,ECONOMICO
SYN03369,46.0,PE,ONLINE,FINANCIAMENTO,TERRITORY,RECOMPRA,ABANDONO
SYN03370,40.0,PE,ONLINE,CONSORCIO,RANGER,PRIMEIRA_COMPRA,ABANDONO
SYN03371,22.0,PR,ONLINE,FINANCIAMENTO,TERRITORY,PRIMEIRA_COMPRA,FIEL
SYN03372,23.0,SP,CONCESSIONARIA,VISTA,BRONCO,RECOMPRA,ESQUECIDO
SYN03373,36.0,GO,REVENDEDOR,FINANCIAMENTO,RANGER,PRIMEIRA_COMPRA,FIEL
SYN03374,44.0,BA,REVENDEDOR,VISTA,TERRITORY,PRIMEIRA_COMPRA,ABANDONO
SYN03375,35.0,RS,CONCESSIONARIA,CONSORCIO,MAVERICK,PRIMEIRA_COMPRA,ESQUECIDO
SYN03376,53.0,PE,ONLINE,FINANCIAMENTO,TERRITORY,,ECONOMICO
SYN03377,40.0,PE,ONLINE,VISTA,MAVERICK,PRIMEIRA_COMPRA,FIEL
SYN03378,30.0,PE,REVENDEDOR,FINANCIAMENTO,MUSTANG,RECOMPRA,ESQUECIDO
SYN03379,40.0,RJ,REVENDEDOR,VISTA,RANGER,PRIMEIRA_COMPRA,FIEL
SYN03380,47.0,BA,CONCESSIONARIA,FINANCIAMENTO,MAVERICK,PRIMEIRA_COMPRA,ECONOMICO
SYN03381,,MG,REVENDEDOR,FINANCIAMENTO,MUSTANG,PRIMEIRA_COMPRA,ECONOMICO
SYN03382,70.0,SP,REVENDEDOR,FINANCIAMENTO,RANGER,PRIMEIRA_COMPRA,ECONOMICO
SYN03383,35.0,MG,ONLINE,FINANCIAMENTO,MAVERICK,RECOMPRA,FIEL
SYN03384,43.0,SP,CONCESSIONARIA,CONSORCIO,BRONCO,RECOMPRA,ABANDONO
SYN03385,50.0,SP,REVENDEDOR,VISTA,MAVERICK,RECOMPRA,FIEL
SYN03386,44.0,BA,ONLINE,FINANCIAMENTO,RANGER,PRIMEIRA_COMPRA,ESQUECIDO
SYN03387,37.0,PR,CONCESSIONARIA,VISTA,BRONCO,,ECONOMICO
SYN03388,22.0,RS,REVENDEDOR,VISTA,TERRITORY,RECOMPRA,FIEL
SYN03389,37.0,RJ,ONLINE,FINANCIAMENTO,RANGER,RECOMPRA,ESQUECIDO
SYN03390,29.0,PE,REVENDEDOR,FINANCIAMENTO,MAVERICK,RECOMPRA,FIEL
SYN03391,20.0,BA,ONLINE,VISTA,BRONCO,PRIMEIRA_COMPRA,ABANDONO
SYN03392,33.0,PR,CONCESSIONARIA,FINANCIAMENTO,MUSTANG,PRIMEIRA_COMPRA,ESQUECIDO
SYN03393,29.0,RJ,REVENDEDOR,VISTA,RANGER,PRIMEIRA_COMPRA,ABANDONO
SYN03394,52.0,SP,ONLINE,,MAVERICK,PRIMEIRA_COMPRA,ECONOMICO
SYN03395,52.0,SP,ONLINE,FINANCIAMENTO,MAVERICK,PRIMEIRA_COMPRA,ECONOMICO
SYN03396,31.0,SP,CONCESSIONARIA,VISTA,MAVERICK,PRIMEIRA_COMPRA,ECONOMICO
SYN03397,40.0,GO,CONCESSIONARIA,VISTA,TERRITORY,PRIMEIRA_COMPRA,ECONOMICO
SYN03398,18.0,MG,ONLINE,  consorcio  ,MAVERICK,PRIMEIRA_COMPRA,ABANDONO
SYN03399,37.0,BA,CONCESSIONARIA,FINANCIAMENTO,TERRITORY,PRIMEIRA_COMPRA,ECONOMICO
SYN03400,50.0,GO,REVENDEDOR,VISTA,MAVERICK,PRIMEIRA_COMPRA,ABANDONO
SYN03401,56.0,GO,REVENDEDOR,CONSORCIO,BRONCO,PRIMEIRA_COMPRA,FIEL
SYN03402,34.0,MG,ONLINE,VISTA,BRONCO,PRIMEIRA_COMPRA,ABANDONO
SYN03403,59.0,RS,CONCESSIONARIA,CONSORCIO,BRONCO,RECOMPRA,FIEL
SYN03404,23.0,RS,ONLINE,CONSORCIO,RANGER,PRIMEIRA_COMPRA,ECONOMICO
SYN03405,27.0,  sp  ,CONCESSIONARIA,CONSORCIO,TERRITORY,RECOMPRA,FIEL
SYN03406,54.0,PE,REVENDEDOR,CONSORCIO,TERRITORY,PRIMEIRA_COMPRA,ESQUECIDO
SYN03407,67.0,PR,CONCESSIONARIA,VISTA,MUSTANG,PRIMEIRA_COMPRA,FIEL
SYN03408,51.0,,REVENDEDOR,FINANCIAMENTO,BRONCO,PRIMEIRA_COMPRA,ABANDONO
SYN03409,43.0,PR,CONCESSIONARIA,CONSORCIO,RANGER,RECOMPRA,ECONOMICO
SYN03410,18.0,BA,CONCESSIONARIA,CONSORCIO,RANGER,RECOMPRA,ABANDONO
SYN03411,18.0,SP,REVENDEDOR,FINANCIAMENTO,MUSTANG,PRIMEIRA_COMPRA,ABANDONO
SYN03412,46.0,BA,ONLINE,FINANCIAMENTO,RANGER,RECOMPRA,ECONOMICO
SYN03413,39.0,PE,REVENDEDOR,FINANCIAMENTO,,RECOMPRA,ECONOMICO
SYN03414,29.0,BA,REVENDEDOR,CONSORCIO,TERRITORY,RECOMPRA,ABANDONO
SYN03415,45.0,PR,ONLINE,FINANCIAMENTO,TERRITORY,  primeira_compra  ,FIEL
SYN03416,46.0,SP,CONCESSIONARIA,FINANCIAMENTO,RANGER,PRIMEIRA_COMPRA,ECONOMICO
SYN03417,57.0,BA,ONLINE,VISTA,MUSTANG,RECOMPRA,FIEL
SYN03418,46.0,PE,REVENDEDOR,FINANCIAMENTO,RANGER,RECOMPRA,FIEL
SYN03419,61.0,RS,REVENDEDOR,CONSORCIO,MAVERICK,RECOMPRA,FIEL
SYN03420,44.0,PR,CONCESSIONARIA,,MUSTANG,PRIMEIRA_COMPRA,FIEL
SYN03421,42.0,PR,ONLINE,FINANCIAMENTO,MAVERICK,RECOMPRA,ECONOMICO
SYN03422,59.0,SP,CONCESSIONARIA,FINANCIAMENTO,RANGER,RECOMPRA,ECONOMICO
SYN03423,30.0,MG,ONLINE,VISTA,MAVERICK,,FIEL
SYN03424,83.0,PE,REVENDEDOR,VISTA,TERRITORY,RECOMPRA,ABANDONO
SYN03425,49.0,GO,REVENDEDOR,FINANCIAMENTO,BRONCO,PRIMEIRA_COMPRA,ECONOMICO
SYN03426,49.0,MG,CONCESSIONARIA,FINANCIAMENTO,TERRITORY,RECOMPRA,ABANDONO
SYN03427,51.0,RS,CONCESSIONARIA,CONSORCIO,MAVERICK,PRIMEIRA_COMPRA,ESQUECIDO
SYN03428,70.0,GO,CONCESSIONARIA,VISTA,  bronco  ,PRIMEIRA_COMPRA,ECONOMICO
SYN03429,55.0,RJ,CONCESSIONARIA,VISTA,RANGER,PRIMEIRA_COMPRA,FIEL
SYN03430,22.0,MG,CONCESSIONARIA,FINANCIAMENTO,BRONCO,RECOMPRA,FIEL
SYN03431,64.0,SP,REVENDEDOR,CONSORCIO,MAVERICK,PRIMEIRA_COMPRA,ESQUECIDO
SYN03432,39.0,RJ,CONCESSIONARIA,VISTA,MUSTANG,PRIMEIRA_COMPRA,ESQUECIDO
SYN03433,46.0,BA,CONCESSIONARIA,FINANCIAMENTO,MUSTANG,PRIMEIRA_COMPRA,FIEL
SYN03434,26.0,MG,ONLINE,CONSORCIO,RANGER,RECOMPRA,FIEL
SYN03435,51.0,GO,CONCESSIONARIA,CONSORCIO,MUSTANG,RECOMPRA,ESQUECIDO
SYN03436,35.0,GO,CONCESSIONARIA,VISTA,  bronco  ,PRIMEIRA_COMPRA,ABANDONO
SYN03437,45.0,GO,REVENDEDOR,VISTA,MAVERICK,PRIMEIRA_COMPRA,ECONOMICO
SYN03438,40.0,BA,CONCESSIONARIA,  financiamento  ,TERRITORY,PRIMEIRA_COMPRA,ECONOMICO
SYN03439,71.0,BA,CONCESSIONARIA,VISTA,MAVERICK,PRIMEIRA_COMPRA,ABANDONO
SYN03440,72.0,PR,ONLINE,FINANCIAMENTO,TERRITORY,RECOMPRA,ESQUECIDO
SYN03441,45.0,GO,CONCESSIONARIA,VISTA,BRONCO,PRIMEIRA_COMPRA,ESQUECIDO
SYN03442,45.0,SP,CONCESSIONARIA,FINANCIAMENTO,TERRITORY,PRIMEIRA_COMPRA,FIEL
SYN03443,39.0,BA,CONCESSIONARIA,FINANCIAMENTO,TERRITORY,RECOMPRA,FIEL
SYN03444,59.0,RJ,CONCESSIONARIA,CONSORCIO,BRONCO,PRIMEIRA_COMPRA,ABANDONO
SYN03445,39.0,MG,REVENDEDOR,  financiamento  ,MUSTANG,PRIMEIRA_COMPRA,ECONOMICO
SYN03446,38.0,MG,CONCESSIONARIA,CONSORCIO,MAVERICK,,ECONOMICO
SYN03447,58.0,PR,CONCESSIONARIA,FINANCIAMENTO,MAVERICK,PRIMEIRA_COMPRA,FIEL
SYN03448,,PE,CONCESSIONARIA,FINANCIAMENTO,TERRITORY,PRIMEIRA_COMPRA,ECONOMICO
SYN03449,43.0,SP,REVENDEDOR,FINANCIAMENTO,BRONCO,RECOMPRA,ESQUECIDO
SYN03450,22.0,PR,CONCESSIONARIA,FINANCIAMENTO,BRONCO,RECOMPRA,FIEL
SYN03451,54.0,RJ,REVENDEDOR,FINANCIAMENTO,MAVERICK,RECOMPRA,FIEL
SYN03452,71.0,SP,CONCESSIONARIA,FINANCIAMENTO,RANGER,RECOMPRA,ECONOMICO
SYN03453,54.0,RS,REVENDEDOR,VISTA,RANGER,PRIMEIRA_COMPRA,ABANDONO
SYN03454,64.0,PR,CONCESSIONARIA,FINANCIAMENTO,BRONCO,RECOMPRA,ESQUECIDO
SYN03455,32.0,RJ,CONCESSIONARIA,FINANCIAMENTO,MUSTANG,PRIMEIRA_COMPRA,ECONOMICO
SYN03456,47.0,RS,ONLINE,FINANCIAMENTO,MAVERICK,PRIMEIRA_COMPRA,ECONOMICO
SYN03457,31.0,GO,CONCESSIONARIA,FINANCIAMENTO,MUSTANG,PRIMEIRA_COMPRA,ESQUECIDO
SYN03458,41.0,MG,ONLINE,FINANCIAMENTO,TERRITORY,PRIMEIRA_COMPRA,ESQUECIDO
SYN03459,55.0,GO,ONLINE,FINANCIAMENTO,TERRITORY,PRIMEIRA_COMPRA,ECONOMICO
SYN03460,-5.0,PE,ONLINE,VISTA,MAVERICK,PRIMEIRA_COMPRA,ABANDONO
SYN03461,24.0,MG,CONCESSIONARIA,VISTA,RANGER,PRIMEIRA_COMPRA,FIEL
SYN03462,26.0,PR,ONLINE,CONSORCIO,MUSTANG,PRIMEIRA_COMPRA,ABANDONO
SYN03463,25.0,BA,CONCESSIONARIA,VISTA,MAVERICK,PRIMEIRA_COMPRA,ECONOMICO
SYN03464,51.0,RS,REVENDEDOR,VISTA,BRONCO,PRIMEIRA_COMPRA,ABANDONO
SYN03465,73.0,RS,ONLINE,FINANCIAMENTO,RANGER,PRIMEIRA_COMPRA,ECONOMICO
SYN03466,63.0,MG,ONLINE,FINANCIAMENTO,  territory  ,PRIMEIRA_COMPRA,FIEL
SYN03467,18.0,RJ,REVENDEDOR,VISTA,MUSTANG,  primeira_compra  ,ABANDONO
SYN03468,64.0,SP,ONLINE,,RANGER,PRIMEIRA_COMPRA,ECONOMICO
SYN03469,57.0,MG,ONLINE,FINANCIAMENTO,RANGER,PRIMEIRA_COMPRA,ESQUECIDO
SYN03470,22.0,PE,  concessionaria  ,CONSORCIO,TERRITORY,RECOMPRA,ESQUECIDO
SYN03471,40.0,RJ,  online  ,FINANCIAMENTO,TERRITORY,PRIMEIRA_COMPRA,ECONOMICO
SYN03472,59.0,RJ,CONCESSIONARIA,FINANCIAMENTO,MAVERICK,PRIMEIRA_COMPRA,ECONOMICO
SYN03473,52.0,MG,CONCESSIONARIA,CONSORCIO,RANGER,RECOMPRA,FIEL
SYN03474,26.0,PR,REVENDEDOR,FINANCIAMENTO,MAVERICK,PRIMEIRA_COMPRA,ECONOMICO
SYN03475,53.0,RJ,CONCESSIONARIA,FINANCIAMENTO,MAVERICK,PRIMEIRA_COMPRA,ESQUECIDO
SYN03476,18.0,RJ,ONLINE,FINANCIAMENTO,TERRITORY,PRIMEIRA_COMPRA,ABANDONO
SYN03477,41.0,SP,CONCESSIONARIA,FINANCIAMENTO,  bronco  ,RECOMPRA,FIEL
SYN03478,60.0,MG,CONCESSIONARIA,CONSORCIO,MAVERICK,PRIMEIRA_COMPRA,ABANDONO
SYN03479,44.0,RJ,REVENDEDOR,VISTA,MUSTANG,RECOMPRA,FIEL
SYN03480,37.0,PE,CONCESSIONARIA,FINANCIAMENTO,MAVERICK,RECOMPRA,ECONOMICO
SYN03481,56.0,GO,ONLINE,FINANCIAMENTO,MUSTANG,PRIMEIRA_COMPRA,ESQUECIDO
SYN03482,58.0,MG,ONLINE,FINANCIAMENTO,RANGER,PRIMEIRA_COMPRA,FIEL
SYN03483,62.0,SP,REVENDEDOR,VISTA,MAVERICK,PRIMEIRA_COMPRA,ABANDONO
SYN03484,56.0,SP,CONCESSIONARIA,FINANCIAMENTO,MAVERICK,PRIMEIRA_COMPRA,ECONOMICO
SYN03485,59.0,MG,ONLINE,FINANCIAMENTO,TERRITORY,PRIMEIRA_COMPRA,ESQUECIDO
SYN03486,54.0,RS,CONCESSIONARIA,VISTA,TERRITORY,PRIMEIRA_COMPRA,ESQUECIDO
SYN03487,48.0,PR,CONCESSIONARIA,CONSORCIO,RANGER,RECOMPRA,FIEL
SYN03488,45.0,MG,CONCESSIONARIA,CONSORCIO,MUSTANG,RECOMPRA,ECONOMICO
SYN03489,41.0,MG,CONCESSIONARIA,CONSORCIO,MUSTANG,RECOMPRA,FIEL
SYN03490,27.0,MG,ONLINE,VISTA,RANGER,PRIMEIRA_COMPRA,ESQUECIDO
SYN03491,31.0,PR,CONCESSIONARIA,VISTA,TERRITORY,RECOMPRA,FIEL
SYN03492,40.0,BA,CONCESSIONARIA,CONSORCIO,BRONCO,RECOMPRA,FIEL
SYN03493,47.0,SP,ONLINE,FINANCIAMENTO,MUSTANG,RECOMPRA,ECONOMICO
SYN03494,64.0,RS,,FINANCIAMENTO,MUSTANG,RECOMPRA,ECONOMICO
SYN03495,43.0,BA,CONCESSIONARIA,  financiamento  ,MUSTANG,PRIMEIRA_COMPRA,FIEL
SYN03496,58.0,BA,CONCESSIONARIA,CONSORCIO,MUSTANG,RECOMPRA,FIEL
SYN03497,59.0,PR,CONCESSIONARIA,CONSORCIO,MAVERICK,PRIMEIRA_COMPRA,ECONOMICO
SYN03498,41.0,PR,ONLINE,CONSORCIO,TERRITORY,RECOMPRA,FIEL
SYN03499,52.0,BA,REVENDEDOR,FINANCIAMENTO,MAVERICK,PRIMEIRA_COMPRA,ECONOMICO
SYN03500,41.0,RS,ONLINE,CONSORCIO,BRONCO,PRIMEIRA_COMPRA,ABANDONO
SYN03501,63.0,PR,ONLINE,FINANCIAMENTO,MUSTANG,PRIMEIRA_COMPRA,ABANDONO
SYN03502,53.0,MG,CONCESSIONARIA,FINANCIAMENTO,BRONCO,PRIMEIRA_COMPRA,FIEL
SYN03503,27.0,RS,REVENDEDOR,VISTA,MAVERICK,PRIMEIRA_COMPRA,ABANDONO
SYN03504,46.0,SP,CONCESSIONARIA,VISTA,  ranger  ,RECOMPRA,FIEL
SYN03505,67.0,MG,CONCESSIONARIA,CONSORCIO,MAVERICK,PRIMEIRA_COMPRA,ABANDONO
SYN03506,41.0,RJ,CONCESSIONARIA,FINANCIAMENTO,BRONCO,PRIMEIRA_COMPRA,ECONOMICO
SYN03507,50.0,RJ,CONCESSIONARIA,FINANCIAMENTO,BRONCO,PRIMEIRA_COMPRA,FIEL
SYN03508,52.0,RS,ONLINE,FINANCIAMENTO,MAVERICK,PRIMEIRA_COMPRA,ECONOMICO
SYN03509,29.0,PR,CONCESSIONARIA,FINANCIAMENTO,BRONCO,PRIMEIRA_COMPRA,FIEL
SYN03510,51.0,GO,CONCESSIONARIA,CONSORCIO,RANGER,RECOMPRA,ABANDONO
SYN03511,24.0,SP,CONCESSIONARIA,FINANCIAMENTO,TERRITORY,RECOMPRA,FIEL
SYN03512,35.0,GO,REVENDEDOR,FINANCIAMENTO,MUSTANG,PRIMEIRA_COMPRA,ECONOMICO
SYN03513,59.0,MG,ONLINE,FINANCIAMENTO,MUSTANG,PRIMEIRA_COMPRA,ECONOMICO
SYN03514,49.0,BA,REVENDEDOR,VISTA,MAVERICK,RECOMPRA,ECONOMICO
SYN03515,40.0,BA,REVENDEDOR,CONSORCIO,MAVERICK,PRIMEIRA_COMPRA,ECONOMICO
SYN03516,50.0,GO,REVENDEDOR,FINANCIAMENTO,TERRITORY,RECOMPRA,FIEL
SYN03517,43.0,SP,CONCESSIONARIA,FINANCIAMENTO,MAVERICK,PRIMEIRA_COMPRA,FIEL
SYN03518,44.0,GO,CONCESSIONARIA,CONSORCIO,BRONCO,RECOMPRA,FIEL
SYN03519,53.0,SP,CONCESSIONARIA,VISTA,RANGER,PRIMEIRA_COMPRA,ESQUECIDO
SYN03520,34.0,GO,CONCESSIONARIA,FINANCIAMENTO,MUSTANG,RECOMPRA,FIEL
SYN03521,45.0,BA,ONLINE,FINANCIAMENTO,,RECOMPRA,ECONOMICO
SYN03522,40.0,  rs  ,CONCESSIONARIA,CONSORCIO,RANGER,PRIMEIRA_COMPRA,ECONOMICO
SYN03523,22.0,RS,CONCESSIONARIA,VISTA,BRONCO,PRIMEIRA_COMPRA,FIEL
SYN03524,31.0,SP,ONLINE,FINANCIAMENTO,MAVERICK,PRIMEIRA_COMPRA,ABANDONO
SYN03525,66.0,PE,CONCESSIONARIA,FINANCIAMENTO,MAVERICK,PRIMEIRA_COMPRA,ESQUECIDO
SYN03526,49.0,BA,CONCESSIONARIA,FINANCIAMENTO,RANGER,RECOMPRA,FIEL
SYN03527,25.0,GO,CONCESSIONARIA,FINANCIAMENTO,RANGER,PRIMEIRA_COMPRA,ESQUECIDO
SYN03528,22.0,BA,ONLINE,FINANCIAMENTO,MUSTANG,PRIMEIRA_COMPRA,ABANDONO
SYN03529,42.0,GO,CONCESSIONARIA,FINANCIAMENTO,MUSTANG,PRIMEIRA_COMPRA,ECONOMICO
SYN03530,66.0,GO,CONCESSIONARIA,FINANCIAMENTO,MAVERICK,PRIMEIRA_COMPRA,ECONOMICO
SYN03531,41.0,RS,CONCESSIONARIA,FINANCIAMENTO,MAVERICK,RECOMPRA,FIEL
SYN03532,62.0,BA,ONLINE,FINANCIAMENTO,MAVERICK,PRIMEIRA_COMPRA,FIEL
SYN03533,49.0,MG,CONCESSIONARIA,FINANCIAMENTO,BRONCO,RECOMPRA,ECONOMICO
SYN03534,51.0,PE,CONCESSIONARIA,CONSORCIO,MAVERICK,PRIMEIRA_COMPRA,FIEL
SYN03535,25.0,PR,REVENDEDOR,FINANCIAMENTO,TERRITORY,RECOMPRA,ECONOMICO
SYN03536,57.0,RS,REVENDEDOR,CONSORCIO,RANGER,PRIMEIRA_COMPRA,ESQUECIDO
SYN03537,39.0,BA,CONCESSIONARIA,CONSORCIO,TERRITORY,PRIMEIRA_COMPRA,ECONOMICO
SYN03538,56.0,MG,CONCESSIONARIA,CONSORCIO,TERRITORY,PRIMEIRA_COMPRA,ECONOMICO
SYN03539,33.0,PR,CONCESSIONARIA,FINANCIAMENTO,TERRITORY,RECOMPRA,ECONOMICO
SYN03540,46.0,RS,ONLINE,FINANCIAMENTO,BRONCO,RECOMPRA,ESQUECIDO
SYN03541,49.0,MG,CONCESSIONARIA,VISTA,RANGER,RECOMPRA,FIEL
SYN03542,42.0,GO,  revendedor  ,FINANCIAMENTO,BRONCO,PRIMEIRA_COMPRA,ABANDONO
SYN03543,50.0,SP,REVENDEDOR,FINANCIAMENTO,BRONCO,PRIMEIRA_COMPRA,ECONOMICO
SYN03544,40.0,PE,ONLINE,FINANCIAMENTO,RANGER,PRIMEIRA_COMPRA,ECONOMICO
SYN03545,35.0,RJ,CONCESSIONARIA,VISTA,BRONCO,  recompra  ,FIEL
SYN03546,66.0,RJ,REVENDEDOR,CONSORCIO,MAVERICK,RECOMPRA,FIEL
SYN03547,59.0,RJ,  online  ,FINANCIAMENTO,BRONCO,PRIMEIRA_COMPRA,FIEL
SYN03548,33.0,SP,ONLINE,CONSORCIO,RANGER,PRIMEIRA_COMPRA,ABANDONO
SYN03549,52.0,SP,CONCESSIONARIA,VISTA,MAVERICK,PRIMEIRA_COMPRA,FIEL
SYN03550,34.0,PE,ONLINE,FINANCIAMENTO,BRONCO,PRIMEIRA_COMPRA,ABANDONO
SYN03551,27.0,GO,REVENDEDOR,FINANCIAMENTO,BRONCO,  recompra  ,ABANDONO
SYN03552,58.0,PR,REVENDEDOR,FINANCIAMENTO,RANGER,RECOMPRA,ECONOMICO
SYN03553,20.0,SP,ONLINE,CONSORCIO,RANGER,PRIMEIRA_COMPRA,ESQUECIDO
SYN03554,57.0,  pe  ,  online  ,VISTA,RANGER,RECOMPRA,ECONOMICO
SYN03555,40.0,PR,CONCESSIONARIA,VISTA,MUSTANG,RECOMPRA,ECONOMICO
SYN03556,41.0,PR,ONLINE,VISTA,TERRITORY,PRIMEIRA_COMPRA,FIEL
SYN03557,50.0,GO,REVENDEDOR,FINANCIAMENTO,BRONCO,PRIMEIRA_COMPRA,ESQUECIDO
SYN03558,52.0,RS,ONLINE,CONSORCIO,MAVERICK,PRIMEIRA_COMPRA,ABANDONO
SYN03559,32.0,MG,CONCESSIONARIA,CONSORCIO,MAVERICK,RECOMPRA,ECONOMICO
SYN03560,54.0,PE,CONCESSIONARIA,VISTA,RANGER,PRIMEIRA_COMPRA,ABANDONO
SYN03561,,PR,  online  ,FINANCIAMENTO,MUSTANG,PRIMEIRA_COMPRA,FIEL
SYN03562,26.0,BA,REVENDEDOR,FINANCIAMENTO,TERRITORY,PRIMEIRA_COMPRA,ABANDONO
SYN03563,42.0,BA,CONCESSIONARIA,FINANCIAMENTO,MAVERICK,RECOMPRA,ESQUECIDO
SYN03564,63.0,PE,CONCESSIONARIA,FINANCIAMENTO,MUSTANG,PRIMEIRA_COMPRA,FIEL
SYN03565,67.0,MG,REVENDEDOR,VISTA,BRONCO,RECOMPRA,FIEL
SYN03566,54.0,SP,ONLINE,VISTA,RANGER,PRIMEIRA_COMPRA,ECONOMICO
SYN03567,27.0,RS,CONCESSIONARIA,CONSORCIO,BRONCO,RECOMPRA,FIEL
SYN03568,51.0,BA,CONCESSIONARIA,FINANCIAMENTO,TERRITORY,PRIMEIRA_COMPRA,ECONOMICO
SYN03569,56.0,PE,CONCESSIONARIA,,MUSTANG,PRIMEIRA_COMPRA,ECONOMICO
SYN03570,54.0,MG,CONCESSIONARIA,FINANCIAMENTO,MAVERICK,RECOMPRA,FIEL
SYN03571,55.0,BA,ONLINE,CONSORCIO,MUSTANG,PRIMEIRA_COMPRA,FIEL
SYN03572,49.0,PE,ONLINE,VISTA,MUSTANG,PRIMEIRA_COMPRA,FIEL
SYN03573,43.0,PE,ONLINE,FINANCIAMENTO,RANGER,RECOMPRA,ECONOMICO
SYN03574,35.0,PE,ONLINE,VISTA,RANGER,PRIMEIRA_COMPRA,ESQUECIDO
SYN03575,18.0,GO,CONCESSIONARIA,VISTA,MAVERICK,PRIMEIRA_COMPRA,ABANDONO
SYN03576,49.0,BA,CONCESSIONARIA,FINANCIAMENTO,MAVERICK,RECOMPRA,ECONOMICO
SYN03577,47.0,MG,CONCESSIONARIA,FINANCIAMENTO,MUSTANG,RECOMPRA,FIEL
SYN03578,52.0,RS,CONCESSIONARIA,FINANCIAMENTO,MAVERICK,PRIMEIRA_COMPRA,FIEL
SYN03579,25.0,BA,  online  ,FINANCIAMENTO,MUSTANG,PRIMEIRA_COMPRA,ABANDONO
SYN03580,53.0,RJ,CONCESSIONARIA,VISTA,TERRITORY,PRIMEIRA_COMPRA,ECONOMICO
SYN03581,73.0,PR,ONLINE,FINANCIAMENTO,RANGER,PRIMEIRA_COMPRA,ABANDONO
SYN03582,45.0,  pr  ,CONCESSIONARIA,VISTA,RANGER,PRIMEIRA_COMPRA,ESQUECIDO
SYN03583,43.0,BA,CONCESSIONARIA,VISTA,BRONCO,PRIMEIRA_COMPRA,FIEL
SYN03584,48.0,RS,CONCESSIONARIA,VISTA,RANGER,RECOMPRA,ESQUECIDO
SYN03585,72.0,BA,ONLINE,CONSORCIO,BRONCO,PRIMEIRA_COMPRA,ECONOMICO
SYN03586,30.0,SP,ONLINE,FINANCIAMENTO,BRONCO,PRIMEIRA_COMPRA,ABANDONO
SYN03587,47.0,BA,REVENDEDOR,VISTA,TERRITORY,RECOMPRA,FIEL
SYN03588,33.0,PE,CONCESSIONARIA,FINANCIAMENTO,BRONCO,RECOMPRA,ESQUECIDO
SYN03589,36.0,GO,ONLINE,VISTA,MAVERICK,RECOMPRA,FIEL
SYN03590,43.0,GO,ONLINE,VISTA,  ranger  ,PRIMEIRA_COMPRA,FIEL
SYN03591,63.0,MG,CONCESSIONARIA,FINANCIAMENTO,BRONCO,PRIMEIRA_COMPRA,ESQUECIDO
SYN03592,69.0,SP,CONCESSIONARIA,FINANCIAMENTO,MUSTANG,  recompra  ,FIEL
SYN03593,50.0,BA,CONCESSIONARIA,VISTA,TERRITORY,PRIMEIRA_COMPRA,ECONOMICO
SYN03594,39.0,  sp  ,CONCESSIONARIA,VISTA,MAVERICK,PRIMEIRA_COMPRA,FIEL
SYN03595,79.0,MG,REVENDEDOR,VISTA,TERRITORY,PRIMEIRA_COMPRA,FIEL
SYN03596,38.0,BA,CONCESSIONARIA,FINANCIAMENTO,TERRITORY,RECOMPRA,ESQUECIDO
SYN03597,36.0,,ONLINE,VISTA,MUSTANG,PRIMEIRA_COMPRA,ESQUECIDO
SYN03598,19.0,PR,ONLINE,VISTA,TERRITORY,PRIMEIRA_COMPRA,ABANDONO
SYN03599,64.0,PE,CONCESSIONARIA,FINANCIAMENTO,MUSTANG,PRIMEIRA_COMPRA,ESQUECIDO
SYN03600,58.0,RJ,ONLINE,VISTA,MAVERICK,RECOMPRA,FIEL
SYN03601,78.0,PE,CONCESSIONARIA,VISTA,MUSTANG,PRIMEIRA_COMPRA,FIEL
SYN03602,25.0,PR,CONCESSIONARIA,  consorcio  ,MUSTANG,PRIMEIRA_COMPRA,ECONOMICO
SYN03603,64.0,RS,CONCESSIONARIA,  financiamento  ,MUSTANG,RECOMPRA,FIEL
SYN03604,45.0,RS,CONCESSIONARIA,FINANCIAMENTO,BRONCO,  primeira_compra  ,ESQUECIDO
SYN03605,55.0,PR,CONCESSIONARIA,CONSORCIO,MUSTANG,PRIMEIRA_COMPRA,FIEL
SYN03606,21.0,PR,ONLINE,CONSORCIO,RANGER,PRIMEIRA_COMPRA,ABANDONO
SYN03607,65.0,MG,ONLINE,FINANCIAMENTO,BRONCO,PRIMEIRA_COMPRA,ECONOMICO
SYN03608,55.0,RJ,ONLINE,CONSORCIO,TERRITORY,  primeira_compra  ,ESQUECIDO
SYN03609,43.0,RJ,CONCESSIONARIA,FINANCIAMENTO,RANGER,PRIMEIRA_COMPRA,FIEL
SYN03610,53.0,MG,REVENDEDOR,CONSORCIO,MUSTANG,PRIMEIRA_COMPRA,ABANDONO
SYN03611,33.0,MG,CONCESSIONARIA,FINANCIAMENTO,  mustang  ,RECOMPRA,FIEL
SYN03612,36.0,PR,REVENDEDOR,FINANCIAMENTO,MAVERICK,PRIMEIRA_COMPRA,ABANDONO
SYN03613,38.0,GO,ONLINE,CONSORCIO,MAVERICK,PRIMEIRA_COMPRA,ECONOMICO
SYN03614,18.0,SP,ONLINE,FINANCIAMENTO,MAVERICK,  recompra  ,FIEL
SYN03615,56.0,MG,,CONSORCIO,TERRITORY,RECOMPRA,FIEL
SYN03616,61.0,SP,ONLINE,FINANCIAMENTO,MAVERICK,PRIMEIRA_COMPRA,ESQUECIDO
SYN03617,34.0,GO,ONLINE,FINANCIAMENTO,  mustang  ,PRIMEIRA_COMPRA,ECONOMICO
SYN03618,49.0,BA,CONCESSIONARIA,CONSORCIO,TERRITORY,PRIMEIRA_COMPRA,FIEL
SYN03619,40.0,RJ,ONLINE,VISTA,TERRITORY,RECOMPRA,ABANDONO
SYN03620,49.0,RS,CONCESSIONARIA,CONSORCIO,RANGER,RECOMPRA,FIEL
SYN03621,35.0,BA,ONLINE,CONSORCIO,MUSTANG,PRIMEIRA_COMPRA,FIEL
SYN03622,32.0,GO,ONLINE,FINANCIAMENTO,BRONCO,PRIMEIRA_COMPRA,ABANDONO
SYN03623,59.0,PR,REVENDEDOR,FINANCIAMENTO,BRONCO,PRIMEIRA_COMPRA,ECONOMICO
SYN03624,43.0,MG,CONCESSIONARIA,FINANCIAMENTO,TERRITORY,RECOMPRA,FIEL
SYN03625,72.0,BA,CONCESSIONARIA,  vista  ,RANGER,PRIMEIRA_COMPRA,ECONOMICO
SYN03626,45.0,BA,CONCESSIONARIA,FINANCIAMENTO,MUSTANG,PRIMEIRA_COMPRA,ESQUECIDO
SYN03627,31.0,BA,CONCESSIONARIA,FINANCIAMENTO,MUSTANG,PRIMEIRA_COMPRA,ECONOMICO
SYN03628,61.0,  sp  ,ONLINE,CONSORCIO,TERRITORY,RECOMPRA,FIEL
SYN03629,53.0,BA,CONCESSIONARIA,,,RECOMPRA,FIEL
SYN03630,54.0,SP,ONLINE,VISTA,BRONCO,PRIMEIRA_COMPRA,ESQUECIDO
SYN03631,61.0,GO,CONCESSIONARIA,FINANCIAMENTO,MAVERICK,RECOMPRA,FIEL
SYN03632,35.0,GO,CONCESSIONARIA,FINANCIAMENTO,RANGER,PRIMEIRA_COMPRA,ECONOMICO
SYN03633,42.0,PR,CONCESSIONARIA,FINANCIAMENTO,MAVERICK,,ECONOMICO
SYN03634,42.0,BA,CONCESSIONARIA,FINANCIAMENTO,RANGER,RECOMPRA,ESQUECIDO
SYN03635,26.0,SP,CONCESSIONARIA,  vista  ,TERRITORY,PRIMEIRA_COMPRA,ECONOMICO
SYN03636,40.0,PE,CONCESSIONARIA,FINANCIAMENTO,TERRITORY,PRIMEIRA_COMPRA,FIEL
SYN03637,63.0,MG,CONCESSIONARIA,CONSORCIO,TERRITORY,PRIMEIRA_COMPRA,ESQUECIDO
SYN03638,47.0,MG,CONCESSIONARIA,CONSORCIO,MUSTANG,RECOMPRA,ABANDONO
SYN03639,25.0,BA,ONLINE,FINANCIAMENTO,RANGER,PRIMEIRA_COMPRA,ECONOMICO
SYN03640,22.0,GO,REVENDEDOR,CONSORCIO,MUSTANG,PRIMEIRA_COMPRA,ESQUECIDO
SYN03641,67.0,RS,ONLINE,CONSORCIO,RANGER,PRIMEIRA_COMPRA,ESQUECIDO
SYN03642,43.0,PR,CONCESSIONARIA,FINANCIAMENTO,MUSTANG,PRIMEIRA_COMPRA,ECONOMICO
SYN03643,35.0,PR,CONCESSIONARIA,CONSORCIO,TERRITORY,PRIMEIRA_COMPRA,FIEL
SYN03644,40.0,MG,CONCESSIONARIA,FINANCIAMENTO,MUSTANG,RECOMPRA,FIEL
SYN03645,23.0,PR,ONLINE,VISTA,BRONCO,PRIMEIRA_COMPRA,FIEL
SYN03646,64.0,GO,ONLINE,FINANCIAMENTO,BRONCO,PRIMEIRA_COMPRA,FIEL
SYN03647,38.0,RS,CONCESSIONARIA,CONSORCIO,RANGER,PRIMEIRA_COMPRA,ESQUECIDO
SYN03648,63.0,PE,CONCESSIONARIA,CONSORCIO,BRONCO,RECOMPRA,FIEL
SYN03649,45.0,PE,CONCESSIONARIA,CONSORCIO,BRONCO,PRIMEIRA_COMPRA,ABANDONO
SYN03650,64.0,PE,CONCESSIONARIA,CONSORCIO,MUSTANG,PRIMEIRA_COMPRA,ECONOMICO
SYN03651,48.0,BA,REVENDEDOR,FINANCIAMENTO,TERRITORY,PRIMEIRA_COMPRA,ECONOMICO
SYN03652,56.0,GO,CONCESSIONARIA,VISTA,RANGER,PRIMEIRA_COMPRA,ESQUECIDO
SYN03653,54.0,BA,CONCESSIONARIA,FINANCIAMENTO,TERRITORY,PRIMEIRA_COMPRA,ESQUECIDO
SYN03654,53.0,GO,CONCESSIONARIA,FINANCIAMENTO,TERRITORY,PRIMEIRA_COMPRA,ABANDONO
SYN03655,49.0,BA,CONCESSIONARIA,  financiamento  ,MUSTANG,PRIMEIRA_COMPRA,ESQUECIDO
SYN03656,41.0,PE,CONCESSIONARIA,CONSORCIO,RANGER,PRIMEIRA_COMPRA,ABANDONO
SYN03657,71.0,GO,CONCESSIONARIA,VISTA,MUSTANG,PRIMEIRA_COMPRA,FIEL
SYN03658,31.0,  go  ,CONCESSIONARIA,FINANCIAMENTO,RANGER,PRIMEIRA_COMPRA,ECONOMICO
SYN03659,44.0,PR,CONCESSIONARIA,CONSORCIO,MUSTANG,RECOMPRA,FIEL
SYN03660,44.0,BA,ONLINE,CONSORCIO,BRONCO,PRIMEIRA_COMPRA,FIEL
SYN03661,50.0,GO,ONLINE,FINANCIAMENTO,RANGER,PRIMEIRA_COMPRA,ECONOMICO
SYN03662,38.0,RS,CONCESSIONARIA,FINANCIAMENTO,MAVERICK,RECOMPRA,FIEL
SYN03663,,SP,REVENDEDOR,VISTA,MAVERICK,PRIMEIRA_COMPRA,ABANDONO
SYN03664,42.0,GO,CONCESSIONARIA,VISTA,MUSTANG,RECOMPRA,FIEL
SYN03665,22.0,BA,REVENDEDOR,FINANCIAMENTO,RANGER,PRIMEIRA_COMPRA,FIEL
SYN03666,44.0,RS,REVENDEDOR,VISTA,MAVERICK,RECOMPRA,FIEL
SYN03667,29.0,BA,CONCESSIONARIA,FINANCIAMENTO,BRONCO,PRIMEIRA_COMPRA,ABANDONO
SYN03668,20.0,SP,CONCESSIONARIA,VISTA,BRONCO,PRIMEIRA_COMPRA,FIEL
SYN03669,46.0,RS,REVENDEDOR,FINANCIAMENTO,MUSTANG,RECOMPRA,ECONOMICO
SYN03670,51.0,MG,CONCESSIONARIA,FINANCIAMENTO,BRONCO,PRIMEIRA_COMPRA,ECONOMICO
SYN03671,51.0,MG,CONCESSIONARIA,FINANCIAMENTO,,PRIMEIRA_COMPRA,ESQUECIDO
SYN03672,52.0,GO,ONLINE,VISTA,BRONCO,PRIMEIRA_COMPRA,ECONOMICO
SYN03673,18.0,PR,CONCESSIONARIA,FINANCIAMENTO,MUSTANG,PRIMEIRA_COMPRA,ESQUECIDO
SYN03674,25.0,RJ,REVENDEDOR,FINANCIAMENTO,MUSTANG,RECOMPRA,FIEL
SYN03675,72.0,MG,ONLINE,FINANCIAMENTO,MAVERICK,PRIMEIRA_COMPRA,ESQUECIDO
SYN03676,29.0,RJ,REVENDEDOR,CONSORCIO,RANGER,PRIMEIRA_COMPRA,ABANDONO
SYN03677,53.0,GO,ONLINE,FINANCIAMENTO,TERRITORY,PRIMEIRA_COMPRA,ESQUECIDO
SYN03678,34.0,MG,ONLINE,FINANCIAMENTO,RANGER,PRIMEIRA_COMPRA,ECONOMICO
SYN03679,45.0,MG,ONLINE,FINANCIAMENTO,RANGER,RECOMPRA,FIEL
SYN03680,35.0,MG,REVENDEDOR,VISTA,MUSTANG,PRIMEIRA_COMPRA,ABANDONO
SYN03681,52.0,RJ,REVENDEDOR,FINANCIAMENTO,MUSTANG,PRIMEIRA_COMPRA,FIEL
SYN03682,46.0,PE,  revendedor  ,FINANCIAMENTO,RANGER,PRIMEIRA_COMPRA,ECONOMICO
SYN03683,38.0,PR,ONLINE,CONSORCIO,BRONCO,PRIMEIRA_COMPRA,FIEL
SYN03684,29.0,RS,ONLINE,VISTA,TERRITORY,PRIMEIRA_COMPRA,ECONOMICO
SYN03685,48.0,RS,CONCESSIONARIA,VISTA,RANGER,RECOMPRA,FIEL
SYN03686,27.0,BA,REVENDEDOR,FINANCIAMENTO,TERRITORY,  primeira_compra  ,ECONOMICO
SYN03687,50.0,SP,CONCESSIONARIA,CONSORCIO,RANGER,PRIMEIRA_COMPRA,ABANDONO
SYN03688,81.0,GO,CONCESSIONARIA,CONSORCIO,MAVERICK,RECOMPRA,FIEL
SYN03689,63.0,PR,CONCESSIONARIA,VISTA,MUSTANG,PRIMEIRA_COMPRA,FIEL
SYN03690,54.0,RJ,ONLINE,VISTA,BRONCO,RECOMPRA,FIEL
SYN03691,43.0,PR,ONLINE,CONSORCIO,TERRITORY,PRIMEIRA_COMPRA,FIEL
SYN03692,18.0,PE,CONCESSIONARIA,CONSORCIO,BRONCO,PRIMEIRA_COMPRA,FIEL
SYN03693,25.0,RJ,CONCESSIONARIA,FINANCIAMENTO,MUSTANG,PRIMEIRA_COMPRA,ECONOMICO
SYN03694,62.0,,CONCESSIONARIA,CONSORCIO,RANGER,PRIMEIRA_COMPRA,ESQUECIDO
SYN03695,33.0,PR,CONCESSIONARIA,VISTA,MAVERICK,RECOMPRA,FIEL
SYN03696,34.0,PE,CONCESSIONARIA,VISTA,RANGER,PRIMEIRA_COMPRA,ESQUECIDO
SYN03697,42.0,PR,ONLINE,FINANCIAMENTO,TERRITORY,  primeira_compra  ,ECONOMICO
SYN03698,29.0,BA,CONCESSIONARIA,FINANCIAMENTO,BRONCO,RECOMPRA,ECONOMICO
SYN03699,27.0,PE,CONCESSIONARIA,CONSORCIO,TERRITORY,PRIMEIRA_COMPRA,ABANDONO
SYN03700,43.0,GO,CONCESSIONARIA,VISTA,RANGER,PRIMEIRA_COMPRA,ABANDONO
SYN03701,32.0,MG,ONLINE,FINANCIAMENTO,MAVERICK,PRIMEIRA_COMPRA,ECONOMICO
SYN03702,34.0,BA,REVENDEDOR,VISTA,MAVERICK,PRIMEIRA_COMPRA,ECONOMICO
SYN03703,33.0,RJ,CONCESSIONARIA,FINANCIAMENTO,BRONCO,RECOMPRA,ECONOMICO
SYN03704,51.0,PE,CONCESSIONARIA,FINANCIAMENTO,BRONCO,PRIMEIRA_COMPRA,ECONOMICO
SYN03705,41.0,GO,ONLINE,VISTA,RANGER,PRIMEIRA_COMPRA,ESQUECIDO
SYN03706,41.0,MG,CONCESSIONARIA,VISTA,MAVERICK,PRIMEIRA_COMPRA,ECONOMICO
SYN03707,52.0,PR,REVENDEDOR,FINANCIAMENTO,TERRITORY,PRIMEIRA_COMPRA,ESQUECIDO
SYN03708,42.0,PE,REVENDEDOR,FINANCIAMENTO,TERRITORY,PRIMEIRA_COMPRA,ABANDONO
SYN03709,40.0,SP,ONLINE,FINANCIAMENTO,MUSTANG,PRIMEIRA_COMPRA,ECONOMICO
SYN03710,51.0,BA,REVENDEDOR,VISTA,MAVERICK,PRIMEIRA_COMPRA,ECONOMICO
SYN03711,53.0,PE,CONCESSIONARIA,CONSORCIO,MAVERICK,PRIMEIRA_COMPRA,FIEL
SYN03712,42.0,,CONCESSIONARIA,VISTA,TERRITORY,PRIMEIRA_COMPRA,FIEL
SYN03713,45.0,RJ,CONCESSIONARIA,VISTA,BRONCO,PRIMEIRA_COMPRA,ECONOMICO
SYN03714,33.0,PE,CONCESSIONARIA,FINANCIAMENTO,RANGER,PRIMEIRA_COMPRA,ABANDONO
SYN03715,32.0,PE,CONCESSIONARIA,FINANCIAMENTO,TERRITORY,PRIMEIRA_COMPRA,ECONOMICO
SYN03716,55.0,SP,CONCESSIONARIA,CONSORCIO,MUSTANG,RECOMPRA,FIEL
SYN03717,50.0,BA,ONLINE,VISTA,BRONCO,PRIMEIRA_COMPRA,FIEL
SYN03718,50.0,BA,CONCESSIONARIA,FINANCIAMENTO,MAVERICK,PRIMEIRA_COMPRA,ECONOMICO
SYN03719,48.0,GO,ONLINE,VISTA,MAVERICK,RECOMPRA,ECONOMICO
SYN03720,45.0,SP,,VISTA,MUSTANG,PRIMEIRA_COMPRA,ABANDONO
SYN03721,54.0,GO,CONCESSIONARIA,FINANCIAMENTO,RANGER,PRIMEIRA_COMPRA,FIEL
SYN03722,,PR,CONCESSIONARIA,  financiamento  ,BRONCO,RECOMPRA,FIEL
SYN03723,57.0,MG,ONLINE,VISTA,MUSTANG,PRIMEIRA_COMPRA,FIEL
SYN03724,43.0,RS,ONLINE,FINANCIAMENTO,RANGER,PRIMEIRA_COMPRA,ECONOMICO
SYN03725,63.0,  pe  ,ONLINE,FINANCIAMENTO,MUSTANG,PRIMEIRA_COMPRA,ESQUECIDO
SYN03726,47.0,GO,CONCESSIONARIA,CONSORCIO,BRONCO,PRIMEIRA_COMPRA,ECONOMICO
SYN03727,53.0,MG,CONCESSIONARIA,CONSORCIO,TERRITORY,PRIMEIRA_COMPRA,ECONOMICO
SYN03728,48.0,GO,REVENDEDOR,FINANCIAMENTO,MAVERICK,PRIMEIRA_COMPRA,ESQUECIDO
SYN03729,47.0,BA,CONCESSIONARIA,FINANCIAMENTO,MUSTANG,  primeira_compra  ,FIEL
SYN03730,34.0,  rj  ,CONCESSIONARIA,FINANCIAMENTO,RANGER,PRIMEIRA_COMPRA,ECONOMICO
SYN03731,54.0,PR,CONCESSIONARIA,FINANCIAMENTO,MAVERICK,PRIMEIRA_COMPRA,FIEL
SYN03732,84.0,PE,CONCESSIONARIA,CONSORCIO,MUSTANG,PRIMEIRA_COMPRA,ECONOMICO
SYN03733,39.0,SP,CONCESSIONARIA,VISTA,MAVERICK,PRIMEIRA_COMPRA,ABANDONO
SYN03734,45.0,SP,CONCESSIONARIA,FINANCIAMENTO,BRONCO,PRIMEIRA_COMPRA,ABANDONO
SYN03735,38.0,SP,ONLINE,VISTA,RANGER,PRIMEIRA_COMPRA,ABANDONO
SYN03736,37.0,PR,REVENDEDOR,FINANCIAMENTO,BRONCO,PRIMEIRA_COMPRA,ABANDONO
SYN03737,66.0,SP,CONCESSIONARIA,VISTA,MUSTANG,RECOMPRA,ABANDONO
SYN03738,35.0,GO,CONCESSIONARIA,CONSORCIO,MAVERICK,RECOMPRA,FIEL
SYN03739,37.0,RJ,REVENDEDOR,FINANCIAMENTO,BRONCO,PRIMEIRA_COMPRA,ABANDONO
SYN03740,22.0,SP,CONCESSIONARIA,FINANCIAMENTO,TERRITORY,  primeira_compra  ,ESQUECIDO
SYN03741,33.0,MG,REVENDEDOR,CONSORCIO,MUSTANG,RECOMPRA,ABANDONO
SYN03742,20.0,PE,CONCESSIONARIA,FINANCIAMENTO,MUSTANG,PRIMEIRA_COMPRA,ECONOMICO
SYN03743,53.0,GO,ONLINE,FINANCIAMENTO,TERRITORY,  recompra  ,ECONOMICO
SYN03744,83.0,MG,REVENDEDOR,FINANCIAMENTO,MUSTANG,RECOMPRA,ABANDONO
SYN03745,39.0,PR,CONCESSIONARIA,FINANCIAMENTO,TERRITORY,RECOMPRA,ECONOMICO
SYN03746,21.0,PE,REVENDEDOR,VISTA,MUSTANG,PRIMEIRA_COMPRA,ABANDONO
SYN03747,57.0,PE,ONLINE,FINANCIAMENTO,MUSTANG,PRIMEIRA_COMPRA,FIEL
SYN03748,34.0,  rj  ,REVENDEDOR,FINANCIAMENTO,MAVERICK,PRIMEIRA_COMPRA,FIEL
SYN03749,62.0,PE,CONCESSIONARIA,FINANCIAMENTO,BRONCO,PRIMEIRA_COMPRA,ECONOMICO
SYN03750,40.0,PE,CONCESSIONARIA,VISTA,TERRITORY,RECOMPRA,FIEL
SYN03751,35.0,BA,CONCESSIONARIA,CONSORCIO,RANGER,RECOMPRA,ECONOMICO
SYN03752,42.0,PR,REVENDEDOR,VISTA,RANGER,PRIMEIRA_COMPRA,ABANDONO
SYN03753,55.0,RS,CONCESSIONARIA,VISTA,MUSTANG,PRIMEIRA_COMPRA,FIEL
SYN03754,41.0,GO,CONCESSIONARIA,CONSORCIO,MAVERICK,RECOMPRA,FIEL
SYN03755,37.0,PE,REVENDEDOR,FINANCIAMENTO,TERRITORY,RECOMPRA,ESQUECIDO
SYN03756,41.0,PR,CONCESSIONARIA,FINANCIAMENTO,BRONCO,RECOMPRA,FIEL
SYN03757,26.0,BA,ONLINE,FINANCIAMENTO,MUSTANG,PRIMEIRA_COMPRA,ECONOMICO
SYN03758,50.0,RS,CONCESSIONARIA,FINANCIAMENTO,MAVERICK,RECOMPRA,ESQUECIDO
SYN03759,19.0,BA,ONLINE,CONSORCIO,MUSTANG,PRIMEIRA_COMPRA,ABANDONO
SYN03760,38.0,SP,CONCESSIONARIA,FINANCIAMENTO,RANGER,PRIMEIRA_COMPRA,ECONOMICO
SYN03761,55.0,GO,CONCESSIONARIA,CONSORCIO,RANGER,PRIMEIRA_COMPRA,ABANDONO
SYN03762,48.0,,ONLINE,FINANCIAMENTO,MAVERICK,PRIMEIRA_COMPRA,ECONOMICO
SYN03763,52.0,PR,CONCESSIONARIA,FINANCIAMENTO,BRONCO,RECOMPRA,FIEL
SYN03764,43.0,RJ,CONCESSIONARIA,FINANCIAMENTO,MAVERICK,PRIMEIRA_COMPRA,ECONOMICO
SYN03765,60.0,PR,CONCESSIONARIA,FINANCIAMENTO,MUSTANG,PRIMEIRA_COMPRA,ABANDONO
SYN03766,57.0,SP,ONLINE,FINANCIAMENTO,RANGER,PRIMEIRA_COMPRA,FIEL
SYN03767,50.0,  go  ,CONCESSIONARIA,VISTA,MUSTANG,RECOMPRA,ABANDONO
SYN03768,57.0,BA,CONCESSIONARIA,FINANCIAMENTO,RANGER,PRIMEIRA_COMPRA,ESQUECIDO
SYN03769,55.0,RS,CONCESSIONARIA,CONSORCIO,BRONCO,PRIMEIRA_COMPRA,ESQUECIDO
SYN03770,38.0,PE,CONCESSIONARIA,CONSORCIO,MUSTANG,PRIMEIRA_COMPRA,ESQUECIDO
SYN03771,25.0,PE,ONLINE,FINANCIAMENTO,MAVERICK,PRIMEIRA_COMPRA,FIEL
SYN03772,50.0,SP,CONCESSIONARIA,CONSORCIO,TERRITORY,PRIMEIRA_COMPRA,FIEL
SYN03773,52.0,SP,REVENDEDOR,FINANCIAMENTO,MAVERICK,PRIMEIRA_COMPRA,ECONOMICO
SYN03774,59.0,MG,ONLINE,FINANCIAMENTO,MUSTANG,PRIMEIRA_COMPRA,ESQUECIDO
SYN03775,31.0,SP,REVENDEDOR,FINANCIAMENTO,TERRITORY,RECOMPRA,ABANDONO
SYN03776,31.0,PR,ONLINE,VISTA,MUSTANG,RECOMPRA,FIEL
SYN03777,50.0,PR,CONCESSIONARIA,VISTA,MAVERICK,PRIMEIRA_COMPRA,FIEL
SYN03778,43.0,PR,REVENDEDOR,VISTA,RANGER,PRIMEIRA_COMPRA,ESQUECIDO
SYN03779,18.0,SP,ONLINE,CONSORCIO,TERRITORY,PRIMEIRA_COMPRA,ECONOMICO
SYN03780,49.0,GO,ONLINE,FINANCIAMENTO,MUSTANG,PRIMEIRA_COMPRA,ESQUECIDO
SYN03781,18.0,GO,CONCESSIONARIA,CONSORCIO,TERRITORY,PRIMEIRA_COMPRA,ESQUECIDO
SYN03782,31.0,PR,CONCESSIONARIA,VISTA,MUSTANG,RECOMPRA,FIEL
SYN03783,63.0,SP,ONLINE,FINANCIAMENTO,BRONCO,RECOMPRA,ESQUECIDO
SYN03784,70.0,RS,CONCESSIONARIA,FINANCIAMENTO,TERRITORY,PRIMEIRA_COMPRA,ECONOMICO
SYN03785,27.0,BA,ONLINE,FINANCIAMENTO,MUSTANG,RECOMPRA,FIEL
SYN03786,39.0,BA,CONCESSIONARIA,FINANCIAMENTO,MAVERICK,RECOMPRA,ECONOMICO
SYN03787,45.0,RJ,ONLINE,VISTA,TERRITORY,PRIMEIRA_COMPRA,FIEL
SYN03788,69.0,PE,CONCESSIONARIA,FINANCIAMENTO,MAVERICK,RECOMPRA,FIEL
SYN03789,37.0,GO,CONCESSIONARIA,FINANCIAMENTO,TERRITORY,RECOMPRA,FIEL
SYN03790,37.0,PR,CONCESSIONARIA,VISTA,MUSTANG,RECOMPRA,FIEL
SYN03791,66.0,RS,REVENDEDOR,VISTA,RANGER,RECOMPRA,FIEL
SYN03792,39.0,PR,ONLINE,CONSORCIO,MAVERICK,PRIMEIRA_COMPRA,FIEL
SYN03793,54.0,SP,REVENDEDOR,VISTA,RANGER,PRIMEIRA_COMPRA,FIEL
SYN03794,23.0,PR,  online  ,VISTA,MAVERICK,RECOMPRA,FIEL
SYN03795,42.0,SP,ONLINE,FINANCIAMENTO,MUSTANG,PRIMEIRA_COMPRA,FIEL
SYN03796,21.0,SP,ONLINE,VISTA,MAVERICK,PRIMEIRA_COMPRA,ABANDONO
SYN03797,29.0,PR,REVENDEDOR,FINANCIAMENTO,BRONCO,PRIMEIRA_COMPRA,ECONOMICO
SYN03798,56.0,PR,REVENDEDOR,FINANCIAMENTO,MUSTANG,PRIMEIRA_COMPRA,ESQUECIDO
SYN03799,43.0,GO,ONLINE,CONSORCIO,RANGER,PRIMEIRA_COMPRA,FIEL
SYN03800,40.0,PR,CONCESSIONARIA,VISTA,BRONCO,RECOMPRA,FIEL
SYN03801,34.0,GO,ONLINE,VISTA,MUSTANG,PRIMEIRA_COMPRA,ABANDONO
SYN03802,41.0,PE,CONCESSIONARIA,FINANCIAMENTO,TERRITORY,PRIMEIRA_COMPRA,FIEL
SYN03803,48.0,MG,CONCESSIONARIA,VISTA,RANGER,PRIMEIRA_COMPRA,ABANDONO
SYN03804,58.0,GO,ONLINE,FINANCIAMENTO,BRONCO,PRIMEIRA_COMPRA,ABANDONO
SYN03805,18.0,RS,REVENDEDOR,FINANCIAMENTO,BRONCO,RECOMPRA,ABANDONO
SYN03806,32.0,PR,CONCESSIONARIA,FINANCIAMENTO,MUSTANG,RECOMPRA,ECONOMICO
SYN03807,46.0,SP,CONCESSIONARIA,FINANCIAMENTO,MUSTANG,RECOMPRA,FIEL
SYN03808,43.0,RJ,REVENDEDOR,FINANCIAMENTO,TERRITORY,PRIMEIRA_COMPRA,FIEL
SYN03809,50.0,PR,CONCESSIONARIA,VISTA,MAVERICK,RECOMPRA,FIEL
SYN03810,48.0,MG,CONCESSIONARIA,FINANCIAMENTO,RANGER,PRIMEIRA_COMPRA,ECONOMICO
SYN03811,40.0,PR,ONLINE,CONSORCIO,RANGER,PRIMEIRA_COMPRA,ESQUECIDO
SYN03812,37.0,SP,REVENDEDOR,CONSORCIO,MAVERICK,RECOMPRA,ABANDONO
SYN03813,41.0,MG,ONLINE,FINANCIAMENTO,MAVERICK,PRIMEIRA_COMPRA,ECONOMICO
SYN03814,60.0,BA,ONLINE,VISTA,MUSTANG,PRIMEIRA_COMPRA,ESQUECIDO
SYN03815,34.0,PR,CONCESSIONARIA,FINANCIAMENTO,MAVERICK,RECOMPRA,FIEL
SYN03816,43.0,GO,CONCESSIONARIA,CONSORCIO,,PRIMEIRA_COMPRA,ECONOMICO
SYN03817,47.0,GO,ONLINE,FINANCIAMENTO,MAVERICK,RECOMPRA,FIEL
SYN03818,66.0,PE,REVENDEDOR,FINANCIAMENTO,BRONCO,PRIMEIRA_COMPRA,ECONOMICO
SYN03819,40.0,SP,CONCESSIONARIA,FINANCIAMENTO,TERRITORY,PRIMEIRA_COMPRA,ABANDONO
SYN03820,57.0,PR,CONCESSIONARIA,CONSORCIO,TERRITORY,RECOMPRA,FIEL
SYN03821,61.0,RJ,CONCESSIONARIA,FINANCIAMENTO,MUSTANG,PRIMEIRA_COMPRA,FIEL
SYN03822,43.0,MG,CONCESSIONARIA,CONSORCIO,RANGER,  primeira_compra  ,ABANDONO
SYN03823,41.0,RJ,CONCESSIONARIA,FINANCIAMENTO,BRONCO,PRIMEIRA_COMPRA,ECONOMICO
SYN03824,39.0,RS,CONCESSIONARIA,VISTA,RANGER,PRIMEIRA_COMPRA,FIEL
SYN03825,40.0,SP,ONLINE,FINANCIAMENTO,MAVERICK,PRIMEIRA_COMPRA,FIEL
SYN03826,56.0,PR,CONCESSIONARIA,FINANCIAMENTO,RANGER,RECOMPRA,FIEL
SYN03827,47.0,RJ,ONLINE,FINANCIAMENTO,MUSTANG,PRIMEIRA_COMPRA,ECONOMICO
SYN03828,47.0,PR,ONLINE,FINANCIAMENTO,MUSTANG,PRIMEIRA_COMPRA,ECONOMICO
SYN03829,28.0,BA,REVENDEDOR,VISTA,MUSTANG,  primeira_compra  ,ESQUECIDO
SYN03830,30.0,RJ,REVENDEDOR,VISTA,  territory  ,PRIMEIRA_COMPRA,ABANDONO
SYN03831,74.0,SP,CONCESSIONARIA,FINANCIAMENTO,MAVERICK,PRIMEIRA_COMPRA,ESQUECIDO
SYN03832,42.0,PE,CONCESSIONARIA,FINANCIAMENTO,RANGER,RECOMPRA,FIEL
SYN03833,33.0,BA,ONLINE,FINANCIAMENTO,TERRITORY,PRIMEIRA_COMPRA,FIEL
SYN03834,64.0,MG,CONCESSIONARIA,VISTA,RANGER,PRIMEIRA_COMPRA,FIEL
SYN03835,48.0,GO,CONCESSIONARIA,VISTA,RANGER,PRIMEIRA_COMPRA,ECONOMICO
SYN03836,52.0,RJ,CONCESSIONARIA,CONSORCIO,TERRITORY,PRIMEIRA_COMPRA,ESQUECIDO
SYN03837,42.0,GO,REVENDEDOR,CONSORCIO,BRONCO,PRIMEIRA_COMPRA,FIEL
SYN03838,40.0,SP,CONCESSIONARIA,FINANCIAMENTO,MUSTANG,PRIMEIRA_COMPRA,ESQUECIDO
SYN03839,42.0,BA,CONCESSIONARIA,FINANCIAMENTO,RANGER,PRIMEIRA_COMPRA,ABANDONO
SYN03840,25.0,SP,CONCESSIONARIA,CONSORCIO,BRONCO,PRIMEIRA_COMPRA,ABANDONO
SYN03841,43.0,RJ,ONLINE,FINANCIAMENTO,MAVERICK,PRIMEIRA_COMPRA,ECONOMICO
SYN03842,48.0,RS,CONCESSIONARIA,FINANCIAMENTO,TERRITORY,RECOMPRA,ECONOMICO
SYN03843,70.0,  sp  ,REVENDEDOR,FINANCIAMENTO,MAVERICK,PRIMEIRA_COMPRA,ECONOMICO
SYN03844,45.0,RS,ONLINE,VISTA,BRONCO,RECOMPRA,ECONOMICO
SYN03845,18.0,RJ,CONCESSIONARIA,VISTA,BRONCO,PRIMEIRA_COMPRA,ABANDONO
SYN03846,43.0,SP,CONCESSIONARIA,CONSORCIO,RANGER,PRIMEIRA_COMPRA,ESQUECIDO
SYN03847,82.0,GO,REVENDEDOR,,RANGER,PRIMEIRA_COMPRA,ECONOMICO
SYN03848,56.0,GO,ONLINE,FINANCIAMENTO,MUSTANG,PRIMEIRA_COMPRA,ABANDONO
SYN03849,33.0,GO,CONCESSIONARIA,FINANCIAMENTO,  mustang  ,RECOMPRA,ECONOMICO
SYN03850,52.0,RJ,CONCESSIONARIA,VISTA,BRONCO,  primeira_compra  ,ECONOMICO
SYN03851,34.0,RS,CONCESSIONARIA,FINANCIAMENTO,BRONCO,  primeira_compra  ,ECONOMICO
SYN03852,25.0,MG,CONCESSIONARIA,CONSORCIO,BRONCO,PRIMEIRA_COMPRA,FIEL
SYN03853,39.0,MG,CONCESSIONARIA,VISTA,BRONCO,RECOMPRA,FIEL
SYN03854,45.0,RS,CONCESSIONARIA,VISTA,MAVERICK,PRIMEIRA_COMPRA,ESQUECIDO
SYN03855,18.0,PR,CONCESSIONARIA,CONSORCIO,BRONCO,RECOMPRA,ECONOMICO
SYN03856,28.0,RS,REVENDEDOR,FINANCIAMENTO,RANGER,PRIMEIRA_COMPRA,FIEL
SYN03857,44.0,MG,ONLINE,VISTA,RANGER,PRIMEIRA_COMPRA,ABANDONO
SYN03858,38.0,GO,REVENDEDOR,FINANCIAMENTO,,RECOMPRA,FIEL
SYN03859,50.0,GO,ONLINE,CONSORCIO,MAVERICK,PRIMEIRA_COMPRA,ABANDONO
SYN03860,27.0,MG,ONLINE,CONSORCIO,RANGER,PRIMEIRA_COMPRA,ECONOMICO
SYN03861,54.0,RJ,CONCESSIONARIA,VISTA,RANGER,PRIMEIRA_COMPRA,ABANDONO
SYN03862,27.0,PR,ONLINE,FINANCIAMENTO,TERRITORY,,ABANDONO
SYN03863,67.0,MG,CONCESSIONARIA,CONSORCIO,BRONCO,RECOMPRA,FIEL
SYN03864,20.0,GO,ONLINE,CONSORCIO,BRONCO,PRIMEIRA_COMPRA,ESQUECIDO
SYN03865,29.0,RS,REVENDEDOR,VISTA,RANGER,RECOMPRA,ABANDONO
SYN03866,50.0,SP,REVENDEDOR,CONSORCIO,RANGER,PRIMEIRA_COMPRA,FIEL
SYN03867,67.0,RJ,CONCESSIONARIA,VISTA,TERRITORY,PRIMEIRA_COMPRA,FIEL
SYN03868,48.0,SP,ONLINE,FINANCIAMENTO,BRONCO,RECOMPRA,ECONOMICO
SYN03869,52.0,RS,CONCESSIONARIA,FINANCIAMENTO,TERRITORY,RECOMPRA,FIEL
SYN03870,44.0,MG,CONCESSIONARIA,FINANCIAMENTO,BRONCO,RECOMPRA,FIEL
SYN03871,30.0,PE,CONCESSIONARIA,VISTA,RANGER,RECOMPRA,FIEL
SYN03872,37.0,GO,CONCESSIONARIA,VISTA,MUSTANG,PRIMEIRA_COMPRA,ESQUECIDO
SYN03873,27.0,RJ,ONLINE,FINANCIAMENTO,MUSTANG,RECOMPRA,FIEL
SYN03874,26.0,GO,CONCESSIONARIA,  financiamento  ,TERRITORY,PRIMEIRA_COMPRA,ESQUECIDO
SYN03875,50.0,PR,CONCESSIONARIA,VISTA,MUSTANG,PRIMEIRA_COMPRA,FIEL
SYN03876,28.0,MG,REVENDEDOR,VISTA,BRONCO,RECOMPRA,ECONOMICO
SYN03877,48.0,RS,ONLINE,CONSORCIO,RANGER,PRIMEIRA_COMPRA,ESQUECIDO
SYN03878,26.0,RS,CONCESSIONARIA,FINANCIAMENTO,TERRITORY,PRIMEIRA_COMPRA,ECONOMICO
SYN03879,48.0,RJ,ONLINE,CONSORCIO,RANGER,RECOMPRA,ESQUECIDO
SYN03880,37.0,PE,ONLINE,FINANCIAMENTO,,PRIMEIRA_COMPRA,ECONOMICO
SYN03881,64.0,SP,CONCESSIONARIA,FINANCIAMENTO,MAVERICK,PRIMEIRA_COMPRA,ABANDONO
SYN03882,49.0,SP,ONLINE,VISTA,MAVERICK,PRIMEIRA_COMPRA,FIEL
SYN03883,61.0,MG,REVENDEDOR,FINANCIAMENTO,RANGER,PRIMEIRA_COMPRA,ECONOMICO
SYN03884,33.0,RJ,CONCESSIONARIA,VISTA,TERRITORY,PRIMEIRA_COMPRA,ECONOMICO
SYN03885,45.0,SP,CONCESSIONARIA,FINANCIAMENTO,BRONCO,PRIMEIRA_COMPRA,ECONOMICO
SYN03886,30.0,RS,CONCESSIONARIA,FINANCIAMENTO,RANGER,RECOMPRA,ECONOMICO
SYN03887,38.0,RS,REVENDEDOR,VISTA,RANGER,PRIMEIRA_COMPRA,ABANDONO
SYN03888,40.0,RJ,CONCESSIONARIA,FINANCIAMENTO,TERRITORY,RECOMPRA,ABANDONO
SYN03889,34.0,PE,CONCESSIONARIA,FINANCIAMENTO,BRONCO,RECOMPRA,ECONOMICO
SYN03890,27.0,GO,REVENDEDOR,FINANCIAMENTO,RANGER,PRIMEIRA_COMPRA,FIEL
SYN03891,24.0,BA,ONLINE,FINANCIAMENTO,,RECOMPRA,ECONOMICO
SYN03892,18.0,PR,CONCESSIONARIA,VISTA,BRONCO,PRIMEIRA_COMPRA,ECONOMICO
SYN03893,29.0,GO,CONCESSIONARIA,FINANCIAMENTO,RANGER,PRIMEIRA_COMPRA,ECONOMICO
SYN03894,53.0,MG,CONCESSIONARIA,VISTA,RANGER,RECOMPRA,FIEL
SYN03895,22.0,RS,REVENDEDOR,VISTA,MUSTANG,RECOMPRA,ABANDONO
SYN03896,25.0,SP,CONCESSIONARIA,VISTA,BRONCO,PRIMEIRA_COMPRA,ECONOMICO
SYN03897,69.0,BA,CONCESSIONARIA,FINANCIAMENTO,MUSTANG,PRIMEIRA_COMPRA,FIEL
SYN03898,35.0,SP,ONLINE,VISTA,MAVERICK,PRIMEIRA_COMPRA,ABANDONO
SYN03899,48.0,BA,CONCESSIONARIA,CONSORCIO,  mustang  ,RECOMPRA,ESQUECIDO
SYN03900,53.0,PE,CONCESSIONARIA,FINANCIAMENTO,MUSTANG,PRIMEIRA_COMPRA,ECONOMICO
SYN03901,53.0,RJ,REVENDEDOR,CONSORCIO,MAVERICK,PRIMEIRA_COMPRA,ESQUECIDO
SYN03902,23.0,PR,CONCESSIONARIA,FINANCIAMENTO,MUSTANG,PRIMEIRA_COMPRA,ECONOMICO
SYN03903,41.0,MG,REVENDEDOR,FINANCIAMENTO,MUSTANG,PRIMEIRA_COMPRA,FIEL
SYN03904,21.0,RS,ONLINE,VISTA,TERRITORY,PRIMEIRA_COMPRA,ABANDONO
SYN03905,78.0,PR,CONCESSIONARIA,,BRONCO,PRIMEIRA_COMPRA,ECONOMICO
SYN03906,22.0,RJ,ONLINE,FINANCIAMENTO,MUSTANG,PRIMEIRA_COMPRA,ABANDONO
SYN03907,29.0,PE,ONLINE,FINANCIAMENTO,MUSTANG,PRIMEIRA_COMPRA,ABANDONO
SYN03908,29.0,RS,ONLINE,FINANCIAMENTO,RANGER,PRIMEIRA_COMPRA,ABANDONO
SYN03909,23.0,RS,ONLINE,VISTA,RANGER,PRIMEIRA_COMPRA,ABANDONO
SYN03910,63.0,PE,CONCESSIONARIA,FINANCIAMENTO,TERRITORY,PRIMEIRA_COMPRA,ABANDONO
SYN03911,78.0,RJ,CONCESSIONARIA,CONSORCIO,MAVERICK,RECOMPRA,ABANDONO
SYN03912,37.0,RS,ONLINE,CONSORCIO,TERRITORY,PRIMEIRA_COMPRA,ABANDONO
SYN03913,26.0,GO,,  financiamento  ,MAVERICK,PRIMEIRA_COMPRA,ECONOMICO
SYN03914,18.0,RS,CONCESSIONARIA,FINANCIAMENTO,,PRIMEIRA_COMPRA,ESQUECIDO
SYN03915,41.0,SP,CONCESSIONARIA,FINANCIAMENTO,RANGER,PRIMEIRA_COMPRA,ECONOMICO
SYN03916,40.0,MG,CONCESSIONARIA,CONSORCIO,MAVERICK,RECOMPRA,FIEL
SYN03917,35.0,GO,ONLINE,  financiamento  ,TERRITORY,RECOMPRA,FIEL
SYN03918,47.0,PE,REVENDEDOR,FINANCIAMENTO,RANGER,PRIMEIRA_COMPRA,ABANDONO
SYN03919,50.0,PE,REVENDEDOR,CONSORCIO,TERRITORY,PRIMEIRA_COMPRA,ECONOMICO
SYN03920,49.0,MG,CONCESSIONARIA,FINANCIAMENTO,TERRITORY,PRIMEIRA_COMPRA,ECONOMICO
SYN03921,40.0,PE,CONCESSIONARIA,FINANCIAMENTO,BRONCO,RECOMPRA,ESQUECIDO
SYN03922,29.0,RS,REVENDEDOR,CONSORCIO,MUSTANG,PRIMEIRA_COMPRA,ABANDONO
SYN03923,53.0,PE,CONCESSIONARIA,  consorcio  ,RANGER,RECOMPRA,FIEL
SYN03924,44.0,GO,ONLINE,FINANCIAMENTO,MAVERICK,PRIMEIRA_COMPRA,ECONOMICO
SYN03925,56.0,RJ,,FINANCIAMENTO,TERRITORY,RECOMPRA,FIEL
SYN03926,55.0,GO,CONCESSIONARIA,FINANCIAMENTO,BRONCO,PRIMEIRA_COMPRA,ECONOMICO
SYN03927,24.0,BA,  concessionaria  ,FINANCIAMENTO,TERRITORY,PRIMEIRA_COMPRA,ECONOMICO
SYN03928,24.0,BA,ONLINE,FINANCIAMENTO,TERRITORY,PRIMEIRA_COMPRA,ECONOMICO
SYN03929,33.0,PE,CONCESSIONARIA,FINANCIAMENTO,BRONCO,PRIMEIRA_COMPRA,ABANDONO
SYN03930,29.0,RJ,REVENDEDOR,VISTA,BRONCO,RECOMPRA,FIEL
SYN03931,55.0,BA,ONLINE,VISTA,RANGER,PRIMEIRA_COMPRA,FIEL
SYN03932,49.0,RJ,CONCESSIONARIA,CONSORCIO,RANGER,PRIMEIRA_COMPRA,ECONOMICO
SYN03933,59.0,MG,ONLINE,CONSORCIO,TERRITORY,RECOMPRA,ESQUECIDO
SYN03934,50.0,SP,CONCESSIONARIA,FINANCIAMENTO,MUSTANG,PRIMEIRA_COMPRA,ABANDONO
SYN03935,47.0,RJ,CONCESSIONARIA,FINANCIAMENTO,TERRITORY,PRIMEIRA_COMPRA,ECONOMICO
SYN03936,61.0,GO,REVENDEDOR,VISTA,BRONCO,PRIMEIRA_COMPRA,FIEL
SYN03937,51.0,MG,ONLINE,FINANCIAMENTO,BRONCO,PRIMEIRA_COMPRA,FIEL
SYN03938,45.0,RS,ONLINE,FINANCIAMENTO,TERRITORY,RECOMPRA,FIEL
SYN03939,65.0,RS,REVENDEDOR,VISTA,RANGER,PRIMEIRA_COMPRA,ECONOMICO
SYN03940,46.0,BA,ONLINE,FINANCIAMENTO,BRONCO,RECOMPRA,FIEL
SYN03941,40.0,PR,CONCESSIONARIA,FINANCIAMENTO,MUSTANG,PRIMEIRA_COMPRA,FIEL
SYN03942,32.0,PR,CONCESSIONARIA,VISTA,MUSTANG,PRIMEIRA_COMPRA,FIEL
SYN03943,54.0,PE,CONCESSIONARIA,CONSORCIO,TERRITORY,RECOMPRA,FIEL
SYN03944,61.0,RS,  concessionaria  ,VISTA,BRONCO,RECOMPRA,FIEL
SYN03945,43.0,PE,CONCESSIONARIA,FINANCIAMENTO,,PRIMEIRA_COMPRA,FIEL
SYN03946,62.0,GO,ONLINE,VISTA,MUSTANG,PRIMEIRA_COMPRA,ESQUECIDO
SYN03947,18.0,BA,CONCESSIONARIA,  consorcio  ,BRONCO,PRIMEIRA_COMPRA,ECONOMICO
SYN03948,43.0,SP,ONLINE,FINANCIAMENTO,MUSTANG,RECOMPRA,FIEL
SYN03949,43.0,MG,REVENDEDOR,VISTA,MUSTANG,PRIMEIRA_COMPRA,ECONOMICO
SYN03950,34.0,PR,REVENDEDOR,VISTA,TERRITORY,PRIMEIRA_COMPRA,ECONOMICO
SYN03951,77.0,RS,CONCESSIONARIA,VISTA,BRONCO,PRIMEIRA_COMPRA,ECONOMICO
SYN03952,43.0,MG,REVENDEDOR,FINANCIAMENTO,BRONCO,,FIEL
SYN03953,38.0,MG,REVENDEDOR,CONSORCIO,TERRITORY,PRIMEIRA_COMPRA,ECONOMICO
SYN03954,44.0,SP,CONCESSIONARIA,FINANCIAMENTO,MUSTANG,PRIMEIRA_COMPRA,ECONOMICO
SYN03955,18.0,RJ,CONCESSIONARIA,FINANCIAMENTO,BRONCO,RECOMPRA,FIEL
SYN03956,33.0,PE,CONCESSIONARIA,FINANCIAMENTO,TERRITORY,PRIMEIRA_COMPRA,ECONOMICO
SYN03957,58.0,SP,ONLINE,FINANCIAMENTO,BRONCO,PRIMEIRA_COMPRA,ABANDONO
SYN03958,35.0,PE,ONLINE,FINANCIAMENTO,MUSTANG,PRIMEIRA_COMPRA,ECONOMICO
SYN03959,32.0,MG,CONCESSIONARIA,VISTA,BRONCO,PRIMEIRA_COMPRA,ESQUECIDO
SYN03960,62.0,PE,ONLINE,CONSORCIO,MAVERICK,RECOMPRA,FIEL
SYN03961,63.0,MG,CONCESSIONARIA,FINANCIAMENTO,MUSTANG,PRIMEIRA_COMPRA,FIEL
SYN03962,51.0,PE,CONCESSIONARIA,CONSORCIO,TERRITORY,PRIMEIRA_COMPRA,ECONOMICO
SYN03963,38.0,  pr  ,REVENDEDOR,CONSORCIO,MUSTANG,PRIMEIRA_COMPRA,FIEL
SYN03964,41.0,PE,REVENDEDOR,FINANCIAMENTO,BRONCO,PRIMEIRA_COMPRA,ECONOMICO
SYN03965,33.0,SP,ONLINE,VISTA,BRONCO,PRIMEIRA_COMPRA,ESQUECIDO
SYN03966,30.0,PE,CONCESSIONARIA,CONSORCIO,MAVERICK,RECOMPRA,FIEL
SYN03967,29.0,MG,CONCESSIONARIA,VISTA,RANGER,PRIMEIRA_COMPRA,ABANDONO
SYN03968,35.0,MG,CONCESSIONARIA,VISTA,MAVERICK,PRIMEIRA_COMPRA,ECONOMICO
SYN03969,30.0,SP,CONCESSIONARIA,CONSORCIO,BRONCO,PRIMEIRA_COMPRA,ECONOMICO
SYN03970,22.0,GO,CONCESSIONARIA,VISTA,MAVERICK,RECOMPRA,FIEL
SYN03971,47.0,  ba  ,REVENDEDOR,FINANCIAMENTO,MUSTANG,RECOMPRA,FIEL
SYN03972,47.0,GO,ONLINE,FINANCIAMENTO,BRONCO,PRIMEIRA_COMPRA,FIEL
SYN03973,68.0,PR,  concessionaria  ,VISTA,MUSTANG,PRIMEIRA_COMPRA,ESQUECIDO
SYN03974,35.0,RJ,CONCESSIONARIA,FINANCIAMENTO,BRONCO,RECOMPRA,FIEL
SYN03975,48.0,MG,CONCESSIONARIA,FINANCIAMENTO,TERRITORY,RECOMPRA,FIEL
SYN03976,48.0,RS,CONCESSIONARIA,FINANCIAMENTO,MAVERICK,PRIMEIRA_COMPRA,ESQUECIDO
SYN03977,40.0,RJ,ONLINE,CONSORCIO,RANGER,RECOMPRA,ECONOMICO
SYN03978,54.0,GO,CONCESSIONARIA,VISTA,  mustang  ,RECOMPRA,FIEL
SYN03979,55.0,GO,REVENDEDOR,FINANCIAMENTO,RANGER,PRIMEIRA_COMPRA,ECONOMICO
SYN03980,49.0,PR,CONCESSIONARIA,FINANCIAMENTO,BRONCO,PRIMEIRA_COMPRA,FIEL
SYN03981,40.0,PR,CONCESSIONARIA,FINANCIAMENTO,MUSTANG,PRIMEIRA_COMPRA,ECONOMICO
SYN03982,39.0,BA,REVENDEDOR,FINANCIAMENTO,RANGER,PRIMEIRA_COMPRA,ECONOMICO
SYN03983,25.0,BA,  concessionaria  ,VISTA,BRONCO,RECOMPRA,ECONOMICO
SYN03984,33.0,SP,CONCESSIONARIA,FINANCIAMENTO,BRONCO,PRIMEIRA_COMPRA,ECONOMICO
SYN03985,35.0,PR,ONLINE,CONSORCIO,TERRITORY,PRIMEIRA_COMPRA,FIEL
SYN03986,28.0,PE,CONCESSIONARIA,FINANCIAMENTO,MAVERICK,PRIMEIRA_COMPRA,ESQUECIDO
SYN03987,50.0,PE,CONCESSIONARIA,FINANCIAMENTO,TERRITORY,RECOMPRA,FIEL
SYN03988,61.0,PR,CONCESSIONARIA,CONSORCIO,TERRITORY,PRIMEIRA_COMPRA,FIEL
SYN03989,31.0,GO,CONCESSIONARIA,FINANCIAMENTO,TERRITORY,PRIMEIRA_COMPRA,ECONOMICO
SYN03990,48.0,PR,ONLINE,FINANCIAMENTO,MAVERICK,PRIMEIRA_COMPRA,ESQUECIDO
SYN03991,30.0,RS,CONCESSIONARIA,FINANCIAMENTO,MUSTANG,RECOMPRA,ECONOMICO
SYN03992,40.0,RS,ONLINE,VISTA,RANGER,PRIMEIRA_COMPRA,FIEL
SYN03993,34.0,BA,REVENDEDOR,FINANCIAMENTO,BRONCO,PRIMEIRA_COMPRA,ECONOMICO
SYN03994,52.0,GO,CONCESSIONARIA,CONSORCIO,TERRITORY,RECOMPRA,ECONOMICO
SYN03995,34.0,RJ,CONCESSIONARIA,VISTA,TERRITORY,PRIMEIRA_COMPRA,ESQUECIDO
SYN03996,58.0,MG,CONCESSIONARIA,CONSORCIO,MUSTANG,RECOMPRA,FIEL
SYN03997,41.0,BA,CONCESSIONARIA,VISTA,MAVERICK,PRIMEIRA_COMPRA,ECONOMICO
SYN03998,35.0,PE,CONCESSIONARIA,VISTA,MUSTANG,RECOMPRA,ECONOMICO
SYN03999,26.0,RS,ONLINE,VISTA,MAVERICK,PRIMEIRA_COMPRA,FIEL
SYN04000,48.0,BA,CONCESSIONARIA,FINANCIAMENTO,MAVERICK,PRIMEIRA_COMPRA,ECONOMICO
SYN04001,57.0,SP,CONCESSIONARIA,VISTA,MAVERICK,PRIMEIRA_COMPRA,ECONOMICO
SYN04002,48.0,MG,ONLINE,VISTA,MAVERICK,RECOMPRA,FIEL
SYN04003,75.0,GO,REVENDEDOR,FINANCIAMENTO,MUSTANG,RECOMPRA,FIEL
SYN04004,64.0,PR,CONCESSIONARIA,VISTA,TERRITORY,PRIMEIRA_COMPRA,FIEL
SYN04005,40.0,PE,CONCESSIONARIA,FINANCIAMENTO,RANGER,PRIMEIRA_COMPRA,ECONOMICO
SYN04006,40.0,RJ,REVENDEDOR,VISTA,BRONCO,PRIMEIRA_COMPRA,ECONOMICO
SYN04007,51.0,MG,  concessionaria  ,FINANCIAMENTO,RANGER,PRIMEIRA_COMPRA,ECONOMICO
SYN04008,32.0,GO,ONLINE,FINANCIAMENTO,RANGER,PRIMEIRA_COMPRA,ABANDONO
SYN04009,60.0,GO,ONLINE,FINANCIAMENTO,RANGER,RECOMPRA,ABANDONO
SYN04010,49.0,GO,ONLINE,FINANCIAMENTO,RANGER,PRIMEIRA_COMPRA,ESQUECIDO
SYN04011,48.0,MG,CONCESSIONARIA,FINANCIAMENTO,MAVERICK,RECOMPRA,FIEL
SYN04012,54.0,,CONCESSIONARIA,FINANCIAMENTO,BRONCO,PRIMEIRA_COMPRA,ECONOMICO
SYN04013,68.0,RS,CONCESSIONARIA,VISTA,MUSTANG,RECOMPRA,FIEL
SYN04014,46.0,PE,ONLINE,FINANCIAMENTO,TERRITORY,PRIMEIRA_COMPRA,ABANDONO
SYN04015,42.0,PE,ONLINE,CONSORCIO,TERRITORY,PRIMEIRA_COMPRA,ABANDONO
SYN04016,65.0,RS,ONLINE,  consorcio  ,BRONCO,RECOMPRA,ECONOMICO
SYN04017,58.0,MG,REVENDEDOR,FINANCIAMENTO,MAVERICK,PRIMEIRA_COMPRA,ABANDONO
SYN04018,40.0,GO,REVENDEDOR,FINANCIAMENTO,MUSTANG,RECOMPRA,ABANDONO
SYN04019,44.0,RS,ONLINE,FINANCIAMENTO,MAVERICK,RECOMPRA,ECONOMICO
SYN04020,47.0,RS,CONCESSIONARIA,FINANCIAMENTO,BRONCO,RECOMPRA,ECONOMICO
SYN04021,49.0,BA,CONCESSIONARIA,FINANCIAMENTO,MUSTANG,RECOMPRA,ESQUECIDO
SYN04022,25.0,GO,ONLINE,VISTA,RANGER,PRIMEIRA_COMPRA,ABANDONO
SYN04023,22.0,RJ,ONLINE,VISTA,BRONCO,PRIMEIRA_COMPRA,ESQUECIDO
SYN04024,32.0,GO,CONCESSIONARIA,FINANCIAMENTO,TERRITORY,RECOMPRA,ESQUECIDO
SYN04025,30.0,RS,ONLINE,VISTA,RANGER,PRIMEIRA_COMPRA,ABANDONO
SYN04026,35.0,SP,CONCESSIONARIA,FINANCIAMENTO,TERRITORY,PRIMEIRA_COMPRA,FIEL
SYN04027,53.0,MG,CONCESSIONARIA,CONSORCIO,MAVERICK,PRIMEIRA_COMPRA,ABANDONO
SYN04028,42.0,RS,REVENDEDOR,  consorcio  ,TERRITORY,RECOMPRA,ABANDONO
SYN04029,47.0,BA,CONCESSIONARIA,FINANCIAMENTO,MUSTANG,PRIMEIRA_COMPRA,ECONOMICO
SYN04030,27.0,PR,ONLINE,VISTA,MAVERICK,PRIMEIRA_COMPRA,ESQUECIDO
SYN04031,38.0,RJ,ONLINE,CONSORCIO,MAVERICK,RECOMPRA,FIEL
SYN04032,52.0,RS,ONLINE,FINANCIAMENTO,TERRITORY,RECOMPRA,FIEL
SYN04033,52.0,RJ,CONCESSIONARIA,FINANCIAMENTO,MUSTANG,PRIMEIRA_COMPRA,ESQUECIDO
SYN04034,34.0,MG,ONLINE,VISTA,TERRITORY,PRIMEIRA_COMPRA,ABANDONO
SYN04035,46.0,BA,CONCESSIONARIA,FINANCIAMENTO,TERRITORY,RECOMPRA,FIEL
SYN04036,75.0,PE,ONLINE,  financiamento  ,MAVERICK,PRIMEIRA_COMPRA,ECONOMICO
SYN04037,44.0,RJ,CONCESSIONARIA,VISTA,MAVERICK,PRIMEIRA_COMPRA,ECONOMICO
SYN04038,34.0,PR,REVENDEDOR,FINANCIAMENTO,TERRITORY,RECOMPRA,ECONOMICO
SYN04039,42.0,RS,ONLINE,FINANCIAMENTO,TERRITORY,PRIMEIRA_COMPRA,ABANDONO
SYN04040,45.0,MG,CONCESSIONARIA,CONSORCIO,BRONCO,PRIMEIRA_COMPRA,ECONOMICO
SYN04041,42.0,BA,CONCESSIONARIA,FINANCIAMENTO,BRONCO,PRIMEIRA_COMPRA,ECONOMICO
SYN04042,44.0,RJ,CONCESSIONARIA,VISTA,  ranger  ,PRIMEIRA_COMPRA,ABANDONO
SYN04043,24.0,PE,ONLINE,VISTA,TERRITORY,PRIMEIRA_COMPRA,FIEL
SYN04044,31.0,RS,ONLINE,FINANCIAMENTO,RANGER,PRIMEIRA_COMPRA,ABANDONO
SYN04045,42.0,SP,ONLINE,VISTA,RANGER,RECOMPRA,FIEL
SYN04046,42.0,PE,REVENDEDOR,VISTA,TERRITORY,RECOMPRA,ECONOMICO
SYN04047,36.0,PE,CONCESSIONARIA,FINANCIAMENTO,RANGER,PRIMEIRA_COMPRA,ECONOMICO
SYN04048,42.0,PR,ONLINE,VISTA,MAVERICK,PRIMEIRA_COMPRA,ECONOMICO
SYN04049,45.0,BA,CONCESSIONARIA,CONSORCIO,MAVERICK,PRIMEIRA_COMPRA,ESQUECIDO
SYN04050,56.0,RJ,ONLINE,CONSORCIO,TERRITORY,PRIMEIRA_COMPRA,FIEL
SYN04051,43.0,MG,CONCESSIONARIA,FINANCIAMENTO,MUSTANG,PRIMEIRA_COMPRA,ESQUECIDO
SYN04052,50.0,MG,ONLINE,FINANCIAMENTO,BRONCO,PRIMEIRA_COMPRA,FIEL
SYN04053,36.0,PE,CONCESSIONARIA,VISTA,TERRITORY,PRIMEIRA_COMPRA,ECONOMICO
SYN04054,52.0,MG,CONCESSIONARIA,CONSORCIO,RANGER,PRIMEIRA_COMPRA,FIEL
SYN04055,49.0,BA,CONCESSIONARIA,CONSORCIO,BRONCO,PRIMEIRA_COMPRA,FIEL
SYN04056,56.0,MG,REVENDEDOR,FINANCIAMENTO,MUSTANG,RECOMPRA,ABANDONO
SYN04057,54.0,PR,ONLINE,CONSORCIO,RANGER,RECOMPRA,ESQUECIDO
SYN04058,52.0,RJ,CONCESSIONARIA,FINANCIAMENTO,RANGER,RECOMPRA,FIEL
SYN04059,43.0,PR,CONCESSIONARIA,FINANCIAMENTO,BRONCO,RECOMPRA,FIEL
SYN04060,47.0,SP,CONCESSIONARIA,VISTA,MUSTANG,PRIMEIRA_COMPRA,ECONOMICO
SYN04061,59.0,BA,REVENDEDOR,FINANCIAMENTO,TERRITORY,PRIMEIRA_COMPRA,FIEL
SYN04062,35.0,SP,REVENDEDOR,VISTA,MAVERICK,RECOMPRA,ABANDONO
SYN04063,35.0,GO,REVENDEDOR,FINANCIAMENTO,BRONCO,PRIMEIRA_COMPRA,ECONOMICO
SYN04064,47.0,PE,REVENDEDOR,VISTA,RANGER,PRIMEIRA_COMPRA,FIEL
SYN04065,50.0,PR,CONCESSIONARIA,CONSORCIO,MUSTANG,RECOMPRA,FIEL
SYN04066,-5.0,GO,CONCESSIONARIA,FINANCIAMENTO,RANGER,RECOMPRA,FIEL
SYN04067,43.0,PE,ONLINE,VISTA,BRONCO,RECOMPRA,FIEL
SYN04068,43.0,RJ,ONLINE,VISTA,MAVERICK,PRIMEIRA_COMPRA,ESQUECIDO
SYN04069,18.0,BA,CONCESSIONARIA,FINANCIAMENTO,MAVERICK,RECOMPRA,FIEL
SYN04070,41.0,RS,ONLINE,VISTA,MUSTANG,PRIMEIRA_COMPRA,FIEL
SYN04071,42.0,PE,CONCESSIONARIA,VISTA,MAVERICK,PRIMEIRA_COMPRA,ESQUECIDO
SYN04072,42.0,PE,CONCESSIONARIA,FINANCIAMENTO,MAVERICK,RECOMPRA,ECONOMICO
SYN04073,64.0,GO,CONCESSIONARIA,CONSORCIO,,PRIMEIRA_COMPRA,ECONOMICO
SYN04074,27.0,RS,REVENDEDOR,FINANCIAMENTO,TERRITORY,RECOMPRA,ECONOMICO
SYN04075,32.0,RJ,ONLINE,FINANCIAMENTO,TERRITORY,RECOMPRA,ABANDONO
SYN04076,18.0,RJ,ONLINE,FINANCIAMENTO,TERRITORY,RECOMPRA,ABANDONO
SYN04077,37.0,RJ,REVENDEDOR,VISTA,RANGER,PRIMEIRA_COMPRA,ABANDONO
SYN04078,38.0,GO,  revendedor  ,CONSORCIO,RANGER,PRIMEIRA_COMPRA,ECONOMICO
SYN04079,37.0,PR,CONCESSIONARIA,FINANCIAMENTO,BRONCO,RECOMPRA,FIEL
SYN04080,60.0,MG,ONLINE,FINANCIAMENTO,MAVERICK,PRIMEIRA_COMPRA,ECONOMICO
SYN04081,56.0,RS,CONCESSIONARIA,FINANCIAMENTO,MUSTANG,PRIMEIRA_COMPRA,ECONOMICO
SYN04082,45.0,RJ,ONLINE,VISTA,MUSTANG,PRIMEIRA_COMPRA,ABANDONO
SYN04083,39.0,PR,CONCESSIONARIA,FINANCIAMENTO,BRONCO,PRIMEIRA_COMPRA,ECONOMICO
SYN04084,58.0,RS,CONCESSIONARIA,FINANCIAMENTO,MUSTANG,RECOMPRA,FIEL
SYN04085,44.0,PE,ONLINE,FINANCIAMENTO,BRONCO,PRIMEIRA_COMPRA,ECONOMICO
SYN04086,33.0,SP,CONCESSIONARIA,FINANCIAMENTO,BRONCO,RECOMPRA,FIEL
SYN04087,20.0,GO,  concessionaria  ,VISTA,TERRITORY,PRIMEIRA_COMPRA,ESQUECIDO
SYN04088,38.0,SP,ONLINE,VISTA,MAVERICK,PRIMEIRA_COMPRA,ESQUECIDO
SYN04089,55.0,RS,ONLINE,FINANCIAMENTO,TERRITORY,PRIMEIRA_COMPRA,FIEL
SYN04090,76.0,MG,CONCESSIONARIA,FINANCIAMENTO,BRONCO,RECOMPRA,ESQUECIDO
SYN04091,150.0,BA,CONCESSIONARIA,  financiamento  ,MUSTANG,PRIMEIRA_COMPRA,ABANDONO
SYN04092,,BA,CONCESSIONARIA,VISTA,BRONCO,PRIMEIRA_COMPRA,ABANDONO
SYN04093,27.0,RJ,REVENDEDOR,FINANCIAMENTO,TERRITORY,PRIMEIRA_COMPRA,FIEL
SYN04094,52.0,RS,REVENDEDOR,FINANCIAMENTO,MAVERICK,PRIMEIRA_COMPRA,ECONOMICO
SYN04095,19.0,PR,CONCESSIONARIA,VISTA,MAVERICK,PRIMEIRA_COMPRA,ECONOMICO
SYN04096,52.0,RS,ONLINE,FINANCIAMENTO,MAVERICK,PRIMEIRA_COMPRA,FIEL
SYN04097,55.0,SP,ONLINE,VISTA,RANGER,PRIMEIRA_COMPRA,ECONOMICO
SYN04098,50.0,RJ,REVENDEDOR,FINANCIAMENTO,TERRITORY,PRIMEIRA_COMPRA,ECONOMICO
SYN04099,41.0,PR,CONCESSIONARIA,FINANCIAMENTO,RANGER,PRIMEIRA_COMPRA,FIEL
SYN04100,52.0,MG,ONLINE,VISTA,MUSTANG,RECOMPRA,ECONOMICO
SYN04101,46.0,PR,ONLINE,FINANCIAMENTO,TERRITORY,RECOMPRA,FIEL
SYN04102,33.0,RJ,CONCESSIONARIA,  financiamento  ,BRONCO,RECOMPRA,ECONOMICO
SYN04103,70.0,BA,CONCESSIONARIA,CONSORCIO,MUSTANG,RECOMPRA,FIEL
SYN04104,39.0,RJ,CONCESSIONARIA,FINANCIAMENTO,MUSTANG,PRIMEIRA_COMPRA,ECONOMICO
SYN04105,55.0,BA,  concessionaria  ,CONSORCIO,TERRITORY,PRIMEIRA_COMPRA,ABANDONO
SYN04106,18.0,PE,ONLINE,FINANCIAMENTO,MUSTANG,PRIMEIRA_COMPRA,ABANDONO
SYN04107,62.0,MG,ONLINE,CONSORCIO,MAVERICK,PRIMEIRA_COMPRA,ECONOMICO
SYN04108,65.0,RJ,CONCESSIONARIA,CONSORCIO,MAVERICK,RECOMPRA,ESQUECIDO
SYN04109,44.0,SP,REVENDEDOR,FINANCIAMENTO,RANGER,PRIMEIRA_COMPRA,ECONOMICO
SYN04110,52.0,MG,CONCESSIONARIA,VISTA,MAVERICK,PRIMEIRA_COMPRA,ESQUECIDO
SYN04111,52.0,SP,REVENDEDOR,VISTA,MAVERICK,PRIMEIRA_COMPRA,ESQUECIDO
SYN04112,35.0,GO,CONCESSIONARIA,FINANCIAMENTO,BRONCO,RECOMPRA,FIEL
SYN04113,52.0,GO,REVENDEDOR,FINANCIAMENTO,BRONCO,PRIMEIRA_COMPRA,FIEL
SYN04114,33.0,GO,REVENDEDOR,CONSORCIO,TERRITORY,PRIMEIRA_COMPRA,ABANDONO
SYN04115,35.0,GO,REVENDEDOR,VISTA,MAVERICK,PRIMEIRA_COMPRA,FIEL
SYN04116,,PR,REVENDEDOR,CONSORCIO,RANGER,RECOMPRA,ESQUECIDO
SYN04117,58.0,MG,CONCESSIONARIA,CONSORCIO,TERRITORY,RECOMPRA,FIEL
SYN04118,34.0,RS,ONLINE,CONSORCIO,BRONCO,PRIMEIRA_COMPRA,ABANDONO
SYN04119,34.0,MG,ONLINE,VISTA,RANGER,RECOMPRA,FIEL
SYN04120,35.0,PE,CONCESSIONARIA,VISTA,MUSTANG,PRIMEIRA_COMPRA,ECONOMICO
SYN04121,54.0,RS,REVENDEDOR,CONSORCIO,MUSTANG,PRIMEIRA_COMPRA,FIEL
SYN04122,30.0,,CONCESSIONARIA,VISTA,BRONCO,PRIMEIRA_COMPRA,FIEL
SYN04123,49.0,  ba  ,CONCESSIONARIA,FINANCIAMENTO,BRONCO,PRIMEIRA_COMPRA,ECONOMICO
SYN04124,54.0,MG,REVENDEDOR,VISTA,TERRITORY,PRIMEIRA_COMPRA,FIEL
SYN04125,43.0,MG,CONCESSIONARIA,FINANCIAMENTO,TERRITORY,PRIMEIRA_COMPRA,ECONOMICO
SYN04126,58.0,  rj  ,CONCESSIONARIA,CONSORCIO,MUSTANG,RECOMPRA,FIEL
SYN04127,40.0,SP,CONCESSIONARIA,VISTA,BRONCO,PRIMEIRA_COMPRA,ECONOMICO
SYN04128,41.0,SP,ONLINE,VISTA,MUSTANG,PRIMEIRA_COMPRA,FIEL
SYN04129,30.0,RS,REVENDEDOR,FINANCIAMENTO,RANGER,PRIMEIRA_COMPRA,ABANDONO
SYN04130,58.0,GO,CONCESSIONARIA,VISTA,  ranger  ,RECOMPRA,FIEL
SYN04131,33.0,MG,ONLINE,FINANCIAMENTO,BRONCO,PRIMEIRA_COMPRA,ECONOMICO
SYN04132,49.0,BA,ONLINE,VISTA,MAVERICK,PRIMEIRA_COMPRA,ECONOMICO
SYN04133,43.0,MG,ONLINE,VISTA,BRONCO,PRIMEIRA_COMPRA,FIEL
SYN04134,29.0,MG,ONLINE,FINANCIAMENTO,  mustang  ,PRIMEIRA_COMPRA,ECONOMICO
SYN04135,35.0,RJ,REVENDEDOR,FINANCIAMENTO,RANGER,PRIMEIRA_COMPRA,ABANDONO
SYN04136,63.0,PR,CONCESSIONARIA,VISTA,MUSTANG,RECOMPRA,ESQUECIDO
SYN04137,47.0,BA,CONCESSIONARIA,FINANCIAMENTO,BRONCO,PRIMEIRA_COMPRA,ECONOMICO
SYN04138,30.0,MG,ONLINE,CONSORCIO,TERRITORY,PRIMEIRA_COMPRA,FIEL
SYN04139,48.0,PR,CONCESSIONARIA,CONSORCIO,MAVERICK,RECOMPRA,FIEL
SYN04140,42.0,RS,CONCESSIONARIA,VISTA,MAVERICK,RECOMPRA,ESQUECIDO
SYN04141,92.0,MG,CONCESSIONARIA,FINANCIAMENTO,MUSTANG,PRIMEIRA_COMPRA,ECONOMICO
SYN04142,48.0,BA,CONCESSIONARIA,FINANCIAMENTO,RANGER,PRIMEIRA_COMPRA,ECONOMICO
SYN04143,39.0,PR,REVENDEDOR,CONSORCIO,MAVERICK,RECOMPRA,FIEL
SYN04144,64.0,SP,CONCESSIONARIA,CONSORCIO,TERRITORY,PRIMEIRA_COMPRA,ECONOMICO
SYN04145,18.0,RS,ONLINE,FINANCIAMENTO,BRONCO,PRIMEIRA_COMPRA,ABANDONO
SYN04146,45.0,RS,  online  ,VISTA,BRONCO,PRIMEIRA_COMPRA,ECONOMICO
SYN04147,72.0,PE,CONCESSIONARIA,FINANCIAMENTO,MAVERICK,PRIMEIRA_COMPRA,ECONOMICO
SYN04148,42.0,MG,CONCESSIONARIA,,TERRITORY,PRIMEIRA_COMPRA,ECONOMICO
SYN04149,20.0,GO,CONCESSIONARIA,CONSORCIO,TERRITORY,RECOMPRA,ECONOMICO
SYN04150,38.0,PR,ONLINE,CONSORCIO,BRONCO,PRIMEIRA_COMPRA,ECONOMICO
SYN04151,64.0,RJ,CONCESSIONARIA,CONSORCIO,MAVERICK,PRIMEIRA_COMPRA,FIEL
SYN04152,49.0,  rs  ,ONLINE,FINANCIAMENTO,MUSTANG,PRIMEIRA_COMPRA,ECONOMICO
SYN04153,32.0,GO,CONCESSIONARIA,FINANCIAMENTO,RANGER,PRIMEIRA_COMPRA,ABANDONO
SYN04154,34.0,MG,CONCESSIONARIA,CONSORCIO,BRONCO,RECOMPRA,FIEL
SYN04155,36.0,BA,CONCESSIONARIA,VISTA,RANGER,RECOMPRA,FIEL
SYN04156,49.0,PE,CONCESSIONARIA,FINANCIAMENTO,MAVERICK,RECOMPRA,FIEL
SYN04157,63.0,  ba  ,CONCESSIONARIA,VISTA,MAVERICK,RECOMPRA,FIEL
SYN04158,59.0,SP,REVENDEDOR,FINANCIAMENTO,MUSTANG,PRIMEIRA_COMPRA,ESQUECIDO
SYN04159,50.0,MG,CONCESSIONARIA,VISTA,RANGER,PRIMEIRA_COMPRA,FIEL
SYN04160,25.0,MG,ONLINE,CONSORCIO,MAVERICK,PRIMEIRA_COMPRA,ABANDONO
SYN04161,25.0,MG,ONLINE,,MAVERICK,RECOMPRA,FIEL
SYN04162,51.0,GO,ONLINE,FINANCIAMENTO,MAVERICK,PRIMEIRA_COMPRA,ECONOMICO
SYN04163,25.0,SP,ONLINE,  vista  ,MAVERICK,PRIMEIRA_COMPRA,ESQUECIDO
SYN04164,41.0,PR,CONCESSIONARIA,VISTA,BRONCO,PRIMEIRA_COMPRA,ESQUECIDO
SYN04165,48.0,GO,ONLINE,FINANCIAMENTO,RANGER,PRIMEIRA_COMPRA,ECONOMICO
SYN04166,28.0,GO,CONCESSIONARIA,FINANCIAMENTO,MUSTANG,PRIMEIRA_COMPRA,ECONOMICO
SYN04167,30.0,PR,ONLINE,VISTA,TERRITORY,RECOMPRA,FIEL
SYN04168,43.0,GO,CONCESSIONARIA,FINANCIAMENTO,RANGER,PRIMEIRA_COMPRA,ECONOMICO
SYN04169,51.0,RS,ONLINE,VISTA,MAVERICK,PRIMEIRA_COMPRA,ABANDONO
SYN04170,59.0,PR,ONLINE,VISTA,MUSTANG,PRIMEIRA_COMPRA,FIEL
SYN04171,52.0,PR,ONLINE,FINANCIAMENTO,MAVERICK,PRIMEIRA_COMPRA,ECONOMICO
SYN04172,45.0,SP,CONCESSIONARIA,VISTA,TERRITORY,PRIMEIRA_COMPRA,FIEL
SYN04173,34.0,SP,ONLINE,  vista  ,MUSTANG,PRIMEIRA_COMPRA,ECONOMICO
SYN04174,29.0,GO,ONLINE,VISTA,MUSTANG,PRIMEIRA_COMPRA,FIEL
SYN04175,37.0,RJ,CONCESSIONARIA,VISTA,TERRITORY,PRIMEIRA_COMPRA,ECONOMICO
SYN04176,50.0,MG,CONCESSIONARIA,FINANCIAMENTO,BRONCO,RECOMPRA,FIEL
SYN04177,49.0,PR,CONCESSIONARIA,FINANCIAMENTO,MUSTANG,PRIMEIRA_COMPRA,ECONOMICO
SYN04178,18.0,PR,CONCESSIONARIA,FINANCIAMENTO,RANGER,RECOMPRA,ECONOMICO
SYN04179,33.0,PR,ONLINE,FINANCIAMENTO,TERRITORY,RECOMPRA,FIEL
SYN04180,61.0,GO,CONCESSIONARIA,FINANCIAMENTO,BRONCO,PRIMEIRA_COMPRA,FIEL
SYN04181,45.0,PE,ONLINE,FINANCIAMENTO,RANGER,PRIMEIRA_COMPRA,ECONOMICO
SYN04182,24.0,GO,ONLINE,VISTA,RANGER,PRIMEIRA_COMPRA,FIEL
SYN04183,77.0,BA,ONLINE,FINANCIAMENTO,MAVERICK,PRIMEIRA_COMPRA,FIEL
SYN04184,44.0,GO,ONLINE,CONSORCIO,TERRITORY,PRIMEIRA_COMPRA,ECONOMICO
SYN04185,49.0,PR,ONLINE,VISTA,TERRITORY,PRIMEIRA_COMPRA,ESQUECIDO
SYN04186,50.0,PR,ONLINE,FINANCIAMENTO,TERRITORY,RECOMPRA,FIEL
SYN04187,39.0,PE,CONCESSIONARIA,VISTA,RANGER,RECOMPRA,FIEL
SYN04188,34.0,PE,REVENDEDOR,FINANCIAMENTO,MAVERICK,PRIMEIRA_COMPRA,ABANDONO
SYN04189,150.0,SP,REVENDEDOR,CONSORCIO,TERRITORY,RECOMPRA,ESQUECIDO
SYN04190,58.0,,CONCESSIONARIA,CONSORCIO,MAVERICK,RECOMPRA,FIEL
SYN04191,56.0,  ba  ,REVENDEDOR,CONSORCIO,MUSTANG,PRIMEIRA_COMPRA,ABANDONO
SYN04192,52.0,GO,REVENDEDOR,VISTA,BRONCO,PRIMEIRA_COMPRA,ABANDONO
SYN04193,30.0,BA,CONCESSIONARIA,CONSORCIO,MUSTANG,RECOMPRA,ECONOMICO
SYN04194,62.0,GO,ONLINE,VISTA,RANGER,  recompra  ,FIEL
SYN04195,150.0,MG,ONLINE,CONSORCIO,MUSTANG,RECOMPRA,ESQUECIDO
SYN04196,48.0,RJ,CONCESSIONARIA,FINANCIAMENTO,TERRITORY,PRIMEIRA_COMPRA,ESQUECIDO
SYN04197,21.0,RJ,CONCESSIONARIA,CONSORCIO,TERRITORY,RECOMPRA,ECONOMICO
SYN04198,18.0,MG,CONCESSIONARIA,VISTA,MUSTANG,PRIMEIRA_COMPRA,FIEL
SYN04199,48.0,RJ,ONLINE,FINANCIAMENTO,BRONCO,PRIMEIRA_COMPRA,ECONOMICO
SYN04200,33.0,RS,CONCESSIONARIA,CONSORCIO,MAVERICK,PRIMEIRA_COMPRA,ECONOMICO
SYN04201,18.0,RJ,  online  ,VISTA,MUSTANG,RECOMPRA,FIEL
SYN04202,52.0,RJ,ONLINE,CONSORCIO,BRONCO,PRIMEIRA_COMPRA,ABANDONO
SYN04203,74.0,PR,ONLINE,FINANCIAMENTO,TERRITORY,PRIMEIRA_COMPRA,ECONOMICO
SYN04204,63.0,PE,CONCESSIONARIA,VISTA,BRONCO,RECOMPRA,FIEL
SYN04205,40.0,RJ,CONCESSIONARIA,VISTA,TERRITORY,PRIMEIRA_COMPRA,ECONOMICO
SYN04206,44.0,PR,CONCESSIONARIA,FINANCIAMENTO,BRONCO,RECOMPRA,ECONOMICO
SYN04207,56.0,BA,CONCESSIONARIA,VISTA,TERRITORY,PRIMEIRA_COMPRA,FIEL
SYN04208,60.0,BA,CONCESSIONARIA,VISTA,MUSTANG,PRIMEIRA_COMPRA,FIEL
SYN04209,39.0,SP,CONCESSIONARIA,FINANCIAMENTO,BRONCO,PRIMEIRA_COMPRA,ABANDONO
SYN04210,44.0,BA,CONCESSIONARIA,VISTA,MAVERICK,RECOMPRA,FIEL
SYN04211,48.0,SP,ONLINE,FINANCIAMENTO,MAVERICK,  recompra  ,ABANDONO
SYN04212,52.0,RJ,CONCESSIONARIA,CONSORCIO,TERRITORY,PRIMEIRA_COMPRA,ECONOMICO
SYN04213,42.0,MG,CONCESSIONARIA,CONSORCIO,TERRITORY,RECOMPRA,ABANDONO
SYN04214,42.0,PE,REVENDEDOR,FINANCIAMENTO,MUSTANG,RECOMPRA,ECONOMICO
SYN04215,63.0,RJ,ONLINE,,RANGER,PRIMEIRA_COMPRA,FIEL
SYN04216,61.0,PE,REVENDEDOR,FINANCIAMENTO,TERRITORY,PRIMEIRA_COMPRA,ABANDONO
SYN04217,51.0,GO,  online  ,FINANCIAMENTO,MAVERICK,RECOMPRA,FIEL
SYN04218,68.0,GO,CONCESSIONARIA,CONSORCIO,BRONCO,PRIMEIRA_COMPRA,FIEL
SYN04219,39.0,MG,REVENDEDOR,FINANCIAMENTO,MAVERICK,RECOMPRA,FIEL
SYN04220,67.0,SP,REVENDEDOR,FINANCIAMENTO,RANGER,PRIMEIRA_COMPRA,ECONOMICO
SYN04221,52.0,RJ,ONLINE,FINANCIAMENTO,TERRITORY,RECOMPRA,FIEL
SYN04222,90.0,PE,ONLINE,VISTA,  bronco  ,RECOMPRA,FIEL
SYN04223,27.0,RJ,CONCESSIONARIA,CONSORCIO,TERRITORY,PRIMEIRA_COMPRA,ESQUECIDO
SYN04224,34.0,BA,CONCESSIONARIA,FINANCIAMENTO,BRONCO,PRIMEIRA_COMPRA,ECONOMICO
SYN04225,50.0,MG,ONLINE,FINANCIAMENTO,MUSTANG,PRIMEIRA_COMPRA,ESQUECIDO
SYN04226,50.0,PE,ONLINE,FINANCIAMENTO,MAVERICK,RECOMPRA,FIEL
SYN04227,71.0,PR,CONCESSIONARIA,FINANCIAMENTO,MAVERICK,PRIMEIRA_COMPRA,FIEL
SYN04228,35.0,PR,CONCESSIONARIA,FINANCIAMENTO,RANGER,PRIMEIRA_COMPRA,FIEL
SYN04229,57.0,PE,CONCESSIONARIA,VISTA,BRONCO,RECOMPRA,FIEL
SYN04230,60.0,GO,CONCESSIONARIA,VISTA,MUSTANG,PRIMEIRA_COMPRA,FIEL
SYN04231,54.0,MG,CONCESSIONARIA,FINANCIAMENTO,MAVERICK,PRIMEIRA_COMPRA,ECONOMICO
SYN04232,31.0,PR,REVENDEDOR,VISTA,MAVERICK,PRIMEIRA_COMPRA,ECONOMICO
SYN04233,64.0,BA,CONCESSIONARIA,VISTA,MUSTANG,RECOMPRA,FIEL
SYN04234,61.0,PE,CONCESSIONARIA,FINANCIAMENTO,MUSTANG,PRIMEIRA_COMPRA,FIEL
SYN04235,52.0,RS,CONCESSIONARIA,FINANCIAMENTO,TERRITORY,  recompra  ,ECONOMICO
SYN04236,,MG,ONLINE,VISTA,TERRITORY,PRIMEIRA_COMPRA,ESQUECIDO
SYN04237,47.0,PE,ONLINE,FINANCIAMENTO,TERRITORY,RECOMPRA,ESQUECIDO
SYN04238,43.0,GO,ONLINE,CONSORCIO,MAVERICK,PRIMEIRA_COMPRA,ECONOMICO
SYN04239,53.0,PR,REVENDEDOR,CONSORCIO,TERRITORY,PRIMEIRA_COMPRA,ESQUECIDO
SYN04240,44.0,SP,REVENDEDOR,CONSORCIO,MUSTANG,RECOMPRA,ESQUECIDO
SYN04241,32.0,MG,REVENDEDOR,FINANCIAMENTO,MUSTANG,RECOMPRA,ABANDONO
SYN04242,29.0,RS,,FINANCIAMENTO,MAVERICK,PRIMEIRA_COMPRA,ECONOMICO
SYN04243,33.0,BA,CONCESSIONARIA,CONSORCIO,RANGER,PRIMEIRA_COMPRA,ECONOMICO
SYN04244,47.0,BA,ONLINE,FINANCIAMENTO,MAVERICK,PRIMEIRA_COMPRA,FIEL
SYN04245,44.0,PE,CONCESSIONARIA,FINANCIAMENTO,TERRITORY,,ECONOMICO
SYN04246,47.0,SP,ONLINE,VISTA,BRONCO,RECOMPRA,FIEL
SYN04247,51.0,RS,CONCESSIONARIA,  financiamento  ,TERRITORY,RECOMPRA,ABANDONO
SYN04248,35.0,BA,CONCESSIONARIA,VISTA,RANGER,PRIMEIRA_COMPRA,FIEL
SYN04249,65.0,GO,CONCESSIONARIA,CONSORCIO,MAVERICK,PRIMEIRA_COMPRA,ESQUECIDO
SYN04250,40.0,RJ,ONLINE,VISTA,BRONCO,PRIMEIRA_COMPRA,ABANDONO
SYN04251,38.0,GO,  online  ,FINANCIAMENTO,MAVERICK,PRIMEIRA_COMPRA,ECONOMICO
SYN04252,51.0,SP,CONCESSIONARIA,CONSORCIO,BRONCO,PRIMEIRA_COMPRA,ESQUECIDO
SYN04253,18.0,RJ,ONLINE,VISTA,TERRITORY,RECOMPRA,FIEL
SYN04254,33.0,PE,CONCESSIONARIA,FINANCIAMENTO,RANGER,PRIMEIRA_COMPRA,ABANDONO
SYN04255,58.0,PE,ONLINE,VISTA,TERRITORY,PRIMEIRA_COMPRA,ABANDONO
SYN04256,20.0,GO,CONCESSIONARIA,FINANCIAMENTO,MUSTANG,RECOMPRA,ESQUECIDO
SYN04257,60.0,PR,CONCESSIONARIA,FINANCIAMENTO,MAVERICK,  primeira_compra  ,ECONOMICO
SYN04258,65.0,PR,ONLINE,VISTA,BRONCO,PRIMEIRA_COMPRA,ABANDONO
SYN04259,39.0,PR,ONLINE,FINANCIAMENTO,RANGER,PRIMEIRA_COMPRA,ECONOMICO
SYN04260,48.0,PR,REVENDEDOR,FINANCIAMENTO,MUSTANG,PRIMEIRA_COMPRA,ECONOMICO
SYN04261,60.0,PR,ONLINE,VISTA,MAVERICK,PRIMEIRA_COMPRA,ESQUECIDO
SYN04262,37.0,MG,REVENDEDOR,FINANCIAMENTO,RANGER,PRIMEIRA_COMPRA,ABANDONO
SYN04263,56.0,PE,CONCESSIONARIA,VISTA,TERRITORY,RECOMPRA,FIEL
SYN04264,35.0,MG,CONCESSIONARIA,FINANCIAMENTO,RANGER,PRIMEIRA_COMPRA,ECONOMICO
SYN04265,37.0,PR,REVENDEDOR,VISTA,MUSTANG,PRIMEIRA_COMPRA,ABANDONO
SYN04266,33.0,BA,CONCESSIONARIA,CONSORCIO,MUSTANG,RECOMPRA,FIEL
SYN04267,49.0,PR,ONLINE,FINANCIAMENTO,BRONCO,  primeira_compra  ,ESQUECIDO
SYN04268,60.0,PR,  concessionaria  ,VISTA,,PRIMEIRA_COMPRA,FIEL
SYN04269,41.0,SP,CONCESSIONARIA,  financiamento  ,MAVERICK,PRIMEIRA_COMPRA,ECONOMICO
SYN04270,26.0,MG,CONCESSIONARIA,FINANCIAMENTO,TERRITORY,PRIMEIRA_COMPRA,ECONOMICO
SYN04271,29.0,RS,ONLINE,FINANCIAMENTO,RANGER,PRIMEIRA_COMPRA,ECONOMICO
SYN04272,50.0,RS,ONLINE,FINANCIAMENTO,TERRITORY,,ESQUECIDO
SYN04273,70.0,GO,CONCESSIONARIA,FINANCIAMENTO,TERRITORY,PRIMEIRA_COMPRA,ECONOMICO
SYN04274,50.0,GO,CONCESSIONARIA,VISTA,RANGER,PRIMEIRA_COMPRA,ECONOMICO
SYN04275,39.0,BA,CONCESSIONARIA,VISTA,MAVERICK,PRIMEIRA_COMPRA,ECONOMICO
SYN04276,55.0,MG,CONCESSIONARIA,,,PRIMEIRA_COMPRA,ECONOMICO
SYN04277,41.0,SP,CONCESSIONARIA,CONSORCIO,BRONCO,RECOMPRA,ECONOMICO
SYN04278,39.0,PE,REVENDEDOR,FINANCIAMENTO,BRONCO,RECOMPRA,FIEL
SYN04279,,GO,,FINANCIAMENTO,MAVERICK,RECOMPRA,FIEL
SYN04280,64.0,RS,CONCESSIONARIA,FINANCIAMENTO,MAVERICK,PRIMEIRA_COMPRA,FIEL
SYN04281,18.0,PE,CONCESSIONARIA,VISTA,BRONCO,PRIMEIRA_COMPRA,ESQUECIDO
SYN04282,55.0,GO,CONCESSIONARIA,CONSORCIO,MUSTANG,RECOMPRA,ECONOMICO
SYN04283,38.0,PR,CONCESSIONARIA,FINANCIAMENTO,BRONCO,PRIMEIRA_COMPRA,ECONOMICO
SYN04284,38.0,RJ,ONLINE,FINANCIAMENTO,RANGER,,ECONOMICO
SYN04285,68.0,SP,ONLINE,FINANCIAMENTO,MUSTANG,PRIMEIRA_COMPRA,ECONOMICO
SYN04286,34.0,PE,REVENDEDOR,CONSORCIO,MAVERICK,PRIMEIRA_COMPRA,ABANDONO
SYN04287,34.0,PR,CONCESSIONARIA,FINANCIAMENTO,BRONCO,RECOMPRA,FIEL
SYN04288,42.0,RJ,ONLINE,VISTA,TERRITORY,RECOMPRA,ABANDONO
SYN04289,50.0,SP,REVENDEDOR,FINANCIAMENTO,MUSTANG,PRIMEIRA_COMPRA,FIEL
SYN04290,38.0,GO,REVENDEDOR,FINANCIAMENTO,BRONCO,PRIMEIRA_COMPRA,ECONOMICO
SYN04291,22.0,MG,REVENDEDOR,FINANCIAMENTO,TERRITORY,RECOMPRA,ESQUECIDO
SYN04292,32.0,MG,CONCESSIONARIA,VISTA,MAVERICK,PRIMEIRA_COMPRA,FIEL
SYN04293,62.0,BA,REVENDEDOR,VISTA,TERRITORY,RECOMPRA,ABANDONO
SYN04294,45.0,MG,REVENDEDOR,FINANCIAMENTO,BRONCO,PRIMEIRA_COMPRA,ESQUECIDO
SYN04295,50.0,GO,ONLINE,FINANCIAMENTO,MAVERICK,  recompra  ,ECONOMICO
SYN04296,40.0,BA,ONLINE,FINANCIAMENTO,TERRITORY,PRIMEIRA_COMPRA,ECONOMICO
SYN04297,35.0,MG,REVENDEDOR,FINANCIAMENTO,RANGER,PRIMEIRA_COMPRA,ABANDONO
SYN04298,67.0,MG,  concessionaria  ,FINANCIAMENTO,TERRITORY,RECOMPRA,ECONOMICO
SYN04299,41.0,PE,ONLINE,FINANCIAMENTO,RANGER,RECOMPRA,FIEL
SYN04300,38.0,PR,ONLINE,VISTA,TERRITORY,RECOMPRA,FIEL
SYN04301,59.0,GO,ONLINE,CONSORCIO,RANGER,PRIMEIRA_COMPRA,ESQUECIDO
SYN04302,34.0,MG,ONLINE,VISTA,BRONCO,RECOMPRA,ESQUECIDO
SYN04303,36.0,SP,CONCESSIONARIA,VISTA,BRONCO,PRIMEIRA_COMPRA,ECONOMICO
SYN04304,44.0,GO,  concessionaria  ,CONSORCIO,TERRITORY,PRIMEIRA_COMPRA,FIEL
SYN04305,44.0,RJ,CONCESSIONARIA,CONSORCIO,MAVERICK,PRIMEIRA_COMPRA,ECONOMICO
SYN04306,48.0,PE,ONLINE,FINANCIAMENTO,RANGER,PRIMEIRA_COMPRA,ECONOMICO
SYN04307,73.0,BA,ONLINE,FINANCIAMENTO,  ranger  ,RECOMPRA,ECONOMICO
SYN04308,49.0,RJ,REVENDEDOR,FINANCIAMENTO,,RECOMPRA,FIEL
SYN04309,18.0,PE,ONLINE,CONSORCIO,RANGER,PRIMEIRA_COMPRA,ABANDONO
SYN04310,49.0,SP,ONLINE,FINANCIAMENTO,MUSTANG,PRIMEIRA_COMPRA,ESQUECIDO
SYN04311,45.0,RS,CONCESSIONARIA,FINANCIAMENTO,TERRITORY,  primeira_compra  ,ECONOMICO
SYN04312,45.0,MG,ONLINE,VISTA,BRONCO,PRIMEIRA_COMPRA,ABANDONO
SYN04313,47.0,BA,REVENDEDOR,VISTA,TERRITORY,PRIMEIRA_COMPRA,ABANDONO
SYN04314,44.0,PR,ONLINE,VISTA,BRONCO,RECOMPRA,ECONOMICO
SYN04315,43.0,PR,REVENDEDOR,VISTA,RANGER,PRIMEIRA_COMPRA,ABANDONO
SYN04316,53.0,RS,REVENDEDOR,VISTA,MUSTANG,PRIMEIRA_COMPRA,ESQUECIDO
SYN04317,36.0,BA,CONCESSIONARIA,CONSORCIO,RANGER,RECOMPRA,ECONOMICO
SYN04318,31.0,RJ,ONLINE,FINANCIAMENTO,TERRITORY,PRIMEIRA_COMPRA,ABANDONO
SYN04319,86.0,BA,ONLINE,CONSORCIO,MUSTANG,PRIMEIRA_COMPRA,FIEL
SYN04320,34.0,SP,CONCESSIONARIA,VISTA,BRONCO,PRIMEIRA_COMPRA,FIEL
SYN04321,45.0,SP,CONCESSIONARIA,FINANCIAMENTO,MAVERICK,PRIMEIRA_COMPRA,ECONOMICO
SYN04322,23.0,BA,CONCESSIONARIA,CONSORCIO,RANGER,PRIMEIRA_COMPRA,FIEL
SYN04323,46.0,RJ,CONCESSIONARIA,CONSORCIO,TERRITORY,RECOMPRA,FIEL
SYN04324,31.0,PE,ONLINE,CONSORCIO,MAVERICK,PRIMEIRA_COMPRA,ABANDONO
SYN04325,38.0,RJ,CONCESSIONARIA,CONSORCIO,TERRITORY,RECOMPRA,ABANDONO
SYN04326,59.0,RJ,CONCESSIONARIA,FINANCIAMENTO,BRONCO,RECOMPRA,ECONOMICO
SYN04327,51.0,GO,ONLINE,FINANCIAMENTO,RANGER,RECOMPRA,ABANDONO
SYN04328,52.0,RJ,CONCESSIONARIA,FINANCIAMENTO,BRONCO,,ECONOMICO
SYN04329,19.0,GO,REVENDEDOR,CONSORCIO,TERRITORY,RECOMPRA,ECONOMICO
SYN04330,70.0,MG,CONCESSIONARIA,CONSORCIO,MUSTANG,RECOMPRA,ESQUECIDO
SYN04331,27.0,PE,CONCESSIONARIA,CONSORCIO,TERRITORY,PRIMEIRA_COMPRA,ESQUECIDO
SYN04332,65.0,GO,REVENDEDOR,CONSORCIO,MUSTANG,PRIMEIRA_COMPRA,FIEL
SYN04333,58.0,SP,REVENDEDOR,VISTA,MUSTANG,RECOMPRA,FIEL
SYN04334,52.0,MG,ONLINE,FINANCIAMENTO,MUSTANG,RECOMPRA,FIEL
SYN04335,32.0,PR,ONLINE,FINANCIAMENTO,MAVERICK,RECOMPRA,ABANDONO
SYN04336,46.0,PE,CONCESSIONARIA,FINANCIAMENTO,BRONCO,PRIMEIRA_COMPRA,ECONOMICO
SYN04337,37.0,RJ,ONLINE,VISTA,BRONCO,RECOMPRA,FIEL
SYN04338,44.0,RJ,CONCESSIONARIA,FINANCIAMENTO,RANGER,RECOMPRA,FIEL
SYN04339,41.0,MG,CONCESSIONARIA,CONSORCIO,RANGER,RECOMPRA,ESQUECIDO
SYN04340,18.0,RJ,CONCESSIONARIA,VISTA,TERRITORY,PRIMEIRA_COMPRA,ECONOMICO
SYN04341,60.0,MG,ONLINE,FINANCIAMENTO,MAVERICK,PRIMEIRA_COMPRA,ECONOMICO
SYN04342,43.0,RJ,CONCESSIONARIA,CONSORCIO,RANGER,PRIMEIRA_COMPRA,FIEL
SYN04343,37.0,PE,CONCESSIONARIA,VISTA,MUSTANG,PRIMEIRA_COMPRA,ABANDONO
SYN04344,36.0,PE,CONCESSIONARIA,VISTA,MUSTANG,PRIMEIRA_COMPRA,ABANDONO
SYN04345,49.0,RJ,ONLINE,FINANCIAMENTO,RANGER,PRIMEIRA_COMPRA,ECONOMICO
SYN04346,31.0,PR,CONCESSIONARIA,FINANCIAMENTO,RANGER,RECOMPRA,ECONOMICO
SYN04347,18.0,BA,ONLINE,FINANCIAMENTO,MUSTANG,PRIMEIRA_COMPRA,ECONOMICO
SYN04348,50.0,BA,CONCESSIONARIA,VISTA,RANGER,RECOMPRA,FIEL
SYN04349,51.0,GO,ONLINE,VISTA,RANGER,PRIMEIRA_COMPRA,ECONOMICO
SYN04350,41.0,BA,CONCESSIONARIA,CONSORCIO,RANGER,RECOMPRA,FIEL
SYN04351,28.0,BA,REVENDEDOR,CONSORCIO,MAVERICK,PRIMEIRA_COMPRA,FIEL
SYN04352,45.0,SP,CONCESSIONARIA,FINANCIAMENTO,RANGER,PRIMEIRA_COMPRA,ECONOMICO
SYN04353,23.0,SP,CONCESSIONARIA,CONSORCIO,RANGER,PRIMEIRA_COMPRA,ABANDONO
SYN04354,30.0,PR,CONCESSIONARIA,FINANCIAMENTO,TERRITORY,PRIMEIRA_COMPRA,ESQUECIDO
SYN04355,33.0,GO,CONCESSIONARIA,FINANCIAMENTO,MAVERICK,PRIMEIRA_COMPRA,ABANDONO
SYN04356,56.0,RS,CONCESSIONARIA,VISTA,MUSTANG,RECOMPRA,FIEL
SYN04357,39.0,BA,CONCESSIONARIA,CONSORCIO,TERRITORY,RECOMPRA,FIEL
SYN04358,38.0,RJ,REVENDEDOR,CONSORCIO,TERRITORY,PRIMEIRA_COMPRA,ECONOMICO
SYN04359,71.0,RS,ONLINE,CONSORCIO,BRONCO,RECOMPRA,FIEL
SYN04360,49.0,PE,CONCESSIONARIA,FINANCIAMENTO,BRONCO,,ECONOMICO
SYN04361,49.0,  ba  ,CONCESSIONARIA,FINANCIAMENTO,MAVERICK,PRIMEIRA_COMPRA,ECONOMICO
SYN04362,39.0,SP,CONCESSIONARIA,FINANCIAMENTO,TERRITORY,  primeira_compra  ,ECONOMICO
SYN04363,36.0,GO,CONCESSIONARIA,VISTA,MAVERICK,PRIMEIRA_COMPRA,ECONOMICO
SYN04364,18.0,,CONCESSIONARIA,FINANCIAMENTO,MUSTANG,PRIMEIRA_COMPRA,ECONOMICO
SYN04365,58.0,RS,CONCESSIONARIA,FINANCIAMENTO,MAVERICK,RECOMPRA,FIEL
SYN04366,50.0,MG,CONCESSIONARIA,FINANCIAMENTO,MAVERICK,PRIMEIRA_COMPRA,ECONOMICO
SYN04367,41.0,PR,REVENDEDOR,VISTA,RANGER,RECOMPRA,FIEL
SYN04368,42.0,PE,ONLINE,VISTA,MUSTANG,PRIMEIRA_COMPRA,FIEL
SYN04369,54.0,RS,REVENDEDOR,FINANCIAMENTO,MAVERICK,PRIMEIRA_COMPRA,ECONOMICO
SYN04370,22.0,  sp  ,CONCESSIONARIA,,MAVERICK,PRIMEIRA_COMPRA,FIEL
SYN04371,36.0,SP,REVENDEDOR,VISTA,RANGER,PRIMEIRA_COMPRA,ESQUECIDO
SYN04372,28.0,PE,CONCESSIONARIA,VISTA,BRONCO,PRIMEIRA_COMPRA,ECONOMICO
SYN04373,150.0,PE,CONCESSIONARIA,FINANCIAMENTO,MAVERICK,RECOMPRA,ESQUECIDO
SYN04374,56.0,PE,REVENDEDOR,FINANCIAMENTO,MAVERICK,RECOMPRA,FIEL
SYN04375,18.0,RJ,CONCESSIONARIA,CONSORCIO,RANGER,  primeira_compra  ,FIEL
SYN04376,23.0,RJ,CONCESSIONARIA,VISTA,RANGER,PRIMEIRA_COMPRA,ABANDONO
SYN04377,42.0,RS,REVENDEDOR,FINANCIAMENTO,  bronco  ,PRIMEIRA_COMPRA,FIEL
SYN04378,37.0,RJ,ONLINE,VISTA,MAVERICK,PRIMEIRA_COMPRA,ESQUECIDO
SYN04379,25.0,RS,ONLINE,VISTA,TERRITORY,RECOMPRA,ESQUECIDO
SYN04380,71.0,PR,CONCESSIONARIA,FINANCIAMENTO,MAVERICK,PRIMEIRA_COMPRA,ECONOMICO
SYN04381,48.0,MG,CONCESSIONARIA,FINANCIAMENTO,MUSTANG,RECOMPRA,ESQUECIDO
SYN04382,51.0,SP,REVENDEDOR,CONSORCIO,MUSTANG,  recompra  ,ABANDONO
SYN04383,34.0,RS,CONCESSIONARIA,VISTA,MAVERICK,PRIMEIRA_COMPRA,FIEL
SYN04384,54.0,BA,CONCESSIONARIA,FINANCIAMENTO,MAVERICK,RECOMPRA,ESQUECIDO
SYN04385,39.0,PR,CONCESSIONARIA,VISTA,RANGER,RECOMPRA,FIEL
SYN04386,40.0,MG,REVENDEDOR,FINANCIAMENTO,RANGER,PRIMEIRA_COMPRA,ABANDONO
SYN04387,53.0,MG,ONLINE,VISTA,MAVERICK,RECOMPRA,ABANDONO
SYN04388,21.0,PR,CONCESSIONARIA,FINANCIAMENTO,MUSTANG,PRIMEIRA_COMPRA,ABANDONO
SYN04389,66.0,RJ,REVENDEDOR,FINANCIAMENTO,RANGER,RECOMPRA,FIEL
SYN04390,47.0,PE,CONCESSIONARIA,FINANCIAMENTO,BRONCO,RECOMPRA,FIEL
SYN04391,62.0,PE,REVENDEDOR,CONSORCIO,TERRITORY,  recompra  ,FIEL
SYN04392,29.0,SP,CONCESSIONARIA,VISTA,RANGER,RECOMPRA,ABANDONO
SYN04393,31.0,GO,CONCESSIONARIA,CONSORCIO,TERRITORY,RECOMPRA,FIEL
SYN04394,28.0,SP,CONCESSIONARIA,FINANCIAMENTO,BRONCO,PRIMEIRA_COMPRA,ECONOMICO
SYN04395,48.0,RS,REVENDEDOR,VISTA,MAVERICK,RECOMPRA,FIEL
SYN04396,45.0,BA,REVENDEDOR,FINANCIAMENTO,MUSTANG,RECOMPRA,FIEL
SYN04397,37.0,MG,ONLINE,VISTA,MUSTANG,RECOMPRA,FIEL
SYN04398,30.0,RJ,CONCESSIONARIA,FINANCIAMENTO,RANGER,RECOMPRA,ECONOMICO
SYN04399,26.0,SP,CONCESSIONARIA,VISTA,MUSTANG,PRIMEIRA_COMPRA,ABANDONO
SYN04400,43.0,BA,CONCESSIONARIA,FINANCIAMENTO,BRONCO,PRIMEIRA_COMPRA,ECONOMICO
SYN04401,37.0,SP,CONCESSIONARIA,FINANCIAMENTO,RANGER,RECOMPRA,ECONOMICO
SYN04402,34.0,RS,CONCESSIONARIA,VISTA,MAVERICK,,FIEL
SYN04403,66.0,RS,ONLINE,FINANCIAMENTO,RANGER,RECOMPRA,FIEL
SYN04404,43.0,GO,ONLINE,FINANCIAMENTO,BRONCO,PRIMEIRA_COMPRA,ECONOMICO
SYN04405,62.0,GO,REVENDEDOR,CONSORCIO,MUSTANG,PRIMEIRA_COMPRA,ECONOMICO
SYN04406,37.0,PE,CONCESSIONARIA,FINANCIAMENTO,MUSTANG,PRIMEIRA_COMPRA,ABANDONO
SYN04407,47.0,BA,CONCESSIONARIA,VISTA,TERRITORY,PRIMEIRA_COMPRA,ECONOMICO
SYN04408,43.0,PR,ONLINE,CONSORCIO,RANGER,RECOMPRA,ABANDONO
SYN04409,20.0,MG,CONCESSIONARIA,VISTA,BRONCO,PRIMEIRA_COMPRA,ECONOMICO
SYN04410,64.0,RJ,ONLINE,FINANCIAMENTO,RANGER,,FIEL
SYN04411,42.0,GO,ONLINE,VISTA,MUSTANG,PRIMEIRA_COMPRA,ABANDONO
SYN04412,54.0,RS,CONCESSIONARIA,VISTA,TERRITORY,RECOMPRA,FIEL
SYN04413,33.0,RS,CONCESSIONARIA,FINANCIAMENTO,RANGER,PRIMEIRA_COMPRA,ECONOMICO
SYN04414,42.0,RJ,REVENDEDOR,VISTA,TERRITORY,PRIMEIRA_COMPRA,ABANDONO
SYN04415,,MG,ONLINE,CONSORCIO,TERRITORY,PRIMEIRA_COMPRA,ESQUECIDO
SYN04416,61.0,BA,ONLINE,FINANCIAMENTO,MAVERICK,PRIMEIRA_COMPRA,FIEL
SYN04417,48.0,RS,ONLINE,FINANCIAMENTO,MUSTANG,PRIMEIRA_COMPRA,FIEL
SYN04418,49.0,PR,ONLINE,VISTA,MAVERICK,RECOMPRA,FIEL
SYN04419,63.0,RJ,CONCESSIONARIA,FINANCIAMENTO,MAVERICK,PRIMEIRA_COMPRA,ECONOMICO
SYN04420,60.0,SP,REVENDEDOR,VISTA,TERRITORY,PRIMEIRA_COMPRA,ABANDONO
SYN04421,55.0,,REVENDEDOR,FINANCIAMENTO,MUSTANG,PRIMEIRA_COMPRA,ECONOMICO
SYN04422,24.0,RS,CONCESSIONARIA,FINANCIAMENTO,MUSTANG,PRIMEIRA_COMPRA,ECONOMICO
SYN04423,34.0,MG,CONCESSIONARIA,VISTA,MAVERICK,PRIMEIRA_COMPRA,ECONOMICO
SYN04424,30.0,MG,ONLINE,,MAVERICK,RECOMPRA,ESQUECIDO
SYN04425,54.0,BA,ONLINE,FINANCIAMENTO,TERRITORY,PRIMEIRA_COMPRA,ESQUECIDO
SYN04426,46.0,PR,CONCESSIONARIA,CONSORCIO,BRONCO,PRIMEIRA_COMPRA,ESQUECIDO
SYN04427,25.0,RS,ONLINE,FINANCIAMENTO,MUSTANG,,FIEL
SYN04428,41.0,GO,ONLINE,FINANCIAMENTO,BRONCO,RECOMPRA,ABANDONO
SYN04429,23.0,GO,ONLINE,VISTA,MAVERICK,PRIMEIRA_COMPRA,ECONOMICO
SYN04430,43.0,RJ,CONCESSIONARIA,FINANCIAMENTO,MUSTANG,PRIMEIRA_COMPRA,FIEL
SYN04431,21.0,BA,  concessionaria  ,VISTA,MUSTANG,RECOMPRA,FIEL
SYN04432,51.0,GO,CONCESSIONARIA,FINANCIAMENTO,TERRITORY,PRIMEIRA_COMPRA,ESQUECIDO
SYN04433,49.0,RS,REVENDEDOR,FINANCIAMENTO,BRONCO,RECOMPRA,ECONOMICO
SYN04434,71.0,SP,ONLINE,FINANCIAMENTO,TERRITORY,RECOMPRA,FIEL
SYN04435,56.0,RJ,CONCESSIONARIA,CONSORCIO,BRONCO,PRIMEIRA_COMPRA,ECONOMICO
SYN04436,38.0,BA,REVENDEDOR,CONSORCIO,MAVERICK,PRIMEIRA_COMPRA,ABANDONO
SYN04437,55.0,GO,CONCESSIONARIA,FINANCIAMENTO,TERRITORY,RECOMPRA,FIEL
SYN04438,24.0,RJ,ONLINE,FINANCIAMENTO,TERRITORY,PRIMEIRA_COMPRA,ECONOMICO
SYN04439,31.0,PR,CONCESSIONARIA,CONSORCIO,TERRITORY,PRIMEIRA_COMPRA,ABANDONO
SYN04440,49.0,RS,ONLINE,FINANCIAMENTO,MAVERICK,PRIMEIRA_COMPRA,ECONOMICO
SYN04441,18.0,MG,ONLINE,CONSORCIO,MUSTANG,PRIMEIRA_COMPRA,ECONOMICO
SYN04442,43.0,BA,ONLINE,VISTA,RANGER,RECOMPRA,FIEL
SYN04443,30.0,GO,CONCESSIONARIA,CONSORCIO,MUSTANG,RECOMPRA,FIEL
SYN04444,45.0,RJ,CONCESSIONARIA,FINANCIAMENTO,RANGER,PRIMEIRA_COMPRA,ECONOMICO
SYN04445,29.0,,CONCESSIONARIA,FINANCIAMENTO,BRONCO,PRIMEIRA_COMPRA,ECONOMICO
SYN04446,50.0,MG,REVENDEDOR,FINANCIAMENTO,RANGER,RECOMPRA,ECONOMICO
SYN04447,44.0,MG,CONCESSIONARIA,FINANCIAMENTO,MUSTANG,PRIMEIRA_COMPRA,ECONOMICO
SYN04448,64.0,BA,ONLINE,FINANCIAMENTO,MAVERICK,RECOMPRA,ABANDONO
SYN04449,44.0,PR,ONLINE,CONSORCIO,TERRITORY,PRIMEIRA_COMPRA,ESQUECIDO
SYN04450,33.0,SP,CONCESSIONARIA,FINANCIAMENTO,MAVERICK,PRIMEIRA_COMPRA,ECONOMICO
SYN04451,41.0,MG,CONCESSIONARIA,FINANCIAMENTO,MUSTANG,RECOMPRA,FIEL
SYN04452,25.0,BA,CONCESSIONARIA,FINANCIAMENTO,TERRITORY,PRIMEIRA_COMPRA,ESQUECIDO
SYN04453,50.0,RS,ONLINE,FINANCIAMENTO,MAVERICK,PRIMEIRA_COMPRA,ECONOMICO
SYN04454,,PR,REVENDEDOR,VISTA,TERRITORY,PRIMEIRA_COMPRA,ECONOMICO
SYN04455,79.0,MG,CONCESSIONARIA,FINANCIAMENTO,MAVERICK,PRIMEIRA_COMPRA,ECONOMICO
SYN04456,35.0,MG,,VISTA,BRONCO,PRIMEIRA_COMPRA,ECONOMICO
SYN04457,40.0,RJ,CONCESSIONARIA,CONSORCIO,MAVERICK,PRIMEIRA_COMPRA,FIEL
SYN04458,36.0,SP,CONCESSIONARIA,FINANCIAMENTO,MAVERICK,RECOMPRA,ABANDONO
SYN04459,47.0,SP,REVENDEDOR,VISTA,MAVERICK,PRIMEIRA_COMPRA,FIEL
SYN04460,49.0,PR,REVENDEDOR,FINANCIAMENTO,RANGER,PRIMEIRA_COMPRA,ECONOMICO
SYN04461,43.0,RJ,CONCESSIONARIA,FINANCIAMENTO,MUSTANG,RECOMPRA,ECONOMICO
SYN04462,59.0,PR,ONLINE,  consorcio  ,RANGER,RECOMPRA,ESQUECIDO
SYN04463,35.0,,REVENDEDOR,CONSORCIO,TERRITORY,PRIMEIRA_COMPRA,ECONOMICO
SYN04464,58.0,BA,ONLINE,FINANCIAMENTO,BRONCO,RECOMPRA,FIEL
SYN04465,52.0,PR,ONLINE,FINANCIAMENTO,MUSTANG,PRIMEIRA_COMPRA,ESQUECIDO
SYN04466,44.0,SP,CONCESSIONARIA,FINANCIAMENTO,MAVERICK,PRIMEIRA_COMPRA,ABANDONO
SYN04467,40.0,RS,CONCESSIONARIA,  vista  ,RANGER,PRIMEIRA_COMPRA,ABANDONO
SYN04468,78.0,GO,ONLINE,VISTA,TERRITORY,PRIMEIRA_COMPRA,FIEL
SYN04469,33.0,RS,ONLINE,FINANCIAMENTO,RANGER,PRIMEIRA_COMPRA,ECONOMICO
SYN04470,48.0,PE,CONCESSIONARIA,CONSORCIO,BRONCO,PRIMEIRA_COMPRA,ABANDONO
SYN04471,33.0,BA,CONCESSIONARIA,VISTA,MAVERICK,PRIMEIRA_COMPRA,ESQUECIDO
SYN04472,69.0,MG,CONCESSIONARIA,FINANCIAMENTO,MAVERICK,RECOMPRA,ECONOMICO
SYN04473,56.0,RJ,CONCESSIONARIA,CONSORCIO,MAVERICK,RECOMPRA,FIEL
SYN04474,35.0,SP,CONCESSIONARIA,VISTA,MAVERICK,RECOMPRA,FIEL
SYN04475,51.0,MG,CONCESSIONARIA,FINANCIAMENTO,MUSTANG,RECOMPRA,ECONOMICO
SYN04476,48.0,MG,CONCESSIONARIA,VISTA,MUSTANG,RECOMPRA,ECONOMICO
SYN04477,37.0,BA,REVENDEDOR,CONSORCIO,TERRITORY,PRIMEIRA_COMPRA,FIEL
SYN04478,55.0,PR,ONLINE,CONSORCIO,TERRITORY,PRIMEIRA_COMPRA,ESQUECIDO
SYN04479,49.0,RS,CONCESSIONARIA,FINANCIAMENTO,RANGER,PRIMEIRA_COMPRA,ESQUECIDO
SYN04480,47.0,BA,CONCESSIONARIA,VISTA,TERRITORY,PRIMEIRA_COMPRA,FIEL
SYN04481,43.0,PE,CONCESSIONARIA,CONSORCIO,BRONCO,PRIMEIRA_COMPRA,FIEL
SYN04482,50.0,BA,ONLINE,CONSORCIO,MAVERICK,,ESQUECIDO
SYN04483,47.0,GO,ONLINE,FINANCIAMENTO,MUSTANG,PRIMEIRA_COMPRA,ABANDONO
SYN04484,45.0,MG,ONLINE,VISTA,BRONCO,PRIMEIRA_COMPRA,ESQUECIDO
SYN04485,35.0,PE,ONLINE,CONSORCIO,MUSTANG,RECOMPRA,FIEL
SYN04486,,RS,CONCESSIONARIA,FINANCIAMENTO,BRONCO,PRIMEIRA_COMPRA,FIEL
SYN04487,29.0,RJ,CONCESSIONARIA,FINANCIAMENTO,MUSTANG,PRIMEIRA_COMPRA,ECONOMICO
SYN04488,50.0,RJ,CONCESSIONARIA,VISTA,MUSTANG,PRIMEIRA_COMPRA,FIEL
SYN04489,40.0,SP,CONCESSIONARIA,VISTA,BRONCO,PRIMEIRA_COMPRA,FIEL
SYN04490,69.0,GO,CONCESSIONARIA,VISTA,MUSTANG,RECOMPRA,FIEL
SYN04491,31.0,RJ,ONLINE,FINANCIAMENTO,MUSTANG,PRIMEIRA_COMPRA,ABANDONO
SYN04492,34.0,PE,CONCESSIONARIA,VISTA,TERRITORY,PRIMEIRA_COMPRA,ABANDONO
SYN04493,30.0,PE,ONLINE,FINANCIAMENTO,TERRITORY,RECOMPRA,ECONOMICO
SYN04494,49.0,RS,CONCESSIONARIA,CONSORCIO,RANGER,PRIMEIRA_COMPRA,ESQUECIDO
SYN04495,25.0,GO,CONCESSIONARIA,FINANCIAMENTO,MUSTANG,PRIMEIRA_COMPRA,FIEL
SYN04496,37.0,GO,ONLINE,FINANCIAMENTO,BRONCO,PRIMEIRA_COMPRA,FIEL
SYN04497,18.0,GO,  concessionaria  ,CONSORCIO,BRONCO,PRIMEIRA_COMPRA,ECONOMICO
SYN04498,47.0,RS,CONCESSIONARIA,VISTA,TERRITORY,PRIMEIRA_COMPRA,FIEL
SYN04499,37.0,MG,CONCESSIONARIA,FINANCIAMENTO,TERRITORY,PRIMEIRA_COMPRA,FIEL
SYN04500,23.0,SP,ONLINE,FINANCIAMENTO,,PRIMEIRA_COMPRA,FIEL
SYN04501,59.0,PE,CONCESSIONARIA,VISTA,BRONCO,PRIMEIRA_COMPRA,ECONOMICO
SYN04502,26.0,PE,REVENDEDOR,CONSORCIO,RANGER,PRIMEIRA_COMPRA,ECONOMICO
SYN04503,55.0,PR,REVENDEDOR,FINANCIAMENTO,MAVERICK,PRIMEIRA_COMPRA,ABANDONO
SYN04504,34.0,SP,REVENDEDOR,CONSORCIO,TERRITORY,PRIMEIRA_COMPRA,FIEL
SYN04505,66.0,PE,CONCESSIONARIA,FINANCIAMENTO,TERRITORY,PRIMEIRA_COMPRA,ECONOMICO
SYN04506,54.0,MG,ONLINE,VISTA,RANGER,PRIMEIRA_COMPRA,FIEL
SYN04507,30.0,PR,CONCESSIONARIA,FINANCIAMENTO,RANGER,PRIMEIRA_COMPRA,ESQUECIDO
SYN04508,31.0,BA,REVENDEDOR,FINANCIAMENTO,TERRITORY,PRIMEIRA_COMPRA,ECONOMICO
SYN04509,52.0,RJ,ONLINE,CONSORCIO,MAVERICK,RECOMPRA,FIEL
SYN04510,40.0,SP,CONCESSIONARIA,FINANCIAMENTO,MUSTANG,RECOMPRA,FIEL
SYN04511,42.0,SP,,CONSORCIO,MUSTANG,PRIMEIRA_COMPRA,ESQUECIDO
SYN04512,62.0,GO,REVENDEDOR,FINANCIAMENTO,TERRITORY,RECOMPRA,ESQUECIDO
SYN04513,34.0,GO,REVENDEDOR,FINANCIAMENTO,MAVERICK,PRIMEIRA_COMPRA,ESQUECIDO
SYN04514,45.0,RS,ONLINE,CONSORCIO,TERRITORY,PRIMEIRA_COMPRA,ABANDONO
SYN04515,57.0,  rs  ,CONCESSIONARIA,VISTA,RANGER,PRIMEIRA_COMPRA,ABANDONO
SYN04516,55.0,RS,ONLINE,FINANCIAMENTO,BRONCO,PRIMEIRA_COMPRA,ESQUECIDO
SYN04517,42.0,MG,REVENDEDOR,VISTA,MAVERICK,RECOMPRA,FIEL
SYN04518,40.0,PR,ONLINE,FINANCIAMENTO,MAVERICK,PRIMEIRA_COMPRA,ABANDONO
SYN04519,20.0,MG,CONCESSIONARIA,CONSORCIO,RANGER,PRIMEIRA_COMPRA,ABANDONO
SYN04520,250.0,PR,ONLINE,FINANCIAMENTO,MAVERICK,RECOMPRA,ABANDONO
SYN04521,48.0,RS,REVENDEDOR,VISTA,TERRITORY,PRIMEIRA_COMPRA,ABANDONO
SYN04522,42.0,BA,CONCESSIONARIA,FINANCIAMENTO,TERRITORY,PRIMEIRA_COMPRA,ECONOMICO
SYN04523,45.0,GO,CONCESSIONARIA,VISTA,RANGER,PRIMEIRA_COMPRA,ESQUECIDO
SYN04524,59.0,RJ,CONCESSIONARIA,CONSORCIO,TERRITORY,RECOMPRA,ECONOMICO
SYN04525,27.0,SP,CONCESSIONARIA,CONSORCIO,BRONCO,PRIMEIRA_COMPRA,ESQUECIDO
SYN04526,41.0,PR,ONLINE,FINANCIAMENTO,RANGER,RECOMPRA,ECONOMICO
SYN04527,47.0,SP,CONCESSIONARIA,FINANCIAMENTO,TERRITORY,PRIMEIRA_COMPRA,FIEL
SYN04528,34.0,RJ,ONLINE,  financiamento  ,BRONCO,RECOMPRA,ECONOMICO
SYN04529,64.0,PE,,CONSORCIO,RANGER,RECOMPRA,FIEL
SYN04530,57.0,RS,REVENDEDOR,FINANCIAMENTO,MUSTANG,RECOMPRA,ECONOMICO
SYN04531,48.0,PR,REVENDEDOR,VISTA,TERRITORY,PRIMEIRA_COMPRA,ECONOMICO
SYN04532,69.0,PE,ONLINE,FINANCIAMENTO,MAVERICK,PRIMEIRA_COMPRA,FIEL
SYN04533,23.0,RJ,ONLINE,CONSORCIO,MAVERICK,RECOMPRA,ECONOMICO
SYN04534,44.0,RS,CONCESSIONARIA,VISTA,MAVERICK,PRIMEIRA_COMPRA,ESQUECIDO
SYN04535,49.0,SP,REVENDEDOR,VISTA,TERRITORY,RECOMPRA,ESQUECIDO
SYN04536,31.0,RS,ONLINE,CONSORCIO,RANGER,RECOMPRA,FIEL
SYN04537,48.0,RJ,CONCESSIONARIA,CONSORCIO,RANGER,PRIMEIRA_COMPRA,ABANDONO
SYN04538,29.0,GO,REVENDEDOR,  vista  ,TERRITORY,PRIMEIRA_COMPRA,ECONOMICO
SYN04539,54.0,MG,CONCESSIONARIA,VISTA,BRONCO,PRIMEIRA_COMPRA,FIEL
SYN04540,59.0,RJ,ONLINE,VISTA,  maverick  ,RECOMPRA,FIEL
SYN04541,48.0,SP,CONCESSIONARIA,FINANCIAMENTO,MAVERICK,PRIMEIRA_COMPRA,FIEL
SYN04542,18.0,RJ,ONLINE,FINANCIAMENTO,MUSTANG,PRIMEIRA_COMPRA,ABANDONO
SYN04543,30.0,RJ,CONCESSIONARIA,VISTA,MUSTANG,RECOMPRA,ESQUECIDO
SYN04544,52.0,RJ,CONCESSIONARIA,VISTA,TERRITORY,PRIMEIRA_COMPRA,ECONOMICO
SYN04545,44.0,BA,CONCESSIONARIA,FINANCIAMENTO,BRONCO,PRIMEIRA_COMPRA,ECONOMICO
SYN04546,18.0,GO,REVENDEDOR,FINANCIAMENTO,MUSTANG,PRIMEIRA_COMPRA,ECONOMICO
SYN04547,61.0,PE,CONCESSIONARIA,VISTA,MAVERICK,PRIMEIRA_COMPRA,ESQUECIDO
SYN04548,46.0,GO,ONLINE,FINANCIAMENTO,BRONCO,PRIMEIRA_COMPRA,ECONOMICO
SYN04549,33.0,GO,ONLINE,VISTA,MUSTANG,RECOMPRA,ABANDONO
SYN04550,58.0,RS,REVENDEDOR,VISTA,RANGER,RECOMPRA,ABANDONO
SYN04551,35.0,RS,CONCESSIONARIA,FINANCIAMENTO,  maverick  ,RECOMPRA,ECONOMICO
SYN04552,34.0,BA,ONLINE,  financiamento  ,MUSTANG,RECOMPRA,ECONOMICO
SYN04553,49.0,MG,REVENDEDOR,FINANCIAMENTO,BRONCO,PRIMEIRA_COMPRA,ECONOMICO
SYN04554,69.0,PR,CONCESSIONARIA,FINANCIAMENTO,MAVERICK,PRIMEIRA_COMPRA,ESQUECIDO
SYN04555,67.0,GO,CONCESSIONARIA,VISTA,RANGER,PRIMEIRA_COMPRA,ABANDONO
SYN04556,49.0,RJ,REVENDEDOR,VISTA,MAVERICK,RECOMPRA,ABANDONO
SYN04557,50.0,PE,CONCESSIONARIA,CONSORCIO,TERRITORY,PRIMEIRA_COMPRA,ESQUECIDO
SYN04558,55.0,GO,CONCESSIONARIA,FINANCIAMENTO,MUSTANG,RECOMPRA,ABANDONO
SYN04559,26.0,PR,CONCESSIONARIA,VISTA,TERRITORY,PRIMEIRA_COMPRA,FIEL
SYN04560,53.0,MG,REVENDEDOR,FINANCIAMENTO,TERRITORY,RECOMPRA,FIEL
SYN04561,34.0,MG,REVENDEDOR,CONSORCIO,TERRITORY,PRIMEIRA_COMPRA,ABANDONO
SYN04562,48.0,RJ,ONLINE,FINANCIAMENTO,MAVERICK,RECOMPRA,FIEL
SYN04563,41.0,  mg  ,ONLINE,VISTA,MUSTANG,PRIMEIRA_COMPRA,ABANDONO
SYN04564,51.0,BA,CONCESSIONARIA,VISTA,TERRITORY,PRIMEIRA_COMPRA,FIEL
SYN04565,46.0,PR,CONCESSIONARIA,FINANCIAMENTO,  territory  ,RECOMPRA,FIEL
SYN04566,18.0,RJ,CONCESSIONARIA,CONSORCIO,MAVERICK,PRIMEIRA_COMPRA,ECONOMICO
SYN04567,47.0,PR,CONCESSIONARIA,FINANCIAMENTO,BRONCO,RECOMPRA,ABANDONO
SYN04568,53.0,PE,CONCESSIONARIA,FINANCIAMENTO,BRONCO,RECOMPRA,ECONOMICO
SYN04569,50.0,SP,ONLINE,VISTA,MUSTANG,RECOMPRA,FIEL
SYN04570,43.0,SP,CONCESSIONARIA,VISTA,BRONCO,PRIMEIRA_COMPRA,FIEL
SYN04571,67.0,GO,CONCESSIONARIA,FINANCIAMENTO,MAVERICK,PRIMEIRA_COMPRA,FIEL
SYN04572,48.0,BA,CONCESSIONARIA,FINANCIAMENTO,MUSTANG,PRIMEIRA_COMPRA,FIEL
SYN04573,50.0,PR,CONCESSIONARIA,FINANCIAMENTO,TERRITORY,PRIMEIRA_COMPRA,FIEL
SYN04574,59.0,GO,CONCESSIONARIA,CONSORCIO,MUSTANG,PRIMEIRA_COMPRA,ESQUECIDO
SYN04575,49.0,PR,CONCESSIONARIA,VISTA,MUSTANG,RECOMPRA,FIEL
SYN04576,31.0,PR,CONCESSIONARIA,FINANCIAMENTO,BRONCO,RECOMPRA,ECONOMICO
SYN04577,18.0,RJ,ONLINE,FINANCIAMENTO,TERRITORY,PRIMEIRA_COMPRA,ESQUECIDO
SYN04578,37.0,PE,ONLINE,CONSORCIO,RANGER,RECOMPRA,FIEL
SYN04579,55.0,,REVENDEDOR,,RANGER,PRIMEIRA_COMPRA,ECONOMICO
SYN04580,39.0,  mg  ,ONLINE,FINANCIAMENTO,MUSTANG,PRIMEIRA_COMPRA,ESQUECIDO
SYN04581,55.0,BA,ONLINE,VISTA,BRONCO,PRIMEIRA_COMPRA,ABANDONO
SYN04582,46.0,BA,REVENDEDOR,FINANCIAMENTO,MAVERICK,RECOMPRA,ESQUECIDO
SYN04583,62.0,SP,ONLINE,FINANCIAMENTO,TERRITORY,RECOMPRA,ESQUECIDO
SYN04584,40.0,RJ,  online  ,CONSORCIO,TERRITORY,PRIMEIRA_COMPRA,ESQUECIDO
SYN04585,51.0,PR,CONCESSIONARIA,CONSORCIO,MUSTANG,PRIMEIRA_COMPRA,ECONOMICO
SYN04586,51.0,  pr  ,CONCESSIONARIA,FINANCIAMENTO,MAVERICK,PRIMEIRA_COMPRA,ABANDONO
SYN04587,65.0,BA,CONCESSIONARIA,CONSORCIO,TERRITORY,PRIMEIRA_COMPRA,ABANDONO
SYN04588,20.0,MG,CONCESSIONARIA,VISTA,RANGER,PRIMEIRA_COMPRA,ECONOMICO
SYN04589,38.0,PE,ONLINE,VISTA,MUSTANG,RECOMPRA,ABANDONO
SYN04590,56.0,RS,CONCESSIONARIA,VISTA,RANGER,RECOMPRA,ECONOMICO
SYN04591,66.0,RJ,ONLINE,  vista  ,RANGER,PRIMEIRA_COMPRA,ESQUECIDO
SYN04592,47.0,SP,REVENDEDOR,CONSORCIO,TERRITORY,RECOMPRA,ABANDONO
SYN04593,40.0,GO,CONCESSIONARIA,FINANCIAMENTO,MUSTANG,RECOMPRA,ESQUECIDO
SYN04594,55.0,BA,CONCESSIONARIA,VISTA,MAVERICK,PRIMEIRA_COMPRA,ABANDONO
SYN04595,56.0,RS,CONCESSIONARIA,FINANCIAMENTO,RANGER,RECOMPRA,FIEL
SYN04596,39.0,RJ,CONCESSIONARIA,CONSORCIO,MUSTANG,PRIMEIRA_COMPRA,ABANDONO
SYN04597,49.0,SP,REVENDEDOR,FINANCIAMENTO,MUSTANG,  primeira_compra  ,ABANDONO
SYN04598,61.0,RJ,ONLINE,FINANCIAMENTO,MAVERICK,PRIMEIRA_COMPRA,ECONOMICO
SYN04599,70.0,SP,ONLINE,VISTA,  ranger  ,RECOMPRA,FIEL
SYN04600,54.0,PR,ONLINE,FINANCIAMENTO,RANGER,PRIMEIRA_COMPRA,ECONOMICO
SYN04601,45.0,RJ,ONLINE,FINANCIAMENTO,MUSTANG,PRIMEIRA_COMPRA,FIEL
SYN04602,43.0,RJ,ONLINE,FINANCIAMENTO,MUSTANG,PRIMEIRA_COMPRA,ESQUECIDO
SYN04603,52.0,MG,CONCESSIONARIA,VISTA,MUSTANG,,ABANDONO
SYN04604,42.0,BA,CONCESSIONARIA,FINANCIAMENTO,BRONCO,  primeira_compra  ,ESQUECIDO
SYN04605,47.0,RS,CONCESSIONARIA,FINANCIAMENTO,BRONCO,PRIMEIRA_COMPRA,FIEL
SYN04606,29.0,RJ,ONLINE,VISTA,RANGER,RECOMPRA,FIEL
SYN04607,62.0,BA,REVENDEDOR,CONSORCIO,  ranger  ,PRIMEIRA_COMPRA,ESQUECIDO
SYN04608,,RS,  online  ,VISTA,TERRITORY,PRIMEIRA_COMPRA,ABANDONO
SYN04609,38.0,RJ,ONLINE,FINANCIAMENTO,MAVERICK,RECOMPRA,ESQUECIDO
SYN04610,45.0,BA,REVENDEDOR,CONSORCIO,BRONCO,RECOMPRA,FIEL
SYN04611,72.0,GO,CONCESSIONARIA,CONSORCIO,MAVERICK,PRIMEIRA_COMPRA,FIEL
SYN04612,38.0,PR,CONCESSIONARIA,VISTA,BRONCO,PRIMEIRA_COMPRA,ECONOMICO
SYN04613,35.0,RJ,REVENDEDOR,VISTA,BRONCO,,FIEL
SYN04614,36.0,MG,REVENDEDOR,FINANCIAMENTO,MUSTANG,PRIMEIRA_COMPRA,ABANDONO
SYN04615,67.0,PR,ONLINE,VISTA,MAVERICK,RECOMPRA,ECONOMICO
SYN04616,18.0,GO,CONCESSIONARIA,VISTA,MUSTANG,PRIMEIRA_COMPRA,FIEL
SYN04617,30.0,GO,REVENDEDOR,FINANCIAMENTO,MUSTANG,PRIMEIRA_COMPRA,ABANDONO
SYN04618,82.0,GO,ONLINE,FINANCIAMENTO,MAVERICK,PRIMEIRA_COMPRA,ABANDONO
SYN04619,52.0,PE,ONLINE,FINANCIAMENTO,MUSTANG,PRIMEIRA_COMPRA,ESQUECIDO
SYN04620,29.0,PR,CONCESSIONARIA,VISTA,TERRITORY,PRIMEIRA_COMPRA,ESQUECIDO
SYN04621,,BA,ONLINE,FINANCIAMENTO,BRONCO,RECOMPRA,ESQUECIDO
SYN04622,45.0,BA,REVENDEDOR,VISTA,RANGER,PRIMEIRA_COMPRA,ECONOMICO
SYN04623,56.0,BA,REVENDEDOR,CONSORCIO,RANGER,,ABANDONO
SYN04624,70.0,BA,ONLINE,FINANCIAMENTO,RANGER,RECOMPRA,FIEL
SYN04625,49.0,RJ,ONLINE,FINANCIAMENTO,RANGER,PRIMEIRA_COMPRA,ECONOMICO
SYN04626,36.0,GO,ONLINE,FINANCIAMENTO,BRONCO,PRIMEIRA_COMPRA,FIEL
SYN04627,55.0,SP,ONLINE,FINANCIAMENTO,MAVERICK,PRIMEIRA_COMPRA,ECONOMICO
SYN04628,34.0,RS,CONCESSIONARIA,CONSORCIO,MUSTANG,PRIMEIRA_COMPRA,ECONOMICO
SYN04629,30.0,RS,CONCESSIONARIA,VISTA,MUSTANG,PRIMEIRA_COMPRA,ECONOMICO
SYN04630,19.0,GO,CONCESSIONARIA,CONSORCIO,,PRIMEIRA_COMPRA,FIEL
SYN04631,22.0,SP,ONLINE,CONSORCIO,BRONCO,RECOMPRA,ABANDONO
SYN04632,31.0,RS,CONCESSIONARIA,FINANCIAMENTO,BRONCO,RECOMPRA,ECONOMICO
SYN04633,28.0,MG,CONCESSIONARIA,VISTA,RANGER,PRIMEIRA_COMPRA,ABANDONO
SYN04634,48.0,SP,REVENDEDOR,FINANCIAMENTO,RANGER,PRIMEIRA_COMPRA,ECONOMICO
SYN04635,27.0,RJ,ONLINE,FINANCIAMENTO,TERRITORY,RECOMPRA,FIEL
SYN04636,18.0,,CONCESSIONARIA,FINANCIAMENTO,MUSTANG,PRIMEIRA_COMPRA,FIEL
SYN04637,29.0,GO,CONCESSIONARIA,FINANCIAMENTO,TERRITORY,PRIMEIRA_COMPRA,ECONOMICO
SYN04638,37.0,RS,ONLINE,VISTA,TERRITORY,RECOMPRA,ECONOMICO
SYN04639,36.0,GO,CONCESSIONARIA,VISTA,MUSTANG,PRIMEIRA_COMPRA,FIEL
SYN04640,65.0,BA,CONCESSIONARIA,FINANCIAMENTO,TERRITORY,RECOMPRA,FIEL
SYN04641,35.0,PE,CONCESSIONARIA,FINANCIAMENTO,MAVERICK,PRIMEIRA_COMPRA,ECONOMICO
SYN04642,56.0,PE,CONCESSIONARIA,VISTA,MUSTANG,RECOMPRA,FIEL
SYN04643,,BA,ONLINE,VISTA,RANGER,PRIMEIRA_COMPRA,ESQUECIDO
SYN04644,43.0,BA,CONCESSIONARIA,  vista  ,BRONCO,PRIMEIRA_COMPRA,ESQUECIDO
SYN04645,32.0,RJ,ONLINE,FINANCIAMENTO,TERRITORY,PRIMEIRA_COMPRA,ABANDONO
SYN04646,43.0,BA,CONCESSIONARIA,FINANCIAMENTO,RANGER,RECOMPRA,ECONOMICO
SYN04647,33.0,SP,CONCESSIONARIA,VISTA,RANGER,PRIMEIRA_COMPRA,FIEL
SYN04648,46.0,BA,CONCESSIONARIA,VISTA,MAVERICK,PRIMEIRA_COMPRA,FIEL
SYN04649,41.0,BA,REVENDEDOR,FINANCIAMENTO,MAVERICK,RECOMPRA,ECONOMICO
SYN04650,31.0,PE,CONCESSIONARIA,FINANCIAMENTO,BRONCO,PRIMEIRA_COMPRA,FIEL
SYN04651,58.0,BA,CONCESSIONARIA,FINANCIAMENTO,MAVERICK,PRIMEIRA_COMPRA,ABANDONO
SYN04652,50.0,MG,CONCESSIONARIA,VISTA,MAVERICK,PRIMEIRA_COMPRA,ESQUECIDO
SYN04653,38.0,MG,ONLINE,FINANCIAMENTO,RANGER,RECOMPRA,FIEL
SYN04654,46.0,PR,CONCESSIONARIA,VISTA,RANGER,PRIMEIRA_COMPRA,ABANDONO
SYN04655,43.0,RS,REVENDEDOR,CONSORCIO,TERRITORY,PRIMEIRA_COMPRA,ECONOMICO
SYN04656,32.0,MG,ONLINE,FINANCIAMENTO,BRONCO,RECOMPRA,FIEL
SYN04657,45.0,RS,ONLINE,FINANCIAMENTO,MUSTANG,PRIMEIRA_COMPRA,ESQUECIDO
SYN04658,35.0,PR,ONLINE,FINANCIAMENTO,MUSTANG,PRIMEIRA_COMPRA,FIEL
SYN04659,31.0,RJ,CONCESSIONARIA,FINANCIAMENTO,MUSTANG,PRIMEIRA_COMPRA,ECONOMICO
SYN04660,21.0,BA,REVENDEDOR,CONSORCIO,TERRITORY,PRIMEIRA_COMPRA,ABANDONO
SYN04661,39.0,MG,REVENDEDOR,  consorcio  ,BRONCO,PRIMEIRA_COMPRA,ECONOMICO
SYN04662,52.0,  mg  ,CONCESSIONARIA,FINANCIAMENTO,RANGER,PRIMEIRA_COMPRA,FIEL
SYN04663,34.0,RS,ONLINE,CONSORCIO,BRONCO,PRIMEIRA_COMPRA,ECONOMICO
SYN04664,150.0,SP,CONCESSIONARIA,  financiamento  ,RANGER,RECOMPRA,ECONOMICO
SYN04665,56.0,PR,ONLINE,VISTA,MUSTANG,PRIMEIRA_COMPRA,ESQUECIDO
SYN04666,62.0,BA,ONLINE,VISTA,BRONCO,PRIMEIRA_COMPRA,ESQUECIDO
SYN04667,55.0,GO,REVENDEDOR,FINANCIAMENTO,MAVERICK,PRIMEIRA_COMPRA,ABANDONO
SYN04668,70.0,MG,  concessionaria  ,VISTA,RANGER,RECOMPRA,FIEL
SYN04669,33.0,PR,ONLINE,VISTA,MUSTANG,RECOMPRA,FIEL
SYN04670,18.0,  pr  ,ONLINE,FINANCIAMENTO,BRONCO,RECOMPRA,FIEL
SYN04671,38.0,BA,CONCESSIONARIA,CONSORCIO,RANGER,RECOMPRA,FIEL
SYN04672,52.0,PR,ONLINE,FINANCIAMENTO,TERRITORY,RECOMPRA,ESQUECIDO
SYN04673,46.0,PE,ONLINE,FINANCIAMENTO,TERRITORY,RECOMPRA,ABANDONO
SYN04674,48.0,PE,ONLINE,CONSORCIO,RANGER,PRIMEIRA_COMPRA,ECONOMICO
SYN04675,62.0,SP,REVENDEDOR,FINANCIAMENTO,RANGER,PRIMEIRA_COMPRA,ECONOMICO
SYN04676,49.0,MG,CONCESSIONARIA,FINANCIAMENTO,MAVERICK,PRIMEIRA_COMPRA,ESQUECIDO
SYN04677,55.0,BA,CONCESSIONARIA,FINANCIAMENTO,MUSTANG,PRIMEIRA_COMPRA,ABANDONO
SYN04678,31.0,PR,CONCESSIONARIA,FINANCIAMENTO,MAVERICK,PRIMEIRA_COMPRA,ECONOMICO
SYN04679,29.0,RS,CONCESSIONARIA,FINANCIAMENTO,MAVERICK,PRIMEIRA_COMPRA,ESQUECIDO
SYN04680,67.0,RJ,CONCESSIONARIA,FINANCIAMENTO,RANGER,PRIMEIRA_COMPRA,FIEL
SYN04681,45.0,PR,REVENDEDOR,VISTA,RANGER,RECOMPRA,FIEL
SYN04682,35.0,BA,CONCESSIONARIA,FINANCIAMENTO,RANGER,PRIMEIRA_COMPRA,ECONOMICO
SYN04683,35.0,SP,ONLINE,CONSORCIO,MUSTANG,PRIMEIRA_COMPRA,ABANDONO
SYN04684,35.0,PR,CONCESSIONARIA,CONSORCIO,MAVERICK,RECOMPRA,FIEL
SYN04685,34.0,GO,CONCESSIONARIA,FINANCIAMENTO,MUSTANG,PRIMEIRA_COMPRA,FIEL
SYN04686,26.0,PR,REVENDEDOR,CONSORCIO,MUSTANG,PRIMEIRA_COMPRA,ABANDONO
SYN04687,23.0,GO,ONLINE,CONSORCIO,TERRITORY,PRIMEIRA_COMPRA,ABANDONO
SYN04688,41.0,MG,CONCESSIONARIA,CONSORCIO,BRONCO,PRIMEIRA_COMPRA,ECONOMICO
SYN04689,36.0,SP,REVENDEDOR,VISTA,MAVERICK,RECOMPRA,ABANDONO
SYN04690,60.0,BA,CONCESSIONARIA,FINANCIAMENTO,MAVERICK,PRIMEIRA_COMPRA,ABANDONO
SYN04691,48.0,RJ,CONCESSIONARIA,FINANCIAMENTO,MAVERICK,RECOMPRA,ECONOMICO
SYN04692,48.0,SP,CONCESSIONARIA,CONSORCIO,BRONCO,PRIMEIRA_COMPRA,ESQUECIDO
SYN04693,34.0,RJ,ONLINE,VISTA,RANGER,RECOMPRA,FIEL
SYN04694,42.0,GO,CONCESSIONARIA,CONSORCIO,MUSTANG,PRIMEIRA_COMPRA,ECONOMICO
SYN04695,49.0,PE,REVENDEDOR,VISTA,MAVERICK,PRIMEIRA_COMPRA,ESQUECIDO
SYN04696,54.0,MG,ONLINE,FINANCIAMENTO,MUSTANG,PRIMEIRA_COMPRA,ESQUECIDO
SYN04697,43.0,PR,CONCESSIONARIA,FINANCIAMENTO,TERRITORY,PRIMEIRA_COMPRA,FIEL
SYN04698,59.0,MG,REVENDEDOR,CONSORCIO,RANGER,RECOMPRA,ESQUECIDO
SYN04699,44.0,RJ,,FINANCIAMENTO,MUSTANG,RECOMPRA,FIEL
SYN04700,55.0,GO,  concessionaria  ,VISTA,MUSTANG,PRIMEIRA_COMPRA,ABANDONO
SYN04701,37.0,PE,CONCESSIONARIA,CONSORCIO,MUSTANG,RECOMPRA,ECONOMICO
SYN04702,19.0,MG,CONCESSIONARIA,FINANCIAMENTO,BRONCO,PRIMEIRA_COMPRA,ECONOMICO
SYN04703,48.0,MG,CONCESSIONARIA,FINANCIAMENTO,MUSTANG,RECOMPRA,ESQUECIDO
SYN04704,54.0,PE,CONCESSIONARIA,VISTA,TERRITORY,PRIMEIRA_COMPRA,FIEL
SYN04705,52.0,RS,ONLINE,CONSORCIO,MAVERICK,PRIMEIRA_COMPRA,ABANDONO
SYN04706,50.0,RS,CONCESSIONARIA,VISTA,BRONCO,PRIMEIRA_COMPRA,ECONOMICO
SYN04707,39.0,RS,CONCESSIONARIA,FINANCIAMENTO,RANGER,PRIMEIRA_COMPRA,ECONOMICO
SYN04708,33.0,RS,ONLINE,FINANCIAMENTO,MAVERICK,RECOMPRA,ECONOMICO
SYN04709,52.0,PR,CONCESSIONARIA,FINANCIAMENTO,TERRITORY,PRIMEIRA_COMPRA,FIEL
SYN04710,50.0,SP,ONLINE,FINANCIAMENTO,RANGER,PRIMEIRA_COMPRA,ECONOMICO
SYN04711,36.0,RS,,FINANCIAMENTO,MAVERICK,RECOMPRA,FIEL
SYN04712,60.0,RS,CONCESSIONARIA,CONSORCIO,MAVERICK,PRIMEIRA_COMPRA,ABANDONO
SYN04713,32.0,MG,CONCESSIONARIA,FINANCIAMENTO,TERRITORY,PRIMEIRA_COMPRA,ECONOMICO
SYN04714,36.0,MG,CONCESSIONARIA,CONSORCIO,MUSTANG,RECOMPRA,FIEL
SYN04715,67.0,RS,CONCESSIONARIA,CONSORCIO,MAVERICK,PRIMEIRA_COMPRA,ESQUECIDO
SYN04716,56.0,MG,ONLINE,VISTA,RANGER,RECOMPRA,FIEL
SYN04717,39.0,GO,ONLINE,VISTA,TERRITORY,PRIMEIRA_COMPRA,ECONOMICO
SYN04718,48.0,PR,ONLINE,FINANCIAMENTO,MUSTANG,PRIMEIRA_COMPRA,FIEL
SYN04719,46.0,PR,CONCESSIONARIA,VISTA,RANGER,PRIMEIRA_COMPRA,FIEL
SYN04720,18.0,MG,REVENDEDOR,FINANCIAMENTO,MUSTANG,PRIMEIRA_COMPRA,ECONOMICO
SYN04721,31.0,GO,CONCESSIONARIA,FINANCIAMENTO,BRONCO,PRIMEIRA_COMPRA,ECONOMICO
SYN04722,43.0,SP,REVENDEDOR,VISTA,MAVERICK,PRIMEIRA_COMPRA,ECONOMICO
SYN04723,39.0,PR,REVENDEDOR,FINANCIAMENTO,MAVERICK,RECOMPRA,FIEL
SYN04724,47.0,RJ,CONCESSIONARIA,FINANCIAMENTO,BRONCO,,ECONOMICO
SYN04725,60.0,PE,CONCESSIONARIA,VISTA,BRONCO,RECOMPRA,FIEL
SYN04726,39.0,RS,CONCESSIONARIA,FINANCIAMENTO,BRONCO,PRIMEIRA_COMPRA,ABANDONO
SYN04727,29.0,MG,REVENDEDOR,FINANCIAMENTO,MAVERICK,RECOMPRA,FIEL
SYN04728,49.0,SP,CONCESSIONARIA,FINANCIAMENTO,MAVERICK,PRIMEIRA_COMPRA,ABANDONO
SYN04729,39.0,PE,REVENDEDOR,FINANCIAMENTO,BRONCO,RECOMPRA,FIEL
SYN04730,42.0,RS,ONLINE,VISTA,BRONCO,PRIMEIRA_COMPRA,ABANDONO
SYN04731,40.0,MG,CONCESSIONARIA,VISTA,MAVERICK,PRIMEIRA_COMPRA,FIEL
SYN04732,75.0,PE,ONLINE,FINANCIAMENTO,MAVERICK,PRIMEIRA_COMPRA,ECONOMICO
SYN04733,18.0,SP,CONCESSIONARIA,VISTA,MAVERICK,RECOMPRA,FIEL
SYN04734,39.0,  rs  ,CONCESSIONARIA,CONSORCIO,BRONCO,RECOMPRA,ECONOMICO
SYN04735,44.0,RJ,REVENDEDOR,VISTA,BRONCO,RECOMPRA,ECONOMICO
SYN04736,33.0,RJ,CONCESSIONARIA,VISTA,BRONCO,PRIMEIRA_COMPRA,ABANDONO
SYN04737,57.0,SP,REVENDEDOR,VISTA,BRONCO,PRIMEIRA_COMPRA,ESQUECIDO
SYN04738,55.0,RJ,REVENDEDOR,CONSORCIO,RANGER,PRIMEIRA_COMPRA,ABANDONO
SYN04739,43.0,GO,CONCESSIONARIA,CONSORCIO,BRONCO,PRIMEIRA_COMPRA,FIEL
SYN04740,40.0,RS,ONLINE,FINANCIAMENTO,BRONCO,PRIMEIRA_COMPRA,ECONOMICO
SYN04741,42.0,GO,CONCESSIONARIA,FINANCIAMENTO,RANGER,RECOMPRA,ESQUECIDO
SYN04742,,MG,ONLINE,FINANCIAMENTO,MUSTANG,RECOMPRA,ABANDONO
SYN04743,43.0,PE,REVENDEDOR,VISTA,MAVERICK,PRIMEIRA_COMPRA,ECONOMICO
SYN04744,41.0,SP,REVENDEDOR,FINANCIAMENTO,RANGER,RECOMPRA,ECONOMICO
SYN04745,48.0,SP,REVENDEDOR,CONSORCIO,TERRITORY,PRIMEIRA_COMPRA,ABANDONO
SYN04746,55.0,SP,CONCESSIONARIA,FINANCIAMENTO,BRONCO,,FIEL
SYN04747,27.0,GO,,VISTA,MUSTANG,PRIMEIRA_COMPRA,ECONOMICO
SYN04748,29.0,BA,CONCESSIONARIA,FINANCIAMENTO,BRONCO,PRIMEIRA_COMPRA,ECONOMICO
SYN04749,20.0,BA,REVENDEDOR,FINANCIAMENTO,MUSTANG,PRIMEIRA_COMPRA,ECONOMICO
SYN04750,56.0,GO,CONCESSIONARIA,FINANCIAMENTO,RANGER,RECOMPRA,ECONOMICO
SYN04751,48.0,MG,CONCESSIONARIA,VISTA,BRONCO,RECOMPRA,FIEL
SYN04752,51.0,BA,CONCESSIONARIA,FINANCIAMENTO,MUSTANG,PRIMEIRA_COMPRA,FIEL
SYN04753,24.0,PR,CONCESSIONARIA,FINANCIAMENTO,MUSTANG,RECOMPRA,ECONOMICO
SYN04754,69.0,PR,CONCESSIONARIA,VISTA,TERRITORY,RECOMPRA,ABANDONO
SYN04755,35.0,BA,CONCESSIONARIA,CONSORCIO,MAVERICK,PRIMEIRA_COMPRA,ESQUECIDO
SYN04756,46.0,RS,REVENDEDOR,VISTA,RANGER,PRIMEIRA_COMPRA,ESQUECIDO
SYN04757,56.0,SP,,VISTA,RANGER,RECOMPRA,FIEL
SYN04758,30.0,SP,CONCESSIONARIA,FINANCIAMENTO,MUSTANG,PRIMEIRA_COMPRA,FIEL
SYN04759,36.0,PR,ONLINE,CONSORCIO,MAVERICK,PRIMEIRA_COMPRA,ESQUECIDO
SYN04760,47.0,PR,CONCESSIONARIA,FINANCIAMENTO,TERRITORY,RECOMPRA,FIEL
SYN04761,84.0,BA,ONLINE,CONSORCIO,MUSTANG,RECOMPRA,FIEL
SYN04762,48.0,PR,CONCESSIONARIA,CONSORCIO,MUSTANG,RECOMPRA,FIEL
SYN04763,66.0,RJ,ONLINE,  financiamento  ,RANGER,RECOMPRA,FIEL
SYN04764,61.0,MG,CONCESSIONARIA,FINANCIAMENTO,RANGER,PRIMEIRA_COMPRA,ECONOMICO
SYN04765,49.0,RS,CONCESSIONARIA,VISTA,TERRITORY,RECOMPRA,FIEL
SYN04766,30.0,GO,ONLINE,VISTA,MAVERICK,RECOMPRA,FIEL
SYN04767,59.0,PR,ONLINE,VISTA,BRONCO,PRIMEIRA_COMPRA,ESQUECIDO
SYN04768,23.0,BA,ONLINE,CONSORCIO,BRONCO,PRIMEIRA_COMPRA,ECONOMICO
SYN04769,66.0,BA,CONCESSIONARIA,VISTA,BRONCO,PRIMEIRA_COMPRA,ESQUECIDO
SYN04770,47.0,MG,  online  ,FINANCIAMENTO,BRONCO,  recompra  ,ECONOMICO
SYN04771,18.0,GO,ONLINE,VISTA,MAVERICK,RECOMPRA,ESQUECIDO
SYN04772,39.0,BA,CONCESSIONARIA,FINANCIAMENTO,RANGER,RECOMPRA,ECONOMICO
SYN04773,53.0,PE,CONCESSIONARIA,VISTA,BRONCO,PRIMEIRA_COMPRA,ABANDONO
SYN04774,41.0,BA,CONCESSIONARIA,CONSORCIO,TERRITORY,PRIMEIRA_COMPRA,ABANDONO
SYN04775,54.0,PR,CONCESSIONARIA,FINANCIAMENTO,MAVERICK,PRIMEIRA_COMPRA,ESQUECIDO
SYN04776,32.0,SP,CONCESSIONARIA,CONSORCIO,RANGER,RECOMPRA,ESQUECIDO
SYN04777,26.0,PR,CONCESSIONARIA,CONSORCIO,RANGER,PRIMEIRA_COMPRA,ESQUECIDO
SYN04778,43.0,RJ,  online  ,FINANCIAMENTO,BRONCO,RECOMPRA,ECONOMICO
SYN04779,44.0,PR,ONLINE,CONSORCIO,BRONCO,PRIMEIRA_COMPRA,ESQUECIDO
SYN04780,39.0,BA,ONLINE,VISTA,BRONCO,PRIMEIRA_COMPRA,ESQUECIDO
SYN04781,61.0,PR,ONLINE,FINANCIAMENTO,MUSTANG,PRIMEIRA_COMPRA,FIEL
SYN04782,32.0,MG,CONCESSIONARIA,FINANCIAMENTO,MAVERICK,RECOMPRA,FIEL
SYN04783,48.0,SP,REVENDEDOR,FINANCIAMENTO,TERRITORY,PRIMEIRA_COMPRA,ESQUECIDO
SYN04784,45.0,BA,ONLINE,VISTA,MAVERICK,RECOMPRA,FIEL
SYN04785,22.0,BA,ONLINE,FINANCIAMENTO,BRONCO,PRIMEIRA_COMPRA,ECONOMICO
SYN04786,26.0,RS,CONCESSIONARIA,FINANCIAMENTO,TERRITORY,PRIMEIRA_COMPRA,ABANDONO
SYN04787,44.0,BA,ONLINE,CONSORCIO,RANGER,PRIMEIRA_COMPRA,FIEL
SYN04788,72.0,PE,,VISTA,RANGER,PRIMEIRA_COMPRA,ESQUECIDO
SYN04789,52.0,PR,ONLINE,VISTA,TERRITORY,PRIMEIRA_COMPRA,FIEL
SYN04790,20.0,SP,ONLINE,CONSORCIO,MUSTANG,PRIMEIRA_COMPRA,ESQUECIDO
SYN04791,18.0,PE,REVENDEDOR,FINANCIAMENTO,BRONCO,,ABANDONO
SYN04792,54.0,RS,REVENDEDOR,FINANCIAMENTO,BRONCO,PRIMEIRA_COMPRA,FIEL
SYN04793,43.0,BA,ONLINE,VISTA,TERRITORY,PRIMEIRA_COMPRA,ESQUECIDO
SYN04794,60.0,GO,REVENDEDOR,FINANCIAMENTO,TERRITORY,PRIMEIRA_COMPRA,ABANDONO
SYN04795,32.0,MG,REVENDEDOR,FINANCIAMENTO,MAVERICK,RECOMPRA,ESQUECIDO
SYN04796,49.0,  pr  ,CONCESSIONARIA,VISTA,RANGER,PRIMEIRA_COMPRA,FIEL
SYN04797,56.0,  sp  ,ONLINE,FINANCIAMENTO,MAVERICK,PRIMEIRA_COMPRA,ESQUECIDO
SYN04798,38.0,,CONCESSIONARIA,VISTA,MUSTANG,PRIMEIRA_COMPRA,ABANDONO
SYN04799,38.0,SP,CONCESSIONARIA,VISTA,MUSTANG,PRIMEIRA_COMPRA,FIEL
SYN04800,44.0,PR,CONCESSIONARIA,VISTA,TERRITORY,PRIMEIRA_COMPRA,ESQUECIDO
SYN04801,0.0,MG,CONCESSIONARIA,FINANCIAMENTO,MUSTANG,PRIMEIRA_COMPRA,ESQUECIDO
SYN04802,44.0,SP,CONCESSIONARIA,FINANCIAMENTO,TERRITORY,PRIMEIRA_COMPRA,ECONOMICO
SYN04803,58.0,RS,CONCESSIONARIA,CONSORCIO,TERRITORY,RECOMPRA,ESQUECIDO
SYN04804,38.0,,CONCESSIONARIA,CONSORCIO,TERRITORY,RECOMPRA,ABANDONO
SYN04805,,RJ,ONLINE,FINANCIAMENTO,RANGER,PRIMEIRA_COMPRA,FIEL
SYN04806,72.0,MG,REVENDEDOR,FINANCIAMENTO,TERRITORY,PRIMEIRA_COMPRA,ECONOMICO
SYN04807,36.0,RJ,REVENDEDOR,VISTA,MUSTANG,PRIMEIRA_COMPRA,ABANDONO
SYN04808,36.0,SP,CONCESSIONARIA,FINANCIAMENTO,MAVERICK,PRIMEIRA_COMPRA,ECONOMICO
SYN04809,43.0,RJ,CONCESSIONARIA,FINANCIAMENTO,TERRITORY,RECOMPRA,ABANDONO
SYN04810,45.0,PR,  revendedor  ,FINANCIAMENTO,TERRITORY,PRIMEIRA_COMPRA,FIEL
SYN04811,39.0,PE,CONCESSIONARIA,FINANCIAMENTO,TERRITORY,PRIMEIRA_COMPRA,ECONOMICO
SYN04812,44.0,BA,REVENDEDOR,FINANCIAMENTO,RANGER,RECOMPRA,ECONOMICO
SYN04813,43.0,  pe  ,ONLINE,FINANCIAMENTO,RANGER,RECOMPRA,FIEL
SYN04814,46.0,BA,ONLINE,CONSORCIO,MUSTANG,PRIMEIRA_COMPRA,ESQUECIDO
SYN04815,18.0,RS,CONCESSIONARIA,FINANCIAMENTO,,RECOMPRA,ABANDONO
SYN04816,70.0,GO,CONCESSIONARIA,FINANCIAMENTO,MAVERICK,RECOMPRA,FIEL
SYN04817,42.0,RJ,ONLINE,FINANCIAMENTO,TERRITORY,RECOMPRA,ECONOMICO
SYN04818,52.0,BA,CONCESSIONARIA,CONSORCIO,MUSTANG,PRIMEIRA_COMPRA,FIEL
SYN04819,25.0,SP,REVENDEDOR,FINANCIAMENTO,RANGER,RECOMPRA,FIEL
SYN04820,37.0,PE,ONLINE,FINANCIAMENTO,MUSTANG,PRIMEIRA_COMPRA,ABANDONO
SYN04821,35.0,SP,CONCESSIONARIA,VISTA,BRONCO,PRIMEIRA_COMPRA,ECONOMICO
SYN04822,65.0,RJ,CONCESSIONARIA,VISTA,TERRITORY,PRIMEIRA_COMPRA,FIEL
SYN04823,36.0,RS,CONCESSIONARIA,CONSORCIO,MAVERICK,PRIMEIRA_COMPRA,ESQUECIDO
SYN04824,55.0,BA,CONCESSIONARIA,FINANCIAMENTO,BRONCO,PRIMEIRA_COMPRA,ECONOMICO
SYN04825,35.0,SP,ONLINE,FINANCIAMENTO,TERRITORY,PRIMEIRA_COMPRA,ECONOMICO
SYN04826,38.0,MG,ONLINE,FINANCIAMENTO,MAVERICK,PRIMEIRA_COMPRA,FIEL
SYN04827,41.0,MG,REVENDEDOR,VISTA,MAVERICK,RECOMPRA,FIEL
SYN04828,62.0,BA,CONCESSIONARIA,FINANCIAMENTO,MAVERICK,PRIMEIRA_COMPRA,ECONOMICO
SYN04829,18.0,GO,CONCESSIONARIA,FINANCIAMENTO,BRONCO,PRIMEIRA_COMPRA,ESQUECIDO
SYN04830,26.0,PR,REVENDEDOR,FINANCIAMENTO,TERRITORY,RECOMPRA,FIEL
SYN04831,18.0,PR,ONLINE,CONSORCIO,  bronco  ,PRIMEIRA_COMPRA,FIEL
SYN04832,29.0,MG,ONLINE,FINANCIAMENTO,MUSTANG,RECOMPRA,ECONOMICO
SYN04833,33.0,PE,ONLINE,FINANCIAMENTO,TERRITORY,PRIMEIRA_COMPRA,ECONOMICO
SYN04834,21.0,SP,REVENDEDOR,CONSORCIO,MUSTANG,PRIMEIRA_COMPRA,ABANDONO
SYN04835,34.0,RJ,CONCESSIONARIA,VISTA,RANGER,PRIMEIRA_COMPRA,ABANDONO
SYN04836,18.0,RJ,CONCESSIONARIA,VISTA,RANGER,PRIMEIRA_COMPRA,ESQUECIDO
SYN04837,30.0,MG,  online  ,VISTA,TERRITORY,PRIMEIRA_COMPRA,FIEL
SYN04838,61.0,RS,  concessionaria  ,FINANCIAMENTO,RANGER,PRIMEIRA_COMPRA,ECONOMICO
SYN04839,50.0,GO,  revendedor  ,CONSORCIO,MUSTANG,PRIMEIRA_COMPRA,ABANDONO
SYN04840,47.0,BA,,FINANCIAMENTO,TERRITORY,PRIMEIRA_COMPRA,FIEL
SYN04841,30.0,RS,CONCESSIONARIA,CONSORCIO,RANGER,RECOMPRA,FIEL
SYN04842,22.0,RJ,CONCESSIONARIA,FINANCIAMENTO,MAVERICK,PRIMEIRA_COMPRA,FIEL
SYN04843,28.0,BA,REVENDEDOR,VISTA,MUSTANG,RECOMPRA,FIEL
SYN04844,43.0,MG,ONLINE,VISTA,MUSTANG,RECOMPRA,ESQUECIDO
SYN04845,56.0,GO,CONCESSIONARIA,FINANCIAMENTO,,PRIMEIRA_COMPRA,ESQUECIDO
SYN04846,57.0,RS,CONCESSIONARIA,FINANCIAMENTO,MAVERICK,RECOMPRA,ESQUECIDO
SYN04847,53.0,PR,CONCESSIONARIA,VISTA,TERRITORY,RECOMPRA,FIEL
SYN04848,34.0,GO,CONCESSIONARIA,FINANCIAMENTO,MUSTANG,PRIMEIRA_COMPRA,ABANDONO
SYN04849,44.0,MG,ONLINE,CONSORCIO,MAVERICK,PRIMEIRA_COMPRA,ESQUECIDO
SYN04850,40.0,RS,CONCESSIONARIA,  financiamento  ,MAVERICK,PRIMEIRA_COMPRA,ECONOMICO
SYN04851,41.0,PR,CONCESSIONARIA,VISTA,MUSTANG,RECOMPRA,FIEL
SYN04852,73.0,MG,CONCESSIONARIA,VISTA,MUSTANG,PRIMEIRA_COMPRA,ECONOMICO
SYN04853,19.0,SP,ONLINE,FINANCIAMENTO,RANGER,PRIMEIRA_COMPRA,FIEL
SYN04854,41.0,MG,ONLINE,VISTA,MAVERICK,RECOMPRA,FIEL
SYN04855,61.0,SP,ONLINE,VISTA,RANGER,PRIMEIRA_COMPRA,FIEL
SYN04856,23.0,BA,ONLINE,VISTA,MUSTANG,PRIMEIRA_COMPRA,ESQUECIDO
SYN04857,35.0,SP,REVENDEDOR,VISTA,MAVERICK,PRIMEIRA_COMPRA,FIEL
SYN04858,37.0,MG,CONCESSIONARIA,  vista  ,RANGER,RECOMPRA,FIEL
SYN04859,41.0,GO,REVENDEDOR,FINANCIAMENTO,TERRITORY,PRIMEIRA_COMPRA,ABANDONO
SYN04860,22.0,  pr  ,ONLINE,FINANCIAMENTO,MUSTANG,PRIMEIRA_COMPRA,ABANDONO
SYN04861,52.0,BA,CONCESSIONARIA,FINANCIAMENTO,MAVERICK,PRIMEIRA_COMPRA,FIEL
SYN04862,53.0,BA,REVENDEDOR,VISTA,TERRITORY,PRIMEIRA_COMPRA,ESQUECIDO
SYN04863,51.0,MG,ONLINE,CONSORCIO,MUSTANG,RECOMPRA,ESQUECIDO
SYN04864,32.0,BA,ONLINE,FINANCIAMENTO,MAVERICK,PRIMEIRA_COMPRA,FIEL
SYN04865,45.0,RJ,CONCESSIONARIA,VISTA,RANGER,  primeira_compra  ,FIEL
SYN04866,31.0,BA,CONCESSIONARIA,FINANCIAMENTO,TERRITORY,RECOMPRA,FIEL
SYN04867,39.0,BA,REVENDEDOR,VISTA,MUSTANG,PRIMEIRA_COMPRA,ECONOMICO
SYN04868,74.0,GO,CONCESSIONARIA,VISTA,TERRITORY,PRIMEIRA_COMPRA,ECONOMICO
SYN04869,45.0,GO,CONCESSIONARIA,VISTA,RANGER,RECOMPRA,FIEL
SYN04870,27.0,SP,CONCESSIONARIA,VISTA,,RECOMPRA,ECONOMICO
SYN04871,47.0,MG,CONCESSIONARIA,VISTA,MUSTANG,PRIMEIRA_COMPRA,ABANDONO
SYN04872,25.0,PR,REVENDEDOR,FINANCIAMENTO,BRONCO,PRIMEIRA_COMPRA,ABANDONO
SYN04873,250.0,MG,ONLINE,VISTA,MUSTANG,PRIMEIRA_COMPRA,ECONOMICO
SYN04874,29.0,PR,REVENDEDOR,FINANCIAMENTO,RANGER,PRIMEIRA_COMPRA,ECONOMICO
SYN04875,38.0,PE,CONCESSIONARIA,CONSORCIO,MAVERICK,PRIMEIRA_COMPRA,ESQUECIDO
SYN04876,57.0,MG,CONCESSIONARIA,  vista  ,MAVERICK,PRIMEIRA_COMPRA,ESQUECIDO
SYN04877,52.0,GO,CONCESSIONARIA,FINANCIAMENTO,MUSTANG,PRIMEIRA_COMPRA,ECONOMICO
SYN04878,51.0,GO,CONCESSIONARIA,FINANCIAMENTO,BRONCO,PRIMEIRA_COMPRA,FIEL
SYN04879,29.0,GO,ONLINE,FINANCIAMENTO,MUSTANG,RECOMPRA,FIEL
SYN04880,36.0,SP,CONCESSIONARIA,CONSORCIO,RANGER,RECOMPRA,FIEL
SYN04881,48.0,MG,CONCESSIONARIA,FINANCIAMENTO,RANGER,RECOMPRA,ECONOMICO
SYN04882,35.0,SP,REVENDEDOR,VISTA,MAVERICK,PRIMEIRA_COMPRA,FIEL
SYN04883,40.0,SP,ONLINE,FINANCIAMENTO,RANGER,PRIMEIRA_COMPRA,FIEL
SYN04884,50.0,SP,CONCESSIONARIA,VISTA,MUSTANG,PRIMEIRA_COMPRA,ABANDONO
SYN04885,39.0,RS,ONLINE,  vista  ,RANGER,PRIMEIRA_COMPRA,FIEL
SYN04886,47.0,SP,ONLINE,FINANCIAMENTO,MAVERICK,RECOMPRA,ESQUECIDO
SYN04887,66.0,MG,REVENDEDOR,VISTA,BRONCO,  recompra  ,FIEL
SYN04888,42.0,GO,ONLINE,FINANCIAMENTO,MAVERICK,PRIMEIRA_COMPRA,ECONOMICO
SYN04889,61.0,GO,CONCESSIONARIA,CONSORCIO,MAVERICK,PRIMEIRA_COMPRA,ECONOMICO
SYN04890,52.0,GO,CONCESSIONARIA,FINANCIAMENTO,BRONCO,PRIMEIRA_COMPRA,ESQUECIDO
SYN04891,23.0,SP,CONCESSIONARIA,VISTA,BRONCO,RECOMPRA,ECONOMICO
SYN04892,29.0,BA,ONLINE,FINANCIAMENTO,BRONCO,PRIMEIRA_COMPRA,FIEL
SYN04893,32.0,BA,ONLINE,VISTA,MAVERICK,PRIMEIRA_COMPRA,ESQUECIDO
SYN04894,32.0,RJ,ONLINE,FINANCIAMENTO,MAVERICK,PRIMEIRA_COMPRA,ECONOMICO
SYN04895,43.0,GO,ONLINE,VISTA,BRONCO,RECOMPRA,FIEL
SYN04896,53.0,RS,CONCESSIONARIA,FINANCIAMENTO,TERRITORY,PRIMEIRA_COMPRA,FIEL
SYN04897,62.0,GO,CONCESSIONARIA,FINANCIAMENTO,RANGER,PRIMEIRA_COMPRA,ESQUECIDO
SYN04898,,SP,CONCESSIONARIA,CONSORCIO,MAVERICK,RECOMPRA,FIEL
SYN04899,38.0,BA,CONCESSIONARIA,FINANCIAMENTO,TERRITORY,  recompra  ,ESQUECIDO
SYN04900,18.0,RJ,ONLINE,FINANCIAMENTO,BRONCO,PRIMEIRA_COMPRA,ABANDONO
SYN04901,45.0,GO,REVENDEDOR,VISTA,MUSTANG,RECOMPRA,FIEL
SYN04902,44.0,PR,CONCESSIONARIA,FINANCIAMENTO,MAVERICK,PRIMEIRA_COMPRA,ECONOMICO
SYN04903,47.0,SP,ONLINE,  consorcio  ,TERRITORY,RECOMPRA,FIEL
SYN04904,73.0,RJ,CONCESSIONARIA,FINANCIAMENTO,BRONCO,PRIMEIRA_COMPRA,ECONOMICO
SYN04905,61.0,MG,ONLINE,CONSORCIO,TERRITORY,RECOMPRA,ESQUECIDO
SYN04906,55.0,SP,CONCESSIONARIA,CONSORCIO,MAVERICK,RECOMPRA,ABANDONO
SYN04907,31.0,SP,ONLINE,FINANCIAMENTO,RANGER,PRIMEIRA_COMPRA,ABANDONO
SYN04908,37.0,GO,CONCESSIONARIA,FINANCIAMENTO,  mustang  ,PRIMEIRA_COMPRA,ECONOMICO
SYN04909,43.0,GO,CONCESSIONARIA,VISTA,MUSTANG,RECOMPRA,ECONOMICO
SYN04910,33.0,PR,ONLINE,VISTA,TERRITORY,PRIMEIRA_COMPRA,ESQUECIDO
SYN04911,51.0,GO,CONCESSIONARIA,FINANCIAMENTO,TERRITORY,RECOMPRA,ESQUECIDO
SYN04912,49.0,BA,CONCESSIONARIA,FINANCIAMENTO,BRONCO,PRIMEIRA_COMPRA,ESQUECIDO
SYN04913,29.0,SP,CONCESSIONARIA,FINANCIAMENTO,MAVERICK,PRIMEIRA_COMPRA,FIEL
SYN04914,61.0,BA,REVENDEDOR,VISTA,MAVERICK,RECOMPRA,ECONOMICO
SYN04915,45.0,SP,CONCESSIONARIA,VISTA,RANGER,PRIMEIRA_COMPRA,FIEL
SYN04916,20.0,PE,ONLINE,FINANCIAMENTO,MAVERICK,RECOMPRA,ABANDONO
SYN04917,43.0,MG,REVENDEDOR,VISTA,RANGER,PRIMEIRA_COMPRA,ABANDONO
SYN04918,48.0,RJ,ONLINE,VISTA,TERRITORY,PRIMEIRA_COMPRA,ESQUECIDO
SYN04919,58.0,MG,CONCESSIONARIA,CONSORCIO,MAVERICK,PRIMEIRA_COMPRA,ESQUECIDO
SYN04920,39.0,BA,ONLINE,FINANCIAMENTO,MUSTANG,  primeira_compra  ,ECONOMICO
SYN04921,56.0,PE,CONCESSIONARIA,FINANCIAMENTO,MAVERICK,RECOMPRA,FIEL
SYN04922,47.0,PR,ONLINE,FINANCIAMENTO,RANGER,PRIMEIRA_COMPRA,ABANDONO
SYN04923,26.0,RJ,CONCESSIONARIA,VISTA,MAVERICK,PRIMEIRA_COMPRA,FIEL
SYN04924,24.0,GO,,FINANCIAMENTO,RANGER,RECOMPRA,ECONOMICO
SYN04925,60.0,PE,REVENDEDOR,FINANCIAMENTO,TERRITORY,PRIMEIRA_COMPRA,FIEL
SYN04926,61.0,RS,CONCESSIONARIA,  vista  ,RANGER,PRIMEIRA_COMPRA,ECONOMICO
SYN04927,49.0,PR,CONCESSIONARIA,VISTA,MUSTANG,RECOMPRA,FIEL
SYN04928,65.0,GO,CONCESSIONARIA,FINANCIAMENTO,TERRITORY,RECOMPRA,ECONOMICO
SYN04929,0.0,RS,ONLINE,FINANCIAMENTO,BRONCO,PRIMEIRA_COMPRA,ESQUECIDO
SYN04930,54.0,SP,CONCESSIONARIA,FINANCIAMENTO,MAVERICK,RECOMPRA,ECONOMICO
SYN04931,31.0,  rj  ,ONLINE,FINANCIAMENTO,MUSTANG,PRIMEIRA_COMPRA,ECONOMICO
SYN04932,68.0,PR,ONLINE,FINANCIAMENTO,MUSTANG,PRIMEIRA_COMPRA,ECONOMICO
SYN04933,52.0,GO,REVENDEDOR,FINANCIAMENTO,RANGER,PRIMEIRA_COMPRA,ECONOMICO
SYN04934,39.0,BA,CONCESSIONARIA,FINANCIAMENTO,TERRITORY,RECOMPRA,FIEL
SYN04935,35.0,PR,CONCESSIONARIA,CONSORCIO,BRONCO,PRIMEIRA_COMPRA,ECONOMICO
SYN04936,48.0,MG,CONCESSIONARIA,CONSORCIO,MAVERICK,RECOMPRA,ABANDONO
SYN04937,21.0,RS,ONLINE,FINANCIAMENTO,TERRITORY,PRIMEIRA_COMPRA,ABANDONO
SYN04938,54.0,SP,CONCESSIONARIA,VISTA,TERRITORY,PRIMEIRA_COMPRA,FIEL
SYN04939,31.0,MG,CONCESSIONARIA,FINANCIAMENTO,MAVERICK,RECOMPRA,ABANDONO
SYN04940,49.0,PR,CONCESSIONARIA,CONSORCIO,BRONCO,RECOMPRA,ECONOMICO
SYN04941,37.0,GO,ONLINE,CONSORCIO,MAVERICK,PRIMEIRA_COMPRA,ECONOMICO
SYN04942,40.0,GO,REVENDEDOR,VISTA,TERRITORY,PRIMEIRA_COMPRA,ABANDONO
SYN04943,33.0,PE,CONCESSIONARIA,VISTA,BRONCO,RECOMPRA,ABANDONO
SYN04944,42.0,SP,CONCESSIONARIA,FINANCIAMENTO,RANGER,PRIMEIRA_COMPRA,FIEL
SYN04945,70.0,PE,CONCESSIONARIA,FINANCIAMENTO,RANGER,PRIMEIRA_COMPRA,ABANDONO
SYN04946,63.0,RJ,  concessionaria  ,FINANCIAMENTO,RANGER,PRIMEIRA_COMPRA,ECONOMICO
SYN04947,49.0,PR,REVENDEDOR,FINANCIAMENTO,RANGER,RECOMPRA,FIEL
SYN04948,44.0,GO,CONCESSIONARIA,VISTA,TERRITORY,PRIMEIRA_COMPRA,ABANDONO
SYN04949,56.0,GO,ONLINE,FINANCIAMENTO,RANGER,PRIMEIRA_COMPRA,FIEL
SYN04950,60.0,BA,REVENDEDOR,FINANCIAMENTO,RANGER,PRIMEIRA_COMPRA,FIEL
SYN04951,32.0,MG,ONLINE,VISTA,MUSTANG,PRIMEIRA_COMPRA,FIEL
SYN04952,43.0,PR,CONCESSIONARIA,VISTA,MUSTANG,PRIMEIRA_COMPRA,FIEL
SYN04953,18.0,BA,ONLINE,VISTA,TERRITORY,PRIMEIRA_COMPRA,ABANDONO
SYN04954,60.0,PR,CONCESSIONARIA,VISTA,MUSTANG,PRIMEIRA_COMPRA,ECONOMICO
SYN04955,73.0,RS,CONCESSIONARIA,CONSORCIO,RANGER,PRIMEIRA_COMPRA,FIEL
SYN04956,45.0,RS,REVENDEDOR,FINANCIAMENTO,RANGER,PRIMEIRA_COMPRA,ECONOMICO
SYN04957,18.0,PR,CONCESSIONARIA,VISTA,TERRITORY,RECOMPRA,ESQUECIDO
SYN04958,53.0,,CONCESSIONARIA,FINANCIAMENTO,TERRITORY,PRIMEIRA_COMPRA,FIEL
SYN04959,31.0,GO,CONCESSIONARIA,FINANCIAMENTO,RANGER,PRIMEIRA_COMPRA,ABANDONO
SYN04960,35.0,SP,CONCESSIONARIA,CONSORCIO,MUSTANG,PRIMEIRA_COMPRA,FIEL
SYN04961,53.0,GO,ONLINE,FINANCIAMENTO,MUSTANG,PRIMEIRA_COMPRA,ECONOMICO
SYN04962,48.0,SP,ONLINE,FINANCIAMENTO,TERRITORY,RECOMPRA,ESQUECIDO
SYN04963,37.0,PR,ONLINE,FINANCIAMENTO,TERRITORY,RECOMPRA,FIEL
SYN04964,35.0,RS,CONCESSIONARIA,CONSORCIO,MAVERICK,RECOMPRA,FIEL
SYN04965,46.0,PR,CONCESSIONARIA,CONSORCIO,MUSTANG,PRIMEIRA_COMPRA,FIEL
SYN04966,38.0,RS,CONCESSIONARIA,FINANCIAMENTO,TERRITORY,RECOMPRA,ESQUECIDO
SYN04967,28.0,GO,ONLINE,VISTA,MAVERICK,PRIMEIRA_COMPRA,FIEL
SYN04968,39.0,SP,ONLINE,FINANCIAMENTO,  ranger  ,PRIMEIRA_COMPRA,ESQUECIDO
SYN04969,49.0,GO,ONLINE,VISTA,BRONCO,PRIMEIRA_COMPRA,ESQUECIDO
SYN04970,42.0,BA,REVENDEDOR,FINANCIAMENTO,MUSTANG,PRIMEIRA_COMPRA,ECONOMICO
SYN04971,24.0,PE,ONLINE,FINANCIAMENTO,BRONCO,PRIMEIRA_COMPRA,FIEL
SYN04972,58.0,RJ,CONCESSIONARIA,VISTA,MAVERICK,PRIMEIRA_COMPRA,ABANDONO
SYN04973,18.0,SP,ONLINE,CONSORCIO,MAVERICK,RECOMPRA,ABANDONO
SYN04974,38.0,RS,ONLINE,FINANCIAMENTO,MAVERICK,RECOMPRA,ECONOMICO
SYN04975,35.0,MG,REVENDEDOR,FINANCIAMENTO,MAVERICK,PRIMEIRA_COMPRA,ESQUECIDO
SYN04976,46.0,PE,CONCESSIONARIA,CONSORCIO,MUSTANG,PRIMEIRA_COMPRA,ABANDONO
SYN04977,52.0,GO,ONLINE,FINANCIAMENTO,RANGER,PRIMEIRA_COMPRA,FIEL
SYN04978,60.0,  rs  ,CONCESSIONARIA,FINANCIAMENTO,MUSTANG,,ESQUECIDO
SYN04979,34.0,PE,ONLINE,VISTA,MUSTANG,PRIMEIRA_COMPRA,ESQUECIDO
SYN04980,52.0,SP,REVENDEDOR,FINANCIAMENTO,MUSTANG,PRIMEIRA_COMPRA,ECONOMICO
SYN04981,47.0,BA,REVENDEDOR,FINANCIAMENTO,TERRITORY,PRIMEIRA_COMPRA,ECONOMICO
SYN04982,20.0,SP,CONCESSIONARIA,FINANCIAMENTO,BRONCO,PRIMEIRA_COMPRA,ECONOMICO
SYN04983,71.0,BA,CONCESSIONARIA,FINANCIAMENTO,TERRITORY,PRIMEIRA_COMPRA,ECONOMICO
SYN04984,24.0,RS,ONLINE,VISTA,MUSTANG,RECOMPRA,FIEL
SYN04985,50.0,RS,ONLINE,CONSORCIO,BRONCO,RECOMPRA,FIEL
SYN04986,49.0,,REVENDEDOR,FINANCIAMENTO,TERRITORY,RECOMPRA,ECONOMICO
SYN04987,48.0,RS,CONCESSIONARIA,VISTA,MAVERICK,PRIMEIRA_COMPRA,ESQUECIDO
SYN04988,37.0,PE,REVENDEDOR,FINANCIAMENTO,RANGER,PRIMEIRA_COMPRA,ECONOMICO
SYN04989,56.0,PE,ONLINE,FINANCIAMENTO,TERRITORY,RECOMPRA,ABANDONO
SYN04990,22.0,MG,CONCESSIONARIA,VISTA,TERRITORY,PRIMEIRA_COMPRA,ECONOMICO
SYN04991,43.0,MG,CONCESSIONARIA,FINANCIAMENTO,TERRITORY,PRIMEIRA_COMPRA,FIEL
SYN04992,36.0,PR,ONLINE,VISTA,BRONCO,RECOMPRA,ABANDONO
SYN04993,35.0,BA,  concessionaria  ,FINANCIAMENTO,RANGER,PRIMEIRA_COMPRA,ECONOMICO
SYN04994,50.0,RJ,ONLINE,VISTA,MUSTANG,PRIMEIRA_COMPRA,FIEL
SYN04995,59.0,BA,ONLINE,CONSORCIO,BRONCO,PRIMEIRA_COMPRA,FIEL
SYN04996,39.0,GO,CONCESSIONARIA,FINANCIAMENTO,TERRITORY,PRIMEIRA_COMPRA,FIEL
SYN04997,55.0,PE,CONCESSIONARIA,CONSORCIO,RANGER,PRIMEIRA_COMPRA,FIEL
SYN04998,45.0,PR,REVENDEDOR,FINANCIAMENTO,MUSTANG,PRIMEIRA_COMPRA,ECONOMICO
SYN04999,32.0,MG,ONLINE,FINANCIAMENTO,MUSTANG,PRIMEIRA_COMPRA,ECONOMICO
SYN01501,35.0,MG,REVENDEDOR,FINANCIAMENTO,TERRITORY,PRIMEIRA_COMPRA,ECONOMICO
SYN02586,45.0,PR,CONCESSIONARIA,CONSORCIO,RANGER,PRIMEIRA_COMPRA,ESQUECIDO
SYN02653,32.0,RS,CONCESSIONARIA,VISTA,TERRITORY,PRIMEIRA_COMPRA,ABANDONO
SYN01055,65.0,RS,ONLINE,FINANCIAMENTO,MUSTANG,PRIMEIRA_COMPRA,ECONOMICO
SYN00705,30.0,RJ,ONLINE,CONSORCIO,MUSTANG,RECOMPRA,FIEL
SYN00106,31.0,BA,CONCESSIONARIA,VISTA,MUSTANG,RECOMPRA,ABANDONO
SYN00589,67.0,,CONCESSIONARIA,VISTA,BRONCO,RECOMPRA,ECONOMICO
SYN02468,53.0,GO,  concessionaria  ,VISTA,RANGER,PRIMEIRA_COMPRA,FIEL
SYN02413,24.0,PR,REVENDEDOR,CONSORCIO,  bronco  ,RECOMPRA,ESQUECIDO
SYN01600,43.0,BA,CONCESSIONARIA,FINANCIAMENTO,TERRITORY,PRIMEIRA_COMPRA,FIEL
SYN02464,34.0,RS,REVENDEDOR,CONSORCIO,  bronco  ,PRIMEIRA_COMPRA,ESQUECIDO
SYN00228,32.0,PR,ONLINE,VISTA,BRONCO,PRIMEIRA_COMPRA,ECONOMICO
SYN00915,60.0,PE,CONCESSIONARIA,VISTA,TERRITORY,PRIMEIRA_COMPRA,FIEL
SYN00794,19.0,RS,REVENDEDOR,FINANCIAMENTO,BRONCO,PRIMEIRA_COMPRA,FIEL
SYN03021,65.0,SP,ONLINE,FINANCIAMENTO,MUSTANG,PRIMEIRA_COMPRA,ESQUECIDO
SYN03543,50.0,SP,REVENDEDOR,FINANCIAMENTO,BRONCO,PRIMEIRA_COMPRA,ECONOMICO
SYN01073,22.0,PE,ONLINE,FINANCIAMENTO,MAVERICK,PRIMEIRA_COMPRA,ECONOMICO
SYN03351,50.0,PE,REVENDEDOR,VISTA,TERRITORY,RECOMPRA,ECONOMICO
SYN01744,53.0,RS,CONCESSIONARIA,VISTA,RANGER,PRIMEIRA_COMPRA,ESQUECIDO
SYN01084,46.0,RJ,CONCESSIONARIA,VISTA,MAVERICK,PRIMEIRA_COMPRA,FIEL
SYN00926,42.0,BA,ONLINE,FINANCIAMENTO,RANGER,PRIMEIRA_COMPRA,ECONOMICO
SYN03049,64.0,SP,CONCESSIONARIA,CONSORCIO,MUSTANG,PRIMEIRA_COMPRA,ABANDONO
SYN01117,39.0,MG,ONLINE,CONSORCIO,MUSTANG,PRIMEIRA_COMPRA,ABANDONO
SYN00642,73.0,RJ,REVENDEDOR,FINANCIAMENTO,RANGER,RECOMPRA,FIEL
SYN04767,59.0,PR,ONLINE,VISTA,BRONCO,PRIMEIRA_COMPRA,ESQUECIDO
SYN00501,57.0,GO,ONLINE,FINANCIAMENTO,MUSTANG,PRIMEIRA_COMPRA,FIEL
SYN04066,-5.0,GO,CONCESSIONARIA,FINANCIAMENTO,RANGER,RECOMPRA,FIEL
SYN00333,30.0,PR,REVENDEDOR,CONSORCIO,RANGER,PRIMEIRA_COMPRA,FIEL
SYN04684,35.0,PR,CONCESSIONARIA,CONSORCIO,MAVERICK,RECOMPRA,FIEL
SYN00486,33.0,RS,REVENDEDOR,FINANCIAMENTO,MAVERICK,PRIMEIRA_COMPRA,ECONOMICO
SYN01962,40.0,PR,REVENDEDOR,VISTA,TERRITORY,PRIMEIRA_COMPRA,FIEL
SYN00393,50.0,GO,CONCESSIONARIA,FINANCIAMENTO,TERRITORY,RECOMPRA,FIEL
SYN04842,22.0,RJ,CONCESSIONARIA,FINANCIAMENTO,MAVERICK,PRIMEIRA_COMPRA,FIEL
SYN04866,31.0,BA,CONCESSIONARIA,FINANCIAMENTO,TERRITORY,RECOMPRA,FIEL
SYN01755,53.0,PE,REVENDEDOR,FINANCIAMENTO,MUSTANG,RECOMPRA,ECONOMICO
SYN02515,36.0,MG,ONLINE,FINANCIAMENTO,BRONCO,PRIMEIRA_COMPRA,ABANDONO
SYN03585,72.0,BA,ONLINE,CONSORCIO,BRONCO,PRIMEIRA_COMPRA,ECONOMICO
SYN04315,43.0,PR,REVENDEDOR,VISTA,RANGER,PRIMEIRA_COMPRA,ABANDONO
SYN04966,38.0,RS,CONCESSIONARIA,FINANCIAMENTO,TERRITORY,RECOMPRA,ESQUECIDO
SYN02099,66.0,GO,ONLINE,CONSORCIO,MUSTANG,PRIMEIRA_COMPRA,FIEL
SYN03599,64.0,PE,CONCESSIONARIA,FINANCIAMENTO,MUSTANG,PRIMEIRA_COMPRA,ESQUECIDO
SYN04121,54.0,RS,REVENDEDOR,CONSORCIO,MUSTANG,PRIMEIRA_COMPRA,FIEL
SYN00029,50.0,,REVENDEDOR,FINANCIAMENTO,MAVERICK,PRIMEIRA_COMPRA,ABANDONO
SYN00065,55.0,RJ,CONCESSIONARIA,VISTA,MUSTANG,PRIMEIRA_COMPRA,FIEL
SYN00838,70.0,SP,ONLINE,FINANCIAMENTO,MUSTANG,RECOMPRA,FIEL
SYN03906,22.0,RJ,ONLINE,FINANCIAMENTO,MUSTANG,PRIMEIRA_COMPRA,ABANDONO
SYN03773,52.0,SP,REVENDEDOR,FINANCIAMENTO,MAVERICK,PRIMEIRA_COMPRA,ECONOMICO
SYN04635,27.0,RJ,ONLINE,FINANCIAMENTO,TERRITORY,RECOMPRA,FIEL
SYN03161,52.0,PR,CONCESSIONARIA,FINANCIAMENTO,BRONCO,PRIMEIRA_COMPRA,FIEL
SYN02659,50.0,MG,ONLINE,CONSORCIO,MUSTANG,PRIMEIRA_COMPRA,FIEL
